url,channel,start,end,pipeline,reporter,completed
https://www.youtube.com/watch?v=QgKPn7DZrgQ,TRT Haber,,,1,,1
https://www.youtube.com/watch?v=VNt0zif5GYk,CNN Türk,00:00:00,00:00:16,1,,1
https://www.youtube.com/watch?v=A4qgy-_ucUY,CNN Türk,00:00:00,00:00:15,1,,1
https://youtube.com/shorts/aL2A_uyv2SE?si=zud8hlJyzNQBNEKA,HALK TV,00:00:00,00:00:39,1,,1
https://youtube.com/shorts/bGJm0ACw0ts?si=wZDZRbO6HtCH1YK7,HALK TV,00:00:00,00:00:16,1,,1
https://youtu.be/yLELC9qj9yg?si=YoUjd1jED3zzR9rW,NTV,00:00:00,00:00:27,1,,1
https://youtu.be/yLELC9qj9yg?si=YoUjd1jED3zzR9rW,NTV,00:02:07,00:02:29,1,,1
https://youtu.be/Vp-_HqamJG0?si=k64bseEwFPYVF3QH,NTV,00:00:00,00:00:04,1,,1
https://youtu.be/uaBe-qSypWE,Fatih Portakal TV,,,2,fatih_portakal,1
https://youtu.be/XCnLul78uIM,Fatih Portakal TV,,,2,fatih_portakal,1
https://youtu.be/wwGqE3KhmsM,Fatih Portakal TV,,,2,fatih_portakal,1
https://youtu.be/P6JcAuHPGG4,Fatih Portakal TV,,,2,fatih_portakal,1
https://youtu.be/zMz2mp3hh3s,Fatih Portakal TV,,,2,fatih_portakal,1
https://youtu.be/qKyiZxAagQ0,Fatih Portakal TV,,,2,fatih_portakal,1
https://youtu.be/Qw6Pw4mEpW0,Fatih Portakal TV,,,2,fatih_portakal,1
https://youtu.be/9MI0WLgh7Tk,Fatih Portakal TV,,,2,fatih_portakal,1
https://youtu.be/ziZA76sl_pg,Fatih Portakal TV,,,2,fatih_portakal,1
https://youtu.be/u36ooZmLChQ,Fatih Portakal TV,,,2,fatih_portakal,1
https://youtu.be/Gt2JnsBDF60,Fatih Portakal TV,,,2,fatih_portakal,1
https://youtu.be/rxVprYbdL0I,Fatih Portakal TV,,,2,fatih_portakal,1
https://youtu.be/Js2AUO7jCKI,Fatih Portakal TV,,,2,fatih_portakal,1
https://youtu.be/zeNSAzULk8A,Fatih Portakal TV,,,2,fatih_portakal,1
https://youtu.be/Ro6gjWAxY-8,Fatih Portakal TV,,,2,fatih_portakal,1
https://youtu.be/5nq5tg8lkM0,Fatih Portakal TV,,,2,fatih_portakal,1
https://youtu.be/XRjz9iB6tEo,Fatih Portakal TV,,,2,fatih_portakal,1
https://youtu.be/QnDwMHOBans,Fatih Portakal TV,,,2,fatih_portakal,1
https://youtu.be/AaXpHwQ3akk,Fatih Portakal TV,,,2,fatih_portakal,1
https://youtu.be/KqA4_yQ9KSw,Fatih Portakal TV,,,2,fatih_portakal,1
https://youtu.be/P0VN-HxYcGw,Fatih Portakal TV,,,2,fatih_portakal,1
https://youtu.be/3v4MO3pwRSQ,Fatih Portakal TV,,,2,fatih_portakal,1
https://youtu.be/rpZh3k0OSpw,Fatih Portakal TV,,,2,fatih_portakal,1
https://youtu.be/fWMXQ3d3DJk,Fatih Portakal TV,,,2,fatih_portakal,1
https://youtu.be/rKxKVyejNUE,Fatih Portakal TV,,,2,fatih_portakal,1
https://youtu.be/cHT73qLrVtA,Fatih Portakal TV,,,2,fatih_portakal,1
https://youtu.be/bX-j9KDJ-0w,Fatih Portakal TV,,,2,fatih_portakal,1
https://youtu.be/DnlNtrr80Kc,Fatih Portakal TV,,,2,fatih_portakal,1
https://youtu.be/W7mLo-zEHM4,Fatih Portakal TV,,,2,fatih_portakal,1
https://youtu.be/YrgIaE9E_js,Fatih Portakal TV,,,2,fatih_portakal,1
https://youtu.be/dFqgcUgwHXA,Fatih Portakal TV,,,2,fatih_portakal,1
https://youtu.be/Jo3KOqmefis,Fatih Portakal TV,,,2,fatih_portakal,1
https://youtu.be/cCa2RK6NJTQ,Fatih Portakal TV,,,2,fatih_portakal,1
https://youtu.be/RUNVeGe-y7k,Fatih Portakal TV,,,2,fatih_portakal,1
https://youtu.be/H7qDlPfrGzc,Fatih Portakal TV,,,2,fatih_portakal,1
https://youtu.be/JgtIZnZjxao,Fatih Portakal TV,,,2,fatih_portakal,1
https://youtu.be/IF0R9VHSnEM,Fatih Portakal TV,,,2,fatih_portakal,1
https://youtu.be/puXjSXk2cRE,Fatih Portakal TV,,,2,fatih_portakal,1
https://youtu.be/WnAVifLvBsw,Fatih Portakal TV,,,2,fatih_portakal,1
https://youtu.be/5aTKCeuL5AY,Fatih Portakal TV,,,2,fatih_portakal,1
https://youtu.be/-Thg3dSRWg0,Fatih Portakal TV,,,2,fatih_portakal,1
https://youtu.be/T6uNO1-yHzQ,Fatih Portakal TV,,,2,fatih_portakal,1
https://youtu.be/H-3SGKxtihs,Fatih Portakal TV,,,2,fatih_portakal,1
https://youtu.be/v9gu9GTlyco,Fatih Portakal TV,,,2,fatih_portakal,1
https://youtu.be/fKvIjaKNSs0,Fatih Portakal TV,,,2,fatih_portakal,1
https://youtu.be/-V6if9LsB1c,Fatih Portakal TV,,,2,fatih_portakal,1
https://youtu.be/-omJy0e1sGs,Fatih Portakal TV,,,2,fatih_portakal,1
https://youtu.be/Rvz4k8W-5bA,Fatih Portakal TV,,,2,fatih_portakal,1
https://youtu.be/K-vd4YjCOEw,Fatih Portakal TV,,,2,fatih_portakal,1
https://youtu.be/AUzWwS2nY8s,Fatih Portakal TV,,,2,fatih_portakal,1
https://youtu.be/7SuJypY5D2k,Fatih Portakal TV,,,2,fatih_portakal,1
https://youtu.be/Hpap6GMQxRU,Fatih Portakal TV,,,2,fatih_portakal,1
https://youtu.be/TIKNNyOY5eE,Fatih Portakal TV,,,2,fatih_portakal,1
https://youtu.be/WebkDPMjVoI,Fatih Portakal TV,,,2,fatih_portakal,1
https://youtu.be/qQajRKIjpDM,Fatih Portakal TV,,,2,fatih_portakal,1
https://youtu.be/80odFkSJTX0,Fatih Portakal TV,,,2,fatih_portakal,1
https://youtu.be/k3diJ1QOnDI,Fatih Portakal TV,,,2,fatih_portakal,1
https://youtu.be/KujSOUiMNTg,Fatih Portakal TV,,,2,fatih_portakal,1
https://youtu.be/DdqYoHY9EGI,Fatih Portakal TV,,,2,fatih_portakal,1
https://youtu.be/y0XNK5wYKH8,Fatih Portakal TV,,,2,fatih_portakal,1
https://youtu.be/c_OVk9GA0Qw,Fatih Portakal TV,,,2,fatih_portakal,1
https://youtu.be/SthQCxT6QvQ,Fatih Portakal TV,,,2,fatih_portakal,1
https://youtu.be/dffvW96bg98,Fatih Portakal TV,,,2,fatih_portakal,1
https://youtu.be/is3ZPs4El40,Fatih Portakal TV,,,2,fatih_portakal,1
https://youtu.be/1UedykYFUd4,Fatih Portakal TV,,,2,fatih_portakal,1
https://youtu.be/1_yVJY4WDmo,Fatih Portakal TV,,,2,fatih_portakal,1
https://youtu.be/9jKYDMQ8R1k,Fatih Portakal TV,,,2,fatih_portakal,1
https://youtu.be/VBl-AiQEgDs,Fatih Portakal TV,,,2,fatih_portakal,1
https://youtu.be/wIesBHOqUJY,Fatih Portakal TV,,,2,fatih_portakal,1
https://youtu.be/3KNjwi5N7Bs,TV100,,,2,kubra_par,1
https://youtu.be/5jBLlF_0bP0,TV100,,,2,kubra_par,1
https://youtu.be/7oT5hSg3Fsg,TV100,,,2,kubra_par,1
https://youtu.be/8508cdy71NU,TV100,,,2,kubra_par,1
https://youtu.be/8UHayoRawsY,TV100,,,2,kubra_par,1
https://youtu.be/9DTg2pAPRm8,TV100,,,2,kubra_par,1
https://youtu.be/as-5iynrAVg,TV100,,,2,kubra_par,1
https://youtu.be/b6ykSy-n33M,TV100,,,2,kubra_par,1
https://youtu.be/BuZWcxvojkE,TV100,,,2,kubra_par,1
https://youtu.be/dfg_KTIquxo,TV100,,,2,kubra_par,1
https://youtu.be/DkNpnNd5I5A,TV100,,,2,kubra_par,1
https://youtu.be/dKUZEgZJzHU,TV100,,,2,kubra_par,1
https://youtu.be/dUeSsPHte5A,TV100,,,2,kubra_par,1
https://youtu.be/EO7ZTfSZR14,TV100,,,2,kubra_par,1
https://youtu.be/F6OyO4uOY1c,TV100,,,2,kubra_par,1
https://youtu.be/fJC97YHkMdM,TV100,,,2,kubra_par,1
https://youtu.be/FJH6qDb9tVE,TV100,,,2,kubra_par,1
https://youtu.be/j7ujHq_rNEc,TV100,,,2,kubra_par,1
https://youtu.be/JLn9iqPcerY,TV100,,,2,kubra_par,1
https://youtu.be/Jrufs2g9R54,TV100,,,2,kubra_par,1
https://youtu.be/jsb-eGUagJY,TV100,,,2,kubra_par,1
https://youtu.be/JSGKOf6tDF8,TV100,,,2,kubra_par,1
https://youtu.be/_kMLpJmZDEU,TV100,,,2,kubra_par,1
https://youtu.be/l4QufWlpAbw,TV100,,,2,kubra_par,1
https://youtu.be/LAi3KxV8Cg0,TV100,,,2,kubra_par,1
https://youtu.be/lfF1hxZaj0U,TV100,,,2,kubra_par,1
https://youtu.be/_lhInSvk-Vo,TV100,,,2,kubra_par,1
https://youtu.be/loYN1pinyaQ,TV100,,,2,kubra_par,1
https://youtu.be/lTvsMv8ezEA,TV100,,,2,kubra_par,1
https://youtu.be/LZHLIRrY-1c,TV100,,,2,kubra_par,1
https://youtu.be/NOalzV9I8zs,TV100,,,2,kubra_par,1
https://youtu.be/nw53b1w0Epk,TV100,,,2,kubra_par,1
https://youtu.be/o0HQotGHNGQ,TV100,,,2,kubra_par,1
https://youtu.be/pB6zsc8zIeo,TV100,,,2,kubra_par,1
https://youtu.be/PBIBN8S8FOg,TV100,,,2,kubra_par,1
https://youtu.be/pJh4OjjHE80,TV100,,,2,kubra_par,1
https://youtu.be/qlQYRTmRuEM,TV100,,,2,kubra_par,1
https://youtu.be/RWGItnOLenc,TV100,,,2,kubra_par,1
https://youtu.be/s4N_IKsQmq4,TV100,,,2,kubra_par,1
https://youtu.be/S9AUgirkP5Q,TV100,,,2,kubra_par,1
https://youtu.be/sb5U23HQkNE,TV100,,,2,kubra_par,1
https://youtu.be/SdVKkdNFkAE,TV100,,,2,kubra_par,1
https://youtu.be/SFA6G1v1ToQ,TV100,,,2,kubra_par,1
https://youtu.be/smNXPEK1IQY,TV100,,,2,kubra_par,1
https://youtu.be/snm3CTB44s4,TV100,,,2,kubra_par,1
https://youtu.be/tOf6Jyjl2BQ,TV100,,,2,kubra_par,1
https://youtu.be/TuBaaoDizy4,TV100,,,2,kubra_par,1
https://youtu.be/TvmFkCGAthY,TV100,,,2,kubra_par,1
https://youtu.be/vl3TP3fCGd0,TV100,,,2,kubra_par,1
https://youtu.be/vwB44fMLRxA,TV100,,,2,kubra_par,1
https://youtu.be/x5VEgCcG6j0,TV100,,,2,kubra_par,1
https://youtu.be/yIpxn7IS2ws,TV100,,,2,kubra_par,1
https://youtu.be/ypFhw5OdPKw,TV100,,,2,kubra_par,1
https://youtu.be/YQ0pQ7Se6ag,TV100,,,2,kubra_par,1
https://youtu.be/-ytOe5hq1F8,TV100,,,2,kubra_par,1
https://youtu.be/YV4UhRdETeE,TV100,,,2,kubra_par,1
https://youtu.be/YwQmkKxyOa4,TV100,,,2,kubra_par,1
https://youtu.be/ZgmG7SJombs,TV100,,,2,kubra_par,1
https://youtu.be/ZinKrYejN2U,TV100,,,2,kubra_par,1
https://youtu.be/2KJoZtO62mE,Halk TV,,,2,gulsah_ekinci,1
https://youtu.be/3GictEdCK4E,Halk TV,,,2,gulsah_ekinci,1
https://youtu.be/5paxq_ejBc8,Halk TV,,,2,gulsah_ekinci,1
https://youtu.be/62XcmCX6FLo,Halk TV,,,2,gulsah_ekinci,1
https://youtu.be/6A7xFtqC53o,Halk TV,,,2,gulsah_ekinci,1
https://youtu.be/6Cj58pdB5Uw,Halk TV,,,2,gulsah_ekinci,1
https://youtu.be/6J9P-1XforM,Halk TV,,,2,gulsah_ekinci,1
https://youtu.be/8QD5pEOUz3M,Halk TV,,,2,gulsah_ekinci,1
https://youtu.be/BFPZ9WhoWss,Halk TV,,,2,gulsah_ekinci,1
https://youtu.be/bkeLQcRti9M,Halk TV,,,2,gulsah_ekinci,1
https://youtu.be/bTnJZ5bfnXc,Halk TV,,,2,gulsah_ekinci,1
https://youtu.be/fqqDxX9aN2s,Halk TV,,,2,gulsah_ekinci,1
https://youtu.be/Gwv_v1sgBb0,Halk TV,,,2,gulsah_ekinci,1
https://youtu.be/Gx6vYHkTuvI,Halk TV,,,2,gulsah_ekinci,1
https://youtu.be/gZagXWD_gts,Halk TV,,,2,gulsah_ekinci,1
https://youtu.be/h-mBASs3iJI,Halk TV,,,2,gulsah_ekinci,1
https://youtu.be/Huxd3vitWbo,Halk TV,,,2,gulsah_ekinci,1
https://youtu.be/I_grMVZcSe0,Halk TV,,,2,gulsah_ekinci,1
https://youtu.be/KEkTbWCjOMU,Halk TV,,,2,gulsah_ekinci,1
https://youtu.be/Ki1Jz0pRxgI,Halk TV,,,2,gulsah_ekinci,1
https://youtu.be/LH3QgX8deMk,Halk TV,,,2,gulsah_ekinci,1
https://youtu.be/nB30iWeYKOE,Halk TV,,,2,gulsah_ekinci,1
https://youtu.be/nES79tNIRvk,Halk TV,,,2,gulsah_ekinci,1
https://youtu.be/O8u3BPRwvsA,Halk TV,,,2,gulsah_ekinci,1
https://youtu.be/o-AY0m2SRdo,Halk TV,,,2,gulsah_ekinci,1
https://youtu.be/_oENYDMuhr8,Halk TV,,,2,gulsah_ekinci,1
https://youtu.be/PPb8rRUWtbU,Halk TV,,,2,gulsah_ekinci,1
https://youtu.be/pZi_c8hUEL8,Halk TV,,,2,gulsah_ekinci,1
https://youtu.be/ROlzz_OxxGI,Halk TV,,,2,gulsah_ekinci,1
https://youtu.be/RwE0iPadlRE,Halk TV,,,2,gulsah_ekinci,1
https://youtu.be/S0yYfnitKaw,Halk TV,,,2,gulsah_ekinci,1
https://youtu.be/sAkPX-lrySQ,Halk TV,,,2,gulsah_ekinci,1
https://youtu.be/soE4T12uF1c,Halk TV,,,2,gulsah_ekinci,1
https://youtu.be/sPcNhbvJTJs,Halk TV,,,2,gulsah_ekinci,1
https://youtu.be/umUn66qZdgg,Halk TV,,,2,gulsah_ekinci,1
https://youtu.be/vNH5CncA5Lg,Halk TV,,,2,gulsah_ekinci,1
https://youtu.be/XdhT6HGqBtc,Halk TV,,,2,gulsah_ekinci,1
https://youtu.be/XEAjilgntz4,Halk TV,,,2,gulsah_ekinci,1
https://youtu.be/yt86jYDoUeM,Halk TV,,,2,gulsah_ekinci,1
https://youtu.be/5zSx88mhRlM,Sözcü TV,,,2,serdar_cebe,1
https://youtu.be/6eafY64zewk,Sözcü TV,,,2,serdar_cebe,1
https://youtu.be/6u1PbWsIQn0,Sözcü TV,,,2,serdar_cebe,1
https://youtu.be/6wyA96eRc2k,Sözcü TV,,,2,serdar_cebe,1
https://youtu.be/7nwQ1I2Ynxw,Sözcü TV,,,2,serdar_cebe,1
https://youtu.be/8GPZ0rAfZlM,Sözcü TV,,,2,serdar_cebe,1
https://youtu.be/9qXHC09fL9k,Sözcü TV,,,2,serdar_cebe,1
https://youtu.be/cahxTDSEx_c,Sözcü TV,,,2,serdar_cebe,1
https://youtu.be/cqv1jNift9o,Sözcü TV,,,2,serdar_cebe,1
https://youtu.be/cWggicvio4o,Sözcü TV,,,2,serdar_cebe,1
https://youtu.be/cyxIsuAg8fs,Sözcü TV,,,2,serdar_cebe,1
https://youtu.be/cZGWoTLUHcA,Sözcü TV,,,2,serdar_cebe,1
https://youtu.be/DvZaukwy7E8,Sözcü TV,,,2,serdar_cebe,1
https://youtu.be/DYIFEeGVHUs,Sözcü TV,,,2,serdar_cebe,1
https://youtu.be/D-z5ltTxaQk,Sözcü TV,,,2,serdar_cebe,1
https://youtu.be/hFVcecmU3Ik,Sözcü TV,,,2,serdar_cebe,1
https://youtu.be/KxQiGt3KSEE,Sözcü TV,,,2,serdar_cebe,1
https://youtu.be/luLdCP8xf0M,Sözcü TV,,,2,serdar_cebe,1
https://youtu.be/OZHyk7LzPnA,Sözcü TV,,,2,serdar_cebe,1
https://youtu.be/pfwhhb59-Rw,Sözcü TV,,,2,serdar_cebe,1
https://youtu.be/q6VNuXbwzEY,Sözcü TV,,,2,serdar_cebe,1
https://youtu.be/TqQVBg6UYGg,Sözcü TV,,,2,serdar_cebe,1
https://youtu.be/U6uN2DBSIUw,Sözcü TV,,,2,serdar_cebe,1
https://youtu.be/vjUwTp4CQ4o,Sözcü TV,,,2,serdar_cebe,1
https://youtu.be/T3GsLAqPCtY,Halk TV,,,2,ece_uner,1
https://youtu.be/UhVql-ts-Dw,Halk TV,,,2,ece_uner,1
https://youtu.be/B4x69sn-pk8,Halk TV,,,2,ece_uner,1
https://youtu.be/zAuqglevpno,Halk TV,,,2,ece_uner,1
https://youtu.be/kuPR_-qqjB0,Halk TV,,,2,ece_uner,1
https://youtu.be/X_clJyEXySw,Halk TV,,,2,ece_uner,1
https://youtu.be/dR1AnCNM-Q4,Halk TV,,,2,ece_uner,1
https://youtu.be/ET2ryxc0f7w,Halk TV,,,2,ece_uner,1
https://youtu.be/_v2QY3GWkQ4,Halk TV,,,2,ece_uner,1
https://youtu.be/aE2re9BDtTI,Halk TV,,,2,ece_uner,1
https://youtu.be/TOEaoGrj3hc,Halk TV,,,2,ece_uner,1
https://youtu.be/upgx4t3PQ6w,Halk TV,,,2,ece_uner,1
https://youtu.be/WBXIfnaVSFI,Halk TV,,,2,ece_uner,1
https://youtu.be/s24xyfWllnI,Halk TV,,,2,ece_uner,1
https://youtu.be/OZQOb2FBCjU,Halk TV,,,2,ece_uner,1
https://youtu.be/B3WFGCAPHFQ,Halk TV,,,2,ismail_kucukkaya,1
https://youtu.be/BT70Dw5cP7s,Halk TV,,,2,ismail_kucukkaya,1
https://youtu.be/c2byygNVgJg,Halk TV,,,2,ismail_kucukkaya,1
https://youtu.be/DYE3_NHagoU,Halk TV,,,2,ismail_kucukkaya,1
https://youtu.be/EtQ2E-11IPY,Halk TV,,,2,ismail_kucukkaya,1
https://youtu.be/HOmA_jfSctQ,Halk TV,,,2,ismail_kucukkaya,1
https://youtu.be/RfTHBgSX-QI,Halk TV,,,2,ismail_kucukkaya,1
https://youtu.be/ShwSGUwERtI,Halk TV,,,2,ismail_kucukkaya,1
https://youtu.be/YumtDF_4M_4,Halk TV,,,2,ismail_kucukkaya,1
https://youtu.be/yGjTZtP36nc,Cüneyt Özdemir,,,2,cuneyt_ozdemir,1
https://youtu.be/nVLO3sETbaI,Cüneyt Özdemir,,,2,cuneyt_ozdemir,1
https://youtu.be/BYHm8-1GPvw,Cüneyt Özdemir,,,2,cuneyt_ozdemir,1
https://youtu.be/olIkvQtgJ_Q,Cüneyt Özdemir,,,2,cuneyt_ozdemir,1
https://youtu.be/LZlU1ta5Bqc,Cüneyt Özdemir,,,2,cuneyt_ozdemir,1
https://youtu.be/GbeQmNmvkfU,Cüneyt Özdemir,,,2,cuneyt_ozdemir,1
https://youtu.be/KClXDcm8Z6c,Cüneyt Özdemir,,,2,cuneyt_ozdemir,1
https://youtu.be/jlebj3A9cRY,Cüneyt Özdemir,,,2,cuneyt_ozdemir,1
https://youtu.be/sCIKtAxqoIM,Cüneyt Özdemir,,,2,cuneyt_ozdemir,1
https://youtu.be/Ic4mJJGWf8k,Cüneyt Özdemir,,,2,cuneyt_ozdemir,1
https://youtu.be/YJA7TlapikY,Cüneyt Özdemir,,,2,cuneyt_ozdemir,1
https://youtu.be/w-qpOv79uuc,Cüneyt Özdemir,,,2,cuneyt_ozdemir,1
https://youtu.be/Bknxp9NJz30,Cüneyt Özdemir,,,2,cuneyt_ozdemir,1
https://youtu.be/hctrFFs7VsA,Cüneyt Özdemir,,,2,cuneyt_ozdemir,1
https://youtu.be/hxqwklhuCJk,Cüneyt Özdemir,,,2,cuneyt_ozdemir,1
https://youtu.be/WvRFYy4KZIQ,Cüneyt Özdemir,,,2,cuneyt_ozdemir,1
https://youtu.be/VFOZsxaNrFA,Cüneyt Özdemir,,,2,cuneyt_ozdemir,1
https://youtu.be/SgPj8Jl_vCA,Cüneyt Özdemir,,,2,cuneyt_ozdemir,1
https://youtu.be/avQ83R11ETk,Cüneyt Özdemir,,,2,cuneyt_ozdemir,1
https://youtu.be/xEjMy5Qy7uI,Cüneyt Özdemir,,,2,cuneyt_ozdemir,1
https://youtu.be/2oQF5axdn-I,Cüneyt Özdemir,,,2,cuneyt_ozdemir,1
https://youtu.be/K9gJ2eRbltI,Cüneyt Özdemir,,,2,cuneyt_ozdemir,1
https://youtu.be/KWJHr2g1IEU,Cüneyt Özdemir,,,2,cuneyt_ozdemir,1
https://youtu.be/n82k1q4FBGA,Cüneyt Özdemir,,,2,cuneyt_ozdemir,1
https://youtu.be/dhUXtPmZDUU,Cüneyt Özdemir,,,2,cuneyt_ozdemir,1
https://youtu.be/iuTero6SBBo,Cüneyt Özdemir,,,2,cuneyt_ozdemir,1
https://youtu.be/ETd4QTwkpKE,Cüneyt Özdemir,,,2,cuneyt_ozdemir,1
https://youtu.be/NVWwWMDandM,Cüneyt Özdemir,,,2,cuneyt_ozdemir,1
https://youtu.be/wE3jEiQlvaE,Cüneyt Özdemir,,,2,cuneyt_ozdemir,1
https://youtu.be/EGolz5gSKrE,Cüneyt Özdemir,,,2,cuneyt_ozdemir,1
https://youtu.be/MahvYGRtmck,Cüneyt Özdemir,,,2,cuneyt_ozdemir,1
https://youtu.be/loU7QUF6BSw,atv Haber,,,2,cem_ogretir,1
https://youtu.be/Z_F6Tsk3CM4,atv Haber,,,2,cem_ogretir,1
https://youtu.be/dPVxsEXGE2w,atv Haber,,,2,cem_ogretir,1
https://youtu.be/EUUro3AUumE,atv Haber,,,2,cem_ogretir,1
https://youtu.be/p32BistCI40,atv Haber,,,2,cem_ogretir,1
https://youtu.be/APBTBhC3kUw,atv Haber,,,2,cem_ogretir,1
https://youtu.be/6jQT1W8y14I,atv Haber,,,2,cem_ogretir,1
https://youtu.be/9HvplRVmmmE,atv Haber,,,2,cem_ogretir,1
https://youtu.be/F-iCFEYBed8,atv Haber,,,2,cem_ogretir,1
https://youtu.be/wQPxemcb8IY,atv Haber,,,2,cem_ogretir,1
https://youtu.be/RIVNxIGSylI,atv Haber,,,2,cem_ogretir,1
https://youtu.be/16d4Zn1nt48,atv Haber,,,2,cem_ogretir,1
https://youtu.be/97V4Pd_JkLQ,atv Haber,,,2,cem_ogretir,1
https://youtu.be/UlcoCwc-_-E,atv Haber,,,2,cem_ogretir,1
https://youtu.be/imjfzBWdG8E,A Haber,,,2,can_okanar,1
https://youtu.be/PhOZs7fLDAQ,A Haber,,,2,can_okanar,1
https://youtu.be/wgOLTbGxs9E,A Haber,,,2,can_okanar,1
https://youtu.be/OB5rt20YvHk,A Haber,,,2,can_okanar,1
https://youtu.be/A5Jht6ygahI,A Haber,,,2,can_okanar,1
https://youtu.be/2tcZh-O40LM,A Haber,,,2,can_okanar,1
https://youtu.be/8VjVFRh_HsU,A Haber,,,2,can_okanar,1
https://youtu.be/46aIvX0adxA,A Haber,,,2,can_okanar,1
https://youtu.be/dVY_pO_FWnA,A Haber,,,2,can_okanar,1
https://youtu.be/yvl8cDE_aHw,A Haber,,,2,can_okanar,1
https://youtu.be/XiCp_Qurtt0,A Haber,,,2,can_okanar,1
https://youtu.be/Sj9hCRXjSIo,A Haber,,,2,can_okanar,1
https://youtu.be/GiIj3_qsUzA,A Haber,,,2,can_okanar,1
https://youtu.be/jBRGAzl0TxQ,A Haber,,,2,can_okanar,1
https://youtu.be/tz4f068uJeI,A Haber,,,2,can_okanar,1
https://youtu.be/l88P_jE9hQU,A Haber,,,2,can_okanar,1
https://youtu.be/kRfpQ5jYAoE,A Haber,,,2,can_okanar,1
https://youtu.be/vWA6cJd_VJ8,A Haber,,,2,can_okanar,1
https://youtu.be/FdkeAxM_Kk4,A Haber,,,2,can_okanar,1
https://youtu.be/g6qXfy3RbxI,A Haber,,,2,can_okanar,1
https://youtu.be/O76QNu32Msg,A Haber,,,2,can_okanar,1
https://youtu.be/e-luCaePeEI,A Haber,,,2,can_okanar,1
https://youtu.be/fKfdwGtrIPY,A Haber,,,2,can_okanar,1
https://youtu.be/IEKzYoBE8qE,A Haber,,,2,can_okanar,1
https://youtu.be/PPb0TZzWeOg,A Haber,,,2,can_okanar,1
https://youtu.be/NXOIijemhLk,A Haber,,,2,can_okanar,1
https://youtu.be/r_fMoO3mO30,A Haber,,,2,can_okanar,1
https://youtu.be/HlE7cS5ZwTI,A Haber,,,2,can_okanar,1
https://youtu.be/wJJrfdPFAEc,A Haber,,,2,can_okanar,1
https://youtu.be/pWyrpoaSJEY,A Haber,,,2,can_okanar,1
https://www.youtube.com/watch?v=bMcQIbJeFc4,A Haber,,,2,can_okanar,1
https://youtu.be/Iazp8RVj6lc,Fatih Portakal TV,,,2,fatih_portakal,1
https://youtu.be/tehbfmha4F8,Fatih Portakal TV,,,2,fatih_portakal,1
https://youtu.be/m4LKeJ3TRrM,Fatih Portakal TV,,,2,fatih_portakal,1
https://youtu.be/-RYs5i3AhAM,Fatih Portakal TV,,,2,fatih_portakal,1
https://youtu.be/tzi9upAhYVk,Fatih Portakal TV,,,2,fatih_portakal,1
https://youtu.be/VlUrtZBCmus,Fatih Portakal TV,,,2,fatih_portakal,1
https://youtu.be/Cz77rPOpBBE,Sözcü TV,,,2,serdar_cebe,1
https://youtu.be/r_MecDATPSY,Sözcü TV,,,2,serdar_cebe,1
https://youtu.be/7ciM0qDWnzo,Halk TV,,,2,ece_uner,1
https://youtu.be/0cgOtFQrJU4,atv Haber,,,2,cem_ogretir,1
https://youtu.be/bzUTGqqTVYQ,atv Haber,,,2,cem_ogretir,1
https://youtu.be/EC_wXH0NgX0,atv Haber,,,2,cem_ogretir,1
https://youtu.be/h099jhdblDM,atv Haber,,,2,cem_ogretir,1
https://youtu.be/FPFBVZ5owPM,atv Haber,,,2,cem_ogretir,1
https://youtu.be/C-uUyaN-q54,atv Haber,,,2,cem_ogretir,1
https://youtu.be/AcO2_6tHDIE,atv Haber,,,2,cem_ogretir,1
https://youtu.be/IGbnN9i5_Is,atv Haber,,,2,cem_ogretir,1
https://youtu.be/-hcFNA6-Y0o,atv Haber,,,2,cem_ogretir,1
https://youtu.be/DfsD3h6PoR4,atv Haber,,,2,cem_ogretir,1
https://www.youtube.com/watch?v=8mWUgIuzNOM,Deniz Zeyrek,,,2,deniz_zeyrek,1
https://www.youtube.com/watch?v=Tkwuu_Un_sE,Halk TV,,,2,ece_uner,1
https://www.youtube.com/watch?v=5OhqwYlvJcY,Ersan Şen,,,2,ersan_sen,1
https://www.youtube.com/watch?v=gAplQG9sBro,Fatih Altaylı,,,2,fatih_altayli,1
https://www.youtube.com/watch?v=xSepfrU58uE,Fatih Portakal TV,,,2,fatih_portakal,1
https://www.youtube.com/watch?v=MyskyM1C-kk,Hadi Özışık,,,2,hadi_ozisik,1
https://www.youtube.com/watch?v=smhUE8Nozns,Sözcü TV,,,2,ismail_kucukkaya,1
https://www.youtube.com/watch?v=mjY7badj6_o,Levent Gültekin,,,2,levent_gultekin,1
https://www.youtube.com/watch?v=NfTRnlNv7CE,Nagehan Alçı,,,2,nagehan_alci,1
https://www.youtube.com/watch?v=3HkSoPlmyxI,Osman Gökçek,,,2,osman_gokcek,1
https://www.youtube.com/watch?v=kKQLanNuZHQ,Özlem Gürses,,,2,ozlem_gurses,1
https://www.youtube.com/watch?v=vAj3_pwxMXU,Medyascope,,,2,rusen_cakir,1
https://www.youtube.com/watch?v=4wI_vZpYyMc,Sabahattin Önkibar,,,2,sabahattin_onkibar,1
https://www.youtube.com/watch?v=O4UHzBDwnj4,Sinan Burhan,,,2,sinan_burhan,1
https://www.youtube.com/watch?v=Ar1BMNhVYoU,Turgay Güler,,,2,turgay_guler,1
https://www.youtube.com/watch?v=hPAQz8AyWLk,Yılmaz Özdil,,,2,yilmaz_ozdil,1
https://www.youtube.com/watch?v=wkchbtgqdhY,Sinan Burhan,,,2,sinan_burhan,1
https://www.youtube.com/watch?v=KyJxXm_Qz2E,Hadi Özışık,,,2,hadi_ozisik,1
https://www.youtube.com/watch?v=cjGnu2EsYvk,Osman Gökçek,,,2,osman_gokcek,1
https://www.youtube.com/watch?v=VTBXiCsErGE,Enver Aysever,,,2,enver_aysever,1
https://www.youtube.com/watch?v=Grm6FSTcMxI,Sinan Burhan,,,2,sinan_burhan,1
https://www.youtube.com/watch?v=RAqsb23vDWA,Osman Gökçek,,,2,osman_gokcek,1
https://www.youtube.com/watch?v=J_1yFC_kbSs,Halk TV,,,2,ece_uner,1
https://www.youtube.com/watch?v=iY_iliviLkI,Turgay Güler,,,2,turgay_guler,1
https://www.youtube.com/watch?v=HEKDoQywM08,Ersan Şen,,,2,ersan_sen,1
https://www.youtube.com/watch?v=v1ceSp0DfU0,A Haber,,,2,can_okanar,1
https://www.youtube.com/watch?v=Gmu2-VPjFao,Hadi Özışık,,,2,hadi_ozisik,1
https://www.youtube.com/watch?v=err46BDGqyI,Sinan Burhan,,,2,sinan_burhan,1
https://www.youtube.com/watch?v=z7wFMoLJ4vE,Osman Gökçek,,,2,osman_gokcek,1
https://www.youtube.com/watch?v=hJfzQLBSv6M,Fatih Portakal TV,,,2,fatih_portakal,1
https://www.youtube.com/watch?v=n4zfD5xvkJE,Sabahattin Önkibar,,,2,sabahattin_onkibar,1
https://www.youtube.com/watch?v=VMAFgwF1kQ4,Turgay Güler,,,2,turgay_guler,1
https://www.youtube.com/watch?v=49EHELg6G44,Osman Gökçek,,,2,osman_gokcek,1
https://www.youtube.com/watch?v=l42KAmxS8nE,Halk TV,,,2,ece_uner,1
https://www.youtube.com/watch?v=409tm4vLYP0,Hadi Özışık,,,2,hadi_ozisik,1
https://www.youtube.com/watch?v=v9tUNDUrNoE,Medyascope,,,2,rusen_cakir,1
https://www.youtube.com/watch?v=dW-v3YGbI30,Özlem Gürses,,,2,ozlem_gurses,1
https://www.youtube.com/watch?v=yHj1A2wPA0Y,Osman Gökçek,,,2,osman_gokcek,1
https://www.youtube.com/watch?v=r_Ysp5Ypz5I,Fatih Portakal TV,,,2,fatih_portakal,1
https://www.youtube.com/watch?v=3AyLNsdGHm4,A Haber,,,2,can_okanar,1
https://www.youtube.com/watch?v=bWkWu9vyfqE,Sinan Burhan,,,2,sinan_burhan,1
https://www.youtube.com/watch?v=jz1jO4YwP1E,Turgay Güler,,,2,turgay_guler,1
https://www.youtube.com/watch?v=MvBTzqqrS3c,Halk TV,,,2,ece_uner,1
https://www.youtube.com/watch?v=9RAi8mYmd0U,Hadi Özışık,,,2,hadi_ozisik,1
https://www.youtube.com/watch?v=AMLP-X6PD8Y,Nagehan Alçı,,,2,nagehan_alci,1
https://www.youtube.com/watch?v=DSSIF3q4Omw,Sinan Burhan,,,2,sinan_burhan,1
https://www.youtube.com/watch?v=tKxxEDqW0nI,Osman Gökçek,,,2,osman_gokcek,1
https://www.youtube.com/watch?v=B8kKUsEYbFA,Sinan Burhan,,,2,sinan_burhan,1
https://www.youtube.com/watch?v=H3yIuRy84Rk,Sabahattin Önkibar,,,2,sabahattin_onkibar,1
https://www.youtube.com/watch?v=cltVFndkRyc,Osman Gökçek,,,2,osman_gokcek,1
https://www.youtube.com/watch?v=Pt0fEtT7MsE,Hadi Özışık,,,2,hadi_ozisik,1
https://www.youtube.com/watch?v=jgrYSvE6jc4,Fatih Portakal TV,,,2,fatih_portakal,1
https://www.youtube.com/watch?v=_w2rM2Pp5TQ,Halk TV,,,2,ismail_kucukkaya,1
https://www.youtube.com/watch?v=aKSc2er7opE,Sinan Burhan,,,2,sinan_burhan,1
https://www.youtube.com/watch?v=2Q5EOrBhKwI,Halk TV,,,2,ece_uner,1
https://www.youtube.com/watch?v=MtDARYBxL-Y,Turgay Güler,,,2,turgay_guler,1
https://www.youtube.com/watch?v=U5vGNl6wySw,Medyascope,,,2,rusen_cakir,1
https://www.youtube.com/watch?v=vfyTgu-Vzu0,Deniz Zeyrek,,,2,deniz_zeyrek,1
https://www.youtube.com/watch?v=hXaRqKdzqvE,Hadi Özışık,,,2,hadi_ozisik,1
https://www.youtube.com/watch?v=zQXKxGvRGdk,Levent Gültekin,,,2,levent_gultekin,1
https://www.youtube.com/watch?v=xjzPmj98014,Fatih Portakal TV,,,2,fatih_portakal,1
https://www.youtube.com/watch?v=gQUeJ04Vp6Y,Enver Aysever,,,2,enver_aysever,1
https://www.youtube.com/watch?v=BKF4lhurIEs,Yılmaz Özdil,,,2,yilmaz_ozdil,1
https://www.youtube.com/watch?v=bZc7V22FglQ,Sinan Burhan,,,2,sinan_burhan,1
https://www.youtube.com/watch?v=ysmXZ7N5gJk,Özlem Gürses,,,2,ozlem_gurses,1
https://www.youtube.com/watch?v=PJTxagUpZg0,Halk TV,,,2,ece_uner,1
https://www.youtube.com/watch?v=uDlzfUmVjUM,Sinan Burhan,,,2,sinan_burhan,1
https://www.youtube.com/watch?v=Sl2Gbb3vJfw,Fatih Altaylı,,,2,fatih_altayli,1
https://www.youtube.com/watch?v=e8-thcvdoS4,Turgay Güler,,,2,turgay_guler,1
https://www.youtube.com/watch?v=Jzi73WQyQvg,Ersan Şen,,,2,ersan_sen,1
https://www.youtube.com/watch?v=69Wl_rpLmn8,Sabahattin Önkibar,,,2,sabahattin_onkibar,1
https://www.youtube.com/watch?v=M7JGSvWdepg,Hadi Özışık,,,2,hadi_ozisik,1
https://www.youtube.com/watch?v=1KIIOhl9cvQ,Osman Gökçek,,,2,osman_gokcek,1
https://www.youtube.com/watch?v=PlZthDAXH44,A Haber,,,2,can_okanar,1
https://www.youtube.com/watch?v=NLCXUOxJEPE,Enver Aysever,,,2,enver_aysever,1
https://www.youtube.com/watch?v=MwkJWZDQ9wQ,Turgay Güler,,,2,turgay_guler,1
https://www.youtube.com/watch?v=C34jEWaMM4A,Sinan Burhan,,,2,sinan_burhan,1
https://www.youtube.com/watch?v=Wmos901Ipls,Medyascope,,,2,rusen_cakir,1
https://www.youtube.com/watch?v=OgTgLP02sKQ,Fatih Portakal TV,,,2,fatih_portakal,1
https://www.youtube.com/watch?v=C-BIpFJHsy0,A Haber,,,2,can_okanar,1
https://www.youtube.com/watch?v=ihO6TKDeE4A,Turgay Güler,,,2,turgay_guler,1
https://www.youtube.com/watch?v=zfdMXY_dUJM,Sinan Burhan,,,2,sinan_burhan,1
https://www.youtube.com/watch?v=MZkOU82w2HI,Fatih Portakal TV,,,2,fatih_portakal,1
https://www.youtube.com/watch?v=kBJpb0KMTyU,Hadi Özışık,,,2,hadi_ozisik,1
https://www.youtube.com/watch?v=4KxpXU3xLtM,Özlem Gürses,,,2,ozlem_gurses,1
https://www.youtube.com/watch?v=gX7wHGBs1bs,Sabahattin Önkibar,,,2,sabahattin_onkibar,1
https://www.youtube.com/watch?v=9_C3g6obKHA,Sinan Burhan,,,2,sinan_burhan,1
https://www.youtube.com/watch?v=Ix2yNJkjYw4,Sözcü TV,,,2,ismail_kucukkaya,1
https://www.youtube.com/watch?v=eI_loZf0vC8,Turgay Güler,,,2,turgay_guler,1
https://www.youtube.com/watch?v=ZACr7Du_P_o,Hadi Özışık,,,2,hadi_ozisik,1
https://www.youtube.com/watch?v=k2Qn3ksblOE,Deniz Zeyrek,,,2,deniz_zeyrek,1
https://www.youtube.com/watch?v=cmO4885BjkA,Medyascope,,,2,rusen_cakir,1
https://www.youtube.com/watch?v=vKPhPh1C3sk,Özlem Gürses,,,2,ozlem_gurses,1
https://www.youtube.com/watch?v=bJuR18GnEb0,A Haber,,,2,can_okanar,1
https://www.youtube.com/watch?v=NucKqatry4Q,Turgay Güler,,,2,turgay_guler,1
https://www.youtube.com/watch?v=yz1sGj1vUxQ,Hadi Özışık,,,2,hadi_ozisik,1
https://www.youtube.com/watch?v=j-Pt_2v4A1Y,Sinan Burhan,,,2,sinan_burhan,1
https://www.youtube.com/watch?v=r2ryb4XYG_U,Levent Gültekin,,,2,levent_gultekin,1
https://www.youtube.com/watch?v=lCXdL9Pxvzc,Sabahattin Önkibar,,,2,sabahattin_onkibar,1
https://www.youtube.com/watch?v=hrlynl1X1fY,Yılmaz Özdil,,,2,yilmaz_ozdil,1
https://www.youtube.com/watch?v=akZuMQM1JlA,Turgay Güler,,,2,turgay_guler,1
https://www.youtube.com/watch?v=YY-a7EXYf6A,Hadi Özışık,,,2,hadi_ozisik,1
https://www.youtube.com/watch?v=3sjrYGMVc84,Fatih Portakal TV,,,2,fatih_portakal,1
https://www.youtube.com/watch?v=2iCYvQXjVJI,Hadi Özışık,,,2,hadi_ozisik,1
https://www.youtube.com/watch?v=CH7XRKm4Khc,Medyascope,,,2,rusen_cakir,1
https://www.youtube.com/watch?v=yxr_i5Fz3v8,Turgay Güler,,,2,turgay_guler,1
https://www.youtube.com/watch?v=QdAt6TkVN3Q,Sinan Burhan,,,2,sinan_burhan,1
https://www.youtube.com/watch?v=jqbX0xw90fQ,A Haber,,,2,can_okanar,1
https://www.youtube.com/watch?v=Km6qBovsSEs,Özlem Gürses,,,2,ozlem_gurses,1
https://www.youtube.com/watch?v=bBlZVglZ1Hw,Fatih Portakal TV,,,2,fatih_portakal,1
https://www.youtube.com/watch?v=eDmHQxtOcdM,Sabahattin Önkibar,,,2,sabahattin_onkibar,1
https://www.youtube.com/watch?v=Au8Fw_bm0xk,Hadi Özışık,,,2,hadi_ozisik,1
https://www.youtube.com/watch?v=h-qt1K8xR9U,Fatih Altaylı,,,2,fatih_altayli,1
https://www.youtube.com/watch?v=U_-Fd6njcDE,Enver Aysever,,,2,enver_aysever,1
https://www.youtube.com/watch?v=c3gljdgyH7U,Turgay Güler,,,2,turgay_guler,1
https://www.youtube.com/watch?v=xmnegTwtfHE,Özlem Gürses,,,2,ozlem_gurses,1
https://www.youtube.com/watch?v=1jvdqWri0YQ,Sinan Burhan,,,2,sinan_burhan,1
https://www.youtube.com/watch?v=N4FaecPfplI,Fatih Portakal TV,,,2,fatih_portakal,1
https://www.youtube.com/watch?v=WXD43S3SKB8,Hadi Özışık,,,2,hadi_ozisik,1
https://www.youtube.com/watch?v=09w3Akc9aGc,Enver Aysever,,,2,enver_aysever,1
https://www.youtube.com/watch?v=G7_W3pgsnyk,Sinan Burhan,,,2,sinan_burhan,1
https://www.youtube.com/watch?v=ygYeMGD38Zc,Turgay Güler,,,2,turgay_guler,1
https://www.youtube.com/watch?v=ZcLnF5wK-6Q,Fatih Portakal TV,,,2,fatih_portakal,1
https://www.youtube.com/watch?v=G86xxPP4MjM,Medyascope,,,2,rusen_cakir,1
https://www.youtube.com/watch?v=9vugjwQOLbc,Deniz Zeyrek,,,2,deniz_zeyrek,1
https://www.youtube.com/watch?v=m9FaX6tDp6Y,Sabahattin Önkibar,,,2,sabahattin_onkibar,1
https://www.youtube.com/watch?v=me9OIF6-yWk,Hadi Özışık,,,2,hadi_ozisik,1
https://www.youtube.com/watch?v=iuQqS0Ydims,Fatih Portakal TV,,,2,fatih_portakal,1
https://www.youtube.com/watch?v=P1Fobn-63QA,Yılmaz Özdil,,,2,yilmaz_ozdil,1
https://www.youtube.com/watch?v=zBB3RSdTZ7M,Turgay Güler,,,2,turgay_guler,1
https://www.youtube.com/watch?v=lxeyv_09Oyg,Özlem Gürses,,,2,ozlem_gurses,1
https://www.youtube.com/watch?v=tDr-E0EY2xg,Hadi Özışık,,,2,hadi_ozisik,1
https://www.youtube.com/watch?v=noBjEIb9DOE,Fatih Portakal TV,,,2,fatih_portakal,1
https://www.youtube.com/watch?v=o-ob0i5vXv4,Turgay Güler,,,2,turgay_guler,1
https://www.youtube.com/watch?v=QKN8IoF2rBQ,Levent Gültekin,,,2,levent_gultekin,1
https://www.youtube.com/watch?v=kNEf6lG-yls,Medyascope,,,2,rusen_cakir,1
https://www.youtube.com/watch?v=l8ZSXxKGgDc,Sabahattin Önkibar,,,2,sabahattin_onkibar,1
https://www.youtube.com/watch?v=RPzUpH2_3Sk,Fatih Portakal TV,,,2,fatih_portakal,1
https://www.youtube.com/watch?v=fPmSXyvq0xI,Turgay Güler,,,2,turgay_guler,1
https://www.youtube.com/watch?v=VcSo-4Nq8VQ,Özlem Gürses,,,2,ozlem_gurses,1
https://www.youtube.com/watch?v=ekuH5AbZrvE,Fatih Portakal TV,,,2,fatih_portakal,1
https://www.youtube.com/watch?v=LWA1iLZdEyU,Hadi Özışık,,,2,hadi_ozisik,1
https://www.youtube.com/watch?v=Nje_Bc0ZQck,Turgay Güler,,,2,turgay_guler,1
https://www.youtube.com/watch?v=HsjzbPZXsks,Medyascope,,,2,rusen_cakir,1
https://www.youtube.com/watch?v=OPp-6uU7RgM,Fatih Portakal TV,,,2,fatih_portakal,1
https://www.youtube.com/watch?v=k5nPNtqOVpE,Enver Aysever,,,2,enver_aysever,
https://www.youtube.com/watch?v=qlWU30lguaA,Sabahattin Önkibar,,,2,sabahattin_onkibar,1
https://www.youtube.com/watch?v=n4LI7c451So,Turgay Güler,,,2,turgay_guler,1
https://www.youtube.com/watch?v=g0jS7mBk6e8,Deniz Zeyrek,,,2,deniz_zeyrek,1
https://www.youtube.com/watch?v=rBv5WOZ1jeM,Hadi Özışık,,,2,hadi_ozisik,1
https://www.youtube.com/watch?v=4RVgayTgOEA,Turgay Güler,,,2,turgay_guler,1
https://www.youtube.com/watch?v=9vCdsVurbQQ,Medyascope,,,2,rusen_cakir,1
https://www.youtube.com/watch?v=OmRUcDXTnc8,Fatih Portakal TV,,,2,fatih_portakal,1
https://www.youtube.com/watch?v=jcQsGGRzZok,Fatih Altaylı,,,2,fatih_altayli,1
https://www.youtube.com/watch?v=085ikgazVCg,Özlem Gürses,,,2,ozlem_gurses,1
https://www.youtube.com/watch?v=CjtfOgMpVcw,Yılmaz Özdil,,,2,yilmaz_ozdil,1
https://www.youtube.com/watch?v=haJGGr3Kpgs,Sabahattin Önkibar,,,2,sabahattin_onkibar,1
https://www.youtube.com/watch?v=Rgu3yge4mSc,Hadi Özışık,,,2,hadi_ozisik,1
https://www.youtube.com/watch?v=GyjtQ5io3WE,Turgay Güler,,,2,turgay_guler,1
https://www.youtube.com/watch?v=sNq9LhMAOPQ,Levent Gültekin,,,2,levent_gultekin,1
https://www.youtube.com/watch?v=kzdFZUB1eHg,Hadi Özışık,,,2,hadi_ozisik,1
https://www.youtube.com/watch?v=5nKycdGRhcM,Özlem Gürses,,,2,ozlem_gurses,1
https://www.youtube.com/watch?v=MSlf8R26sV4,Fatih Portakal TV,,,2,fatih_portakal,1
https://www.youtube.com/watch?v=DzpzXYOdv1g,Turgay Güler,,,2,turgay_guler,1
https://www.youtube.com/watch?v=XlZs-OnpyEI,Medyascope,,,2,rusen_cakir,1
https://www.youtube.com/watch?v=sG8fFSbDMF4,Fatih Portakal TV,,,2,fatih_portakal,1
https://www.youtube.com/watch?v=T9TJ9FQ_xlU,Sabahattin Önkibar,,,2,sabahattin_onkibar,1
https://www.youtube.com/watch?v=cgbpfHZ3CLI,Enver Aysever,,,2,enver_aysever,1
https://www.youtube.com/watch?v=K6UvrKfDNQU,Hadi Özışık,,,2,hadi_ozisik,1
https://www.youtube.com/watch?v=MiC5_bY24rg,Turgay Güler,,,2,turgay_guler,1
https://www.youtube.com/watch?v=EXJ-Th4wfGs,Hadi Özışık,,,2,hadi_ozisik,1
https://www.youtube.com/watch?v=8cUdVjENpN0,Özlem Gürses,,,2,ozlem_gurses,1
https://www.youtube.com/watch?v=ohXX07V6-lc,Medyascope,,,2,rusen_cakir,1
https://www.youtube.com/watch?v=0C9t_V49cFo,Deniz Zeyrek,,,2,deniz_zeyrek,1
https://www.youtube.com/watch?v=jQ1aC_k43WI,Hadi Özışık,,,2,hadi_ozisik,1
https://www.youtube.com/watch?v=c5zoibe5VKo,Fatih Portakal TV,,,2,fatih_portakal,1
https://www.youtube.com/watch?v=K2siWEAJAlU,Enver Aysever,,,2,enver_aysever,1
https://www.youtube.com/watch?v=HcOqpHAbxTg,Sabahattin Önkibar,,,2,sabahattin_onkibar,1
https://www.youtube.com/watch?v=LMBYqzB7Z6U,Hadi Özışık,,,2,hadi_ozisik,1
https://www.youtube.com/watch?v=592J4OFVaW8,Turgay Güler,,,2,turgay_guler,1
https://www.youtube.com/watch?v=kgFHPo6U6X8,Enver Aysever,,,2,enver_aysever,1
https://www.youtube.com/watch?v=T5OG0HbKhvc,Özlem Gürses,,,2,ozlem_gurses,1
https://www.youtube.com/watch?v=m57VqZUh6xs,Fatih Portakal TV,,,2,fatih_portakal,1
https://www.youtube.com/watch?v=RpG5Ux0PwaM,Yılmaz Özdil,,,2,yilmaz_ozdil,1
https://www.youtube.com/watch?v=yPu_Am-8nkQ,Turgay Güler,,,2,turgay_guler,1
https://www.youtube.com/watch?v=serajiYqjmI,Fatih Altaylı,,,2,fatih_altayli,1
https://www.youtube.com/watch?v=e3z7uv2gnMM,Hadi Özışık,,,2,hadi_ozisik,1
https://www.youtube.com/watch?v=4CnONBpfaKQ,Fatih Portakal TV,,,2,fatih_portakal,1
https://www.youtube.com/watch?v=llZrxKO9NgY,Levent Gültekin,,,2,levent_gultekin,1
https://www.youtube.com/watch?v=fn27Fc4iDuw,Medyascope,,,2,rusen_cakir,1
https://www.youtube.com/watch?v=kj1bHmpiyrI,Özlem Gürses,,,2,ozlem_gurses,1
https://www.youtube.com/watch?v=27xWlLF7hO8,Sabahattin Önkibar,,,2,sabahattin_onkibar,1
https://www.youtube.com/watch?v=JOnXSWdZ70Y,Fatih Portakal TV,,,2,fatih_portakal,1
https://www.youtube.com/watch?v=wG7bToRC-9E,Turgay Güler,,,2,turgay_guler,1
https://www.youtube.com/watch?v=W5W6lZQaWmM,Hadi Özışık,,,2,hadi_ozisik,1
https://www.youtube.com/watch?v=mLKYZzunpcU,Fatih Portakal TV,,,2,fatih_portakal,1
https://www.youtube.com/watch?v=zL-BzLV8JJE,Turgay Güler,,,2,turgay_guler,1
https://www.youtube.com/watch?v=Ev0J4BJb06s,Medyascope,,,2,rusen_cakir,1
https://www.youtube.com/watch?v=4YP8zF7lVfo,Enver Aysever,,,2,enver_aysever,1
https://www.youtube.com/watch?v=zGIvD0hWVfE,Sabahattin Önkibar,,,2,sabahattin_onkibar,1
https://www.youtube.com/watch?v=U9iazcDFPeE,Hadi Özışık,,,2,hadi_ozisik,1
https://www.youtube.com/watch?v=i4v75nBPFvU,Özlem Gürses,,,2,ozlem_gurses,1
https://www.youtube.com/watch?v=OXv_jdHJun4,Deniz Zeyrek,,,2,deniz_zeyrek,1
https://www.youtube.com/watch?v=i_e9_N06xSY,Turgay Güler,,,2,turgay_guler,1
https://www.youtube.com/watch?v=a6GrQUqfDVs,Fatih Portakal TV,,,2,fatih_portakal,1
https://www.youtube.com/watch?v=dGMqQdnnrn0,Hadi Özışık,,,2,hadi_ozisik,1
https://www.youtube.com/watch?v=nOVlhx2xKF0,Enver Aysever,,,2,enver_aysever,1
https://www.youtube.com/watch?v=Yz5lYTmw0YI,Yılmaz Özdil,,,2,yilmaz_ozdil,1
https://www.youtube.com/watch?v=tGg2xshROes,Hadi Özışık,,,2,hadi_ozisik,1
https://www.youtube.com/watch?v=uAD1e_yHshA,Turgay Güler,,,2,turgay_guler,1
https://www.youtube.com/watch?v=kIMWdWYC0ZM,Sabahattin Önkibar,,,2,sabahattin_onkibar,1
https://www.youtube.com/watch?v=3CDotPcG9oA,Hadi Özışık,,,2,hadi_ozisik,1
https://www.youtube.com/watch?v=fU2wEjM7j9I,Levent Gültekin,,,2,levent_gultekin,1
https://www.youtube.com/watch?v=pY_8-Q_oMtg,Enver Aysever,,,2,enver_aysever,1
https://www.youtube.com/watch?v=7gGPjo3vxt0,Medyascope,,,2,rusen_cakir,1
https://www.youtube.com/watch?v=ASWHkqFfulk,Fatih Portakal TV,,,2,fatih_portakal,1
https://www.youtube.com/watch?v=Zxg4atq4Tjc,Özlem Gürses,,,2,ozlem_gurses,1
https://www.youtube.com/watch?v=n0OtlX0UEaA,Hadi Özışık,,,2,hadi_ozisik,1
https://www.youtube.com/watch?v=Fn3tgTjvnAI,Turgay Güler,,,2,turgay_guler,1
https://www.youtube.com/watch?v=YHhhVkZuksg,Fatih Altaylı,,,2,fatih_altayli,1
https://www.youtube.com/watch?v=7023B64yBxs,Enver Aysever,,,2,enver_aysever,1
https://www.youtube.com/watch?v=uByzuLgJDeU,Enver Aysever,,,2,enver_aysever,1
https://www.youtube.com/watch?v=bvAvD6tBTkc,Fatih Portakal TV,,,2,fatih_portakal,1
https://www.youtube.com/watch?v=qXHgZlzei3I,Sabahattin Önkibar,,,2,sabahattin_onkibar,1
https://www.youtube.com/watch?v=m7QX8_MuhD8,Medyascope,,,2,rusen_cakir,1
https://www.youtube.com/watch?v=rCV3xWxDrUY,Turgay Güler,,,2,turgay_guler,1
https://www.youtube.com/watch?v=ZAEDaJ8viiU,Hadi Özışık,,,2,hadi_ozisik,1
https://www.youtube.com/watch?v=JGXMztCPTgo,Enver Aysever,,,2,enver_aysever,1
https://www.youtube.com/watch?v=M-yWz_JoMO4,Fatih Portakal TV,,,2,fatih_portakal,1
https://www.youtube.com/watch?v=PziT6nFZAKk,Hadi Özışık,,,2,hadi_ozisik,1
https://www.youtube.com/watch?v=49wtTWBr-h8,Deniz Zeyrek,,,2,deniz_zeyrek,1
https://www.youtube.com/watch?v=1yrD55dNKzk,Yılmaz Özdil,,,2,yilmaz_ozdil,1
https://www.youtube.com/watch?v=YZcBaeGwXOo,Turgay Güler,,,2,turgay_guler,1
https://www.youtube.com/watch?v=yD8qqcCr7bE,Özlem Gürses,,,2,ozlem_gurses,1
https://www.youtube.com/watch?v=yLzk_RNFaXQ,Fatih Portakal TV,,,2,fatih_portakal,1
https://www.youtube.com/watch?v=GganGV1A6ho,Sabahattin Önkibar,,,2,sabahattin_onkibar,1
https://www.youtube.com/watch?v=I6Kx59-Cesg,Fatih Portakal TV,,,2,fatih_portakal,1
https://www.youtube.com/watch?v=o-Zphr3eFlw,Turgay Güler,,,2,turgay_guler,1
https://www.youtube.com/watch?v=aIRTTmTCV80,Enver Aysever,,,2,enver_aysever,1
https://www.youtube.com/watch?v=PmZ-qK1mYzo,Hadi Özışık,,,2,hadi_ozisik,1
https://www.youtube.com/watch?v=EM5h2hDj4DA,Medyascope,,,2,rusen_cakir,1
https://www.youtube.com/watch?v=PGCUdJnkDpI,Hadi Özışık,,,2,hadi_ozisik,1
https://www.youtube.com/watch?v=-ZJ8ICnVAoQ,Turgay Güler,,,2,turgay_guler,1
https://www.youtube.com/watch?v=slGej0jYYlY,Levent Gültekin,,,2,levent_gultekin,1
https://www.youtube.com/watch?v=qCfVigKErOE,Fatih Portakal TV,,,2,fatih_portakal,1
https://www.youtube.com/watch?v=MpKv69n6er8,Turgay Güler,,,2,turgay_guler,1
https://www.youtube.com/watch?v=hKPCerqbrNk,Özlem Gürses,,,2,ozlem_gurses,1
https://www.youtube.com/watch?v=iRVoMp4b0bM,Sabahattin Önkibar,,,2,sabahattin_onkibar,1
https://www.youtube.com/watch?v=wWmnTAdB3Us,Medyascope,,,2,rusen_cakir,1
https://www.youtube.com/watch?v=0H4ZxsmofBg,Turgay Güler,,,2,turgay_guler,1
https://www.youtube.com/watch?v=d5yFvsG7fqM,Hadi Özışık,,,2,hadi_ozisik,1
https://www.youtube.com/watch?v=B3VNqQQk80w,Özlem Gürses,,,2,ozlem_gurses,1
https://www.youtube.com/watch?v=QXLB4OK5EdA,Hadi Özışık,,,2,hadi_ozisik,1
https://www.youtube.com/watch?v=EkRvoPnCyw8,Fatih Portakal TV,,,2,fatih_portakal,1
https://www.youtube.com/watch?v=lsRyQEO6yGM,Turgay Güler,,,2,turgay_guler,1
https://www.youtube.com/watch?v=OdtELwmD7EI,Deniz Zeyrek,,,2,deniz_zeyrek,1
https://www.youtube.com/watch?v=6xNvfjvf8i4,Sabahattin Önkibar,,,2,sabahattin_onkibar,1
https://www.youtube.com/watch?v=VgPqqmrl-0I,Yılmaz Özdil,,,2,yilmaz_ozdil,1
https://www.youtube.com/watch?v=gVIiujjI7lY,Medyascope,,,2,rusen_cakir,1
https://www.youtube.com/watch?v=swQ98E8v4uw,Hadi Özışık,,,2,hadi_ozisik,1
https://www.youtube.com/watch?v=BypWmCJFFvk,Turgay Güler,,,2,turgay_guler,1
https://www.youtube.com/watch?v=VGqkWQ7_vA4,Fatih Altaylı,,,2,fatih_altayli,1
https://www.youtube.com/watch?v=PPi8XZl6gGw,Hadi Özışık,,,2,hadi_ozisik,1
https://www.youtube.com/watch?v=vuAOGWPbMHE,Fatih Portakal TV,,,2,fatih_portakal,1
https://www.youtube.com/watch?v=49I32vouXHE,Turgay Güler,,,2,turgay_guler,1
https://www.youtube.com/watch?v=l4cxCAdWOnQ,Özlem Gürses,,,2,ozlem_gurses,1
https://www.youtube.com/watch?v=DEshsF5BHRI,Hadi Özışık,,,2,hadi_ozisik,1
https://www.youtube.com/watch?v=-jWMjkBvCCU,Enver Aysever,,,2,enver_aysever,1
https://www.youtube.com/watch?v=_X4m30qXTS8,Sabahattin Önkibar,,,2,sabahattin_onkibar,1
https://www.youtube.com/watch?v=y67E-_drlLY,Hadi Özışık,,,2,hadi_ozisik,1
https://www.youtube.com/watch?v=3NCFcCR2rfw,Turgay Güler,,,2,turgay_guler,1
https://www.youtube.com/watch?v=ohA_YR8xYBA,Medyascope,,,2,rusen_cakir,1
https://www.youtube.com/watch?v=Y3fGdL4l7T8,Özlem Gürses,,,2,ozlem_gurses,1
https://www.youtube.com/watch?v=zHmG1ODbAlU,Fatih Portakal TV,,,2,fatih_portakal,1
https://www.youtube.com/watch?v=yINksI6-gDk,Levent Gültekin,,,2,levent_gultekin,1
https://www.youtube.com/watch?v=KL68MokOJfc,Enver Aysever,,,2,enver_aysever,1
https://www.youtube.com/watch?v=cDM7WjYCAl8,Fatih Portakal TV,,,2,fatih_portakal,1
https://www.youtube.com/watch?v=kBEZ1U2NJ4E,Hadi Özışık,,,2,hadi_ozisik,1
https://www.youtube.com/watch?v=EpEAPayjwfs,Turgay Güler,,,2,turgay_guler,1
https://www.youtube.com/watch?v=mFoxultGBfA,Enver Aysever,,,2,enver_aysever,1
https://www.youtube.com/watch?v=ckk5NyOWfok,Medyascope,,,2,rusen_cakir,1
https://www.youtube.com/watch?v=iEM9QiVrAro,Sabahattin Önkibar,,,2,sabahattin_onkibar,1
https://www.youtube.com/watch?v=4TAcJ7Yjd9w,Turgay Güler,,,2,turgay_guler,1
https://www.youtube.com/watch?v=oV-3MUWqSr0,Hadi Özışık,,,2,hadi_ozisik,1
https://www.youtube.com/watch?v=KjJQmakz4ek,Deniz Zeyrek,,,2,deniz_zeyrek,1
https://www.youtube.com/watch?v=yllwJtU15mM,Enver Aysever,,,2,enver_aysever,1
https://www.youtube.com/watch?v=AScfCDXGBUw,Yılmaz Özdil,,,2,yilmaz_ozdil,1
https://www.youtube.com/watch?v=2SSXe9-SYck,Turgay Güler,,,2,turgay_guler,1
https://www.youtube.com/watch?v=PAc8-R0-QPc,Hadi Özışık,,,2,hadi_ozisik,1
https://www.youtube.com/watch?v=JSybH6Ia4Ls,Fatih Portakal TV,,,2,fatih_portakal,1
https://www.youtube.com/watch?v=z3LUhbAihew,Özlem Gürses,,,2,ozlem_gurses,1
https://www.youtube.com/watch?v=NlCeMs8OvZg,Enver Aysever,,,2,enver_aysever,1
https://www.youtube.com/watch?v=ugdMRaUA2iU,Turgay Güler,,,2,turgay_guler,1
https://www.youtube.com/watch?v=J1Xoc-tx7U4,Hadi Özışık,,,2,hadi_ozisik,1
https://www.youtube.com/watch?v=kqbLTfaYzM0,Medyascope,,,2,rusen_cakir,1
https://www.youtube.com/watch?v=zMVWBwiP2sY,Sabahattin Önkibar,,,2,sabahattin_onkibar,1
https://www.youtube.com/watch?v=iMrVK55tOXU,Fatih Portakal TV,,,2,fatih_portakal,1
https://www.youtube.com/watch?v=fbbOTRBpstk,Enver Aysever,,,2,enver_aysever,1
https://www.youtube.com/watch?v=V0NuGUYdx2Y,Turgay Güler,,,2,turgay_guler,1
https://www.youtube.com/watch?v=zm17RtnTEaA,Hadi Özışık,,,2,hadi_ozisik,1
https://www.youtube.com/watch?v=K_8Gqb_wCQ8,Özlem Gürses,,,2,ozlem_gurses,1
https://www.youtube.com/watch?v=yo_sMMd-tIc,Fatih Portakal TV,,,2,fatih_portakal,1
https://www.youtube.com/watch?v=GHUkIkLjCdw,Fatih Altaylı,,,2,fatih_altayli,1
https://www.youtube.com/watch?v=if1823H72KQ,Turgay Güler,,,2,turgay_guler,1
https://www.youtube.com/watch?v=voEKT2Mb_Bs,Levent Gültekin,,,2,levent_gultekin,1
https://www.youtube.com/watch?v=WztwhR-ugx8,Enver Aysever,,,2,enver_aysever,1
https://www.youtube.com/watch?v=f9GN2lD5oYc,Sabahattin Önkibar,,,2,sabahattin_onkibar,1
https://www.youtube.com/watch?v=2Tub3iak1GE,Hadi Özışık,,,2,hadi_ozisik,1
https://www.youtube.com/watch?v=eYSlB5MEYoM,Fatih Portakal TV,,,2,fatih_portakal,1
https://www.youtube.com/watch?v=y-09z4Qd-nw,Medyascope,,,2,rusen_cakir,1
https://www.youtube.com/watch?v=bJvdwUlWdno,Turgay Güler,,,2,turgay_guler,1
https://www.youtube.com/watch?v=5IQH27p1SdA,Deniz Zeyrek,,,2,deniz_zeyrek,1
https://www.youtube.com/watch?v=NYGwDzmNI-s,Enver Aysever,,,2,enver_aysever,1
https://www.youtube.com/watch?v=3zn04EIw_3Q,Yılmaz Özdil,,,2,yilmaz_ozdil,1
https://www.youtube.com/watch?v=hCLF7fquejE,Hadi Özışık,,,2,hadi_ozisik,1
https://www.youtube.com/watch?v=xLN-ZoiVQq8,Özlem Gürses,,,2,ozlem_gurses,1
https://www.youtube.com/watch?v=38AKHULuaNo,Turgay Güler,,,2,turgay_guler,1
https://www.youtube.com/watch?v=kwPJ5dTTf6Y,Sabahattin Önkibar,,,2,sabahattin_onkibar,1
https://www.youtube.com/watch?v=c6zu8xFYSZQ,Medyascope,,,2,rusen_cakir,1
https://www.youtube.com/watch?v=r9Op7k0iMKk,Fatih Portakal TV,,,2,fatih_portakal,1
https://www.youtube.com/watch?v=CeKz6251VHA,Turgay Güler,,,2,turgay_guler,1
https://www.youtube.com/watch?v=OB3ofk0LOlY,Fatih Portakal TV,,,2,fatih_portakal,1
https://www.youtube.com/watch?v=uKhDpSUUCeM,Hadi Özışık,,,2,hadi_ozisik,1
https://www.youtube.com/watch?v=_TYmpnzkXYY,Fatih Portakal TV,,,2,fatih_portakal,1
https://www.youtube.com/watch?v=NayHQQO3tJ0,Enver Aysever,,,2,enver_aysever,1
https://www.youtube.com/watch?v=YBBxMBpn6qA,Medyascope,,,2,rusen_cakir,1
https://www.youtube.com/watch?v=KMz73ADKc94,Turgay Güler,,,2,turgay_guler,1
https://www.youtube.com/watch?v=Lc0VziQvxUA,Sabahattin Önkibar,,,2,sabahattin_onkibar,1
https://www.youtube.com/watch?v=Y9IX1ynjzXg,Deniz Zeyrek,,,2,deniz_zeyrek,1
https://www.youtube.com/watch?v=vvlVcwxy6XM,Hadi Özışık,,,2,hadi_ozisik,1
https://www.youtube.com/watch?v=EEwqeseSFQg,Özlem Gürses,,,2,ozlem_gurses,1
https://www.youtube.com/watch?v=7g-bx2c_J5g,Fatih Portakal TV,,,2,fatih_portakal,1
https://www.youtube.com/watch?v=EmJM6hySrfw,Turgay Güler,,,2,turgay_guler,1
https://www.youtube.com/watch?v=W-1Y4GlQjR8,Levent Gültekin,,,2,levent_gultekin,1
https://www.youtube.com/watch?v=xuwlnnMGEs8,Fatih Altaylı,,,2,fatih_altayli,1
https://www.youtube.com/watch?v=eY1uxUM7GqY,Hadi Özışık,,,2,hadi_ozisik,1
https://www.youtube.com/watch?v=D94yP7m9qEI,Yılmaz Özdil,,,2,yilmaz_ozdil,1
https://www.youtube.com/watch?v=1Ed-6GiOT0M,Medyascope,,,2,rusen_cakir,1
https://www.youtube.com/watch?v=ODs7so0qiho,Sabahattin Önkibar,,,2,sabahattin_onkibar,1
https://www.youtube.com/watch?v=35qkyhMbCZQ,Turgay Güler,,,2,turgay_guler,1
https://www.youtube.com/watch?v=I5sR3h3VJ8Q,Fatih Portakal TV,,,2,fatih_portakal,1
https://www.youtube.com/watch?v=w71cAjJzdfk,Hadi Özışık,,,2,hadi_ozisik,1
https://www.youtube.com/watch?v=hSh6KjJhP80,Enver Aysever,,,2,enver_aysever,1
https://www.youtube.com/watch?v=2eeN_rPmzmw,Turgay Güler,,,2,turgay_guler,1
https://www.youtube.com/watch?v=dveqxjK0MlU,Özlem Gürses,,,2,ozlem_gurses,1
https://www.youtube.com/watch?v=KnRQVII4r5Q,Fatih Portakal TV,,,2,fatih_portakal,1
https://www.youtube.com/watch?v=LCoh8G_h_gI,Hadi Özışık,,,2,hadi_ozisik,1
https://www.youtube.com/watch?v=eJ1w9Dv1fHk,Enver Aysever,,,2,enver_aysever,1
https://www.youtube.com/watch?v=0W6DiI7WKLQ,Medyascope,,,2,rusen_cakir,1
https://www.youtube.com/watch?v=17MDDX81tOo,Turgay Güler,,,2,turgay_guler,1
https://www.youtube.com/watch?v=rBrGaYhTt68,Sabahattin Önkibar,,,2,sabahattin_onkibar,1
https://www.youtube.com/watch?v=7rWlWgmMHcQ,Fatih Portakal TV,,,2,fatih_portakal,1
https://www.youtube.com/watch?v=06yRq194ga0,Hadi Özışık,,,2,hadi_ozisik,1
https://www.youtube.com/watch?v=cnhmtxR5jvw,Turgay Güler,,,2,turgay_guler,1
https://www.youtube.com/watch?v=p1hRBhxIOD8,Deniz Zeyrek,,,2,deniz_zeyrek,1
https://www.youtube.com/watch?v=6nZcH2b98Ic,Fatih Portakal TV,,,2,fatih_portakal,1
https://www.youtube.com/watch?v=IMPBwhHbjr8,Enver Aysever,,,2,enver_aysever,1
https://www.youtube.com/watch?v=V0icmSfPnVE,Hadi Özışık,,,2,hadi_ozisik,1
https://www.youtube.com/watch?v=tI0VPxu6vek,Fatih Portakal TV,,,2,fatih_portakal,1
https://www.youtube.com/watch?v=CXBZ-OqXChs,Özlem Gürses,,,2,ozlem_gurses,1
https://www.youtube.com/watch?v=rLKyjHJT0Wg,Turgay Güler,,,2,turgay_guler,1
https://www.youtube.com/watch?v=3-y8OoY-BME,Medyascope,,,2,rusen_cakir,1
https://www.youtube.com/watch?v=5qZPRX0-Up4,Sabahattin Önkibar,,,2,sabahattin_onkibar,1
https://www.youtube.com/watch?v=E1QIz387C40,Enver Aysever,,,2,enver_aysever,1
https://www.youtube.com/watch?v=MNeZrvtRBME,Fatih Portakal TV,,,2,fatih_portakal,1
https://www.youtube.com/watch?v=YP1xq5KRqjE,Özlem Gürses,,,2,ozlem_gurses,1
https://www.youtube.com/watch?v=ZhAE9wdGPbk,Levent Gültekin,,,2,levent_gultekin,1
https://www.youtube.com/watch?v=eXjBbPzoJmU,Yılmaz Özdil,,,2,yilmaz_ozdil,1
https://www.youtube.com/watch?v=KGo4uXBPQCM,Enver Aysever,,,2,enver_aysever,1
https://www.youtube.com/watch?v=m2l-yTb2GGs,Turgay Güler,,,2,turgay_guler,1
https://www.youtube.com/watch?v=JKvihRRz-1g,Fatih Portakal TV,,,2,fatih_portakal,1
https://www.youtube.com/watch?v=aOUzQ2Vik6o,Hadi Özışık,,,2,hadi_ozisik,1
https://www.youtube.com/watch?v=fTP5-lxEEp0,Enver Aysever,,,2,enver_aysever,1
https://www.youtube.com/watch?v=KbdERnO_LC4,Medyascope,,,2,rusen_cakir,1
https://www.youtube.com/watch?v=uqphT70Od8o,Hadi Özışık,,,2,hadi_ozisik,1
https://www.youtube.com/watch?v=W8DLiwkxi0o,Deniz Zeyrek,,,2,deniz_zeyrek,1
https://www.youtube.com/watch?v=gltTUywxiSQ,Sabahattin Önkibar,,,2,sabahattin_onkibar,1
https://www.youtube.com/watch?v=_QIGhtQSZrg,Turgay Güler,,,2,turgay_guler,1
https://www.youtube.com/watch?v=cpV0jORGhZI,Fatih Portakal TV,,,2,fatih_portakal,1
https://www.youtube.com/watch?v=EX5imFNOQWI,Fatih Altaylı,,,2,fatih_altayli,1
https://www.youtube.com/watch?v=12lJxXtp0e4,Özlem Gürses,,,2,ozlem_gurses,1
https://www.youtube.com/watch?v=LrZzx8E_rQw,Hadi Özışık,,,2,hadi_ozisik,1
https://www.youtube.com/watch?v=VqQl-JVA3IU,Enver Aysever,,,2,enver_aysever,1
https://www.youtube.com/watch?v=HqmXECHTlkg,Fatih Portakal TV,,,2,fatih_portakal,1
https://www.youtube.com/watch?v=9e8x0hhMOFo,Medyascope,,,2,rusen_cakir,1
https://www.youtube.com/watch?v=dsZAmdg6P9I,Enver Aysever,,,2,enver_aysever,1
https://www.youtube.com/watch?v=tiAx625xOmA,Hadi Özışık,,,2,hadi_ozisik,1
https://www.youtube.com/watch?v=FeqJ1iczhPs,Turgay Güler,,,2,turgay_guler,1
https://www.youtube.com/watch?v=-GI0_NMkx8g,Sabahattin Önkibar,,,2,sabahattin_onkibar,1
https://www.youtube.com/watch?v=09wsGXfH9eI,Fatih Portakal TV,,,2,fatih_portakal,1
https://www.youtube.com/watch?v=AV60_9IZ9RA,Enver Aysever,,,2,enver_aysever,1
https://www.youtube.com/watch?v=GNAM-i5fIAc,Hadi Özışık,,,2,hadi_ozisik,1
https://www.youtube.com/watch?v=xv2g9VbhDRo,Turgay Güler,,,2,turgay_guler,1
https://www.youtube.com/watch?v=dccZH7pkLBs,Özlem Gürses,,,2,ozlem_gurses,1
https://www.youtube.com/watch?v=iZpM3ArYktA,Fatih Portakal TV,,,2,fatih_portakal,1
https://www.youtube.com/watch?v=ocL3E5YAVXY,Yılmaz Özdil,,,2,yilmaz_ozdil,1
https://www.youtube.com/watch?v=4Y3LyKY_UkE,Enver Aysever,,,2,enver_aysever,1
https://www.youtube.com/watch?v=nMLvPUMqEU0,Medyascope,,,2,rusen_cakir,1
https://www.youtube.com/watch?v=ju-wQfLW2Rc,Levent Gültekin,,,2,levent_gultekin,1
https://www.youtube.com/watch?v=Y4Avc6o-dtw,Hadi Özışık,,,2,hadi_ozisik,1
https://www.youtube.com/watch?v=WrXLkNhTxIk,Fatih Portakal TV,,,2,fatih_portakal,1
https://www.youtube.com/watch?v=lWwiwi8v4BI,Sabahattin Önkibar,,,2,sabahattin_onkibar,1
https://www.youtube.com/watch?v=YB2hrYVvvkY,Turgay Güler,,,2,turgay_guler,1
https://www.youtube.com/watch?v=HDAsFCwPqfs,Özlem Gürses,,,2,ozlem_gurses,1
https://www.youtube.com/watch?v=fdn4CZFuO1M,Deniz Zeyrek,,,2,deniz_zeyrek,1
https://www.youtube.com/watch?v=1R7cWDtg55I,Fatih Portakal TV,,,2,fatih_portakal,1
https://www.youtube.com/watch?v=uvVcIhMR9rE,Turgay Güler,,,2,turgay_guler,1
https://www.youtube.com/watch?v=KCrrnKUZINQ,Hadi Özışık,,,2,hadi_ozisik,1
https://www.youtube.com/watch?v=X3BzmOIFZYw,Enver Aysever,,,2,enver_aysever,1
https://www.youtube.com/watch?v=rZDSpTiYGvg,Medyascope,,,2,rusen_cakir,1
https://www.youtube.com/watch?v=i8DUEy7a6IM,Özlem Gürses,,,2,ozlem_gurses,1
https://www.youtube.com/watch?v=3PLLjOV3L08,Enver Aysever,,,2,enver_aysever,1
https://www.youtube.com/watch?v=XeLohbXG_I0,Turgay Güler,,,2,turgay_guler,1
https://www.youtube.com/watch?v=lFNLMJDI6fE,Fatih Portakal TV,,,2,fatih_portakal,1
https://www.youtube.com/watch?v=zj7T4Y989CE,Sabahattin Önkibar,,,2,sabahattin_onkibar,1
https://www.youtube.com/watch?v=QW1qjDhkoig,Hadi Özışık,,,2,hadi_ozisik,1
https://www.youtube.com/watch?v=Nh7XwFbcD1s,Enver Aysever,,,2,enver_aysever,1
https://www.youtube.com/watch?v=X91breNU5bc,Fatih Altaylı,,,2,fatih_altayli,1
https://www.youtube.com/watch?v=6mYvC2tgXfg,Hadi Özışık,,,2,hadi_ozisik,1
https://www.youtube.com/watch?v=ugVeiGgbLDw,Özlem Gürses,,,2,ozlem_gurses,1
https://www.youtube.com/watch?v=BMF9ansyo-A,Turgay Güler,,,2,turgay_guler,1
https://www.youtube.com/watch?v=0sSdpXqIL9U,Fatih Portakal TV,,,2,fatih_portakal,1
https://www.youtube.com/watch?v=QeR89r1julw,Medyascope,,,2,rusen_cakir,1
https://www.youtube.com/watch?v=N-UxJhwZ-Wk,Sabahattin Önkibar,,,2,sabahattin_onkibar,1
https://www.youtube.com/watch?v=d6asZFqOuLI,Fatih Portakal TV,,,2,fatih_portakal,1
https://www.youtube.com/watch?v=280ZnQj_lt4,Yılmaz Özdil,,,2,yilmaz_ozdil,1
https://www.youtube.com/watch?v=_kXDGjh7ZDo,Turgay Güler,,,2,turgay_guler,1
https://www.youtube.com/watch?v=v5zs04Yd2mk,Deniz Zeyrek,,,2,deniz_zeyrek,1
https://www.youtube.com/watch?v=utAx2CTD4bA,Levent Gültekin,,,2,levent_gultekin,1
https://www.youtube.com/watch?v=WjOEeucx2NU,Hadi Özışık,,,2,hadi_ozisik,1
https://www.youtube.com/watch?v=k3ZB4JcGjUI,Fatih Portakal TV,,,2,fatih_portakal,1
https://www.youtube.com/watch?v=cBfHlOq7GIA,Turgay Güler,,,2,turgay_guler,1
https://www.youtube.com/watch?v=MCtXmvTDCsE,Özlem Gürses,,,2,ozlem_gurses,1
https://www.youtube.com/watch?v=jgitFEvUQfQ,Medyascope,,,2,rusen_cakir,1
https://www.youtube.com/watch?v=Sy-f4e54wVw,Fatih Portakal TV,,,2,fatih_portakal,1
https://www.youtube.com/watch?v=H8IzZ9zd8vI,Hadi Özışık,,,2,hadi_ozisik,1
https://www.youtube.com/watch?v=c9XEfOdSqRk,Turgay Güler,,,2,turgay_guler,1
https://www.youtube.com/watch?v=2KB7ZuFkl6o,Sabahattin Önkibar,,,2,sabahattin_onkibar,1
https://www.youtube.com/watch?v=WQFVGW9u_EQ,Hadi Özışık,,,2,hadi_ozisik,1
https://www.youtube.com/watch?v=62FguhfUkXs,Enver Aysever,,,2,enver_aysever,1
https://www.youtube.com/watch?v=f6Zw6CxRx8Q,Fatih Portakal TV,,,2,fatih_portakal,1
https://www.youtube.com/watch?v=MWt1gNNGo4E,Turgay Güler,,,2,turgay_guler,1
https://www.youtube.com/watch?v=jOyuKDOa7ew,Enver Aysever,,,2,enver_aysever,1
https://www.youtube.com/watch?v=jvpqt2rA574,Medyascope,,,2,rusen_cakir,1
https://www.youtube.com/watch?v=rs9yDwTJe8g,Fatih Portakal TV,,,2,fatih_portakal,1
https://www.youtube.com/watch?v=0big_N_BC5k,Özlem Gürses,,,2,ozlem_gurses,1
https://www.youtube.com/watch?v=_PGc_v1b-XE,Hadi Özışık,,,2,hadi_ozisik,1
https://www.youtube.com/watch?v=6supkO_FRlQ,Enver Aysever,,,2,enver_aysever,1
https://www.youtube.com/watch?v=2wgOQyDt-38,Sabahattin Önkibar,,,2,sabahattin_onkibar,1
https://www.youtube.com/watch?v=QIuqWAdIRiU,Turgay Güler,,,2,turgay_guler,1
https://www.youtube.com/watch?v=wC63DQ8Jy7E,Fatih Portakal TV,,,2,fatih_portakal,1
https://www.youtube.com/watch?v=-b62sgSg4RI,Yılmaz Özdil,,,2,yilmaz_ozdil,1
https://www.youtube.com/watch?v=BC56gBUl_lo,Hadi Özışık,,,2,hadi_ozisik,1
https://www.youtube.com/watch?v=18Z2PZXCFUM,Medyascope,,,2,rusen_cakir,1
https://www.youtube.com/watch?v=HuByvUgsvm0,Enver Aysever,,,2,enver_aysever,1
https://www.youtube.com/watch?v=qofjyKqDrgA,Deniz Zeyrek,,,2,deniz_zeyrek,1
https://www.youtube.com/watch?v=Q43ICV-I9Ng,Levent Gültekin,,,2,levent_gultekin,1
https://www.youtube.com/watch?v=hwosAXHkII0,Turgay Güler,,,2,turgay_guler,1
https://www.youtube.com/watch?v=9p9q4ciOl40,Hadi Özışık,,,2,hadi_ozisik,1
https://www.youtube.com/watch?v=GmN8jTQJQc4,Sabahattin Önkibar,,,2,sabahattin_onkibar,1
https://www.youtube.com/watch?v=tQDcyPlZ-Zc,Fatih Portakal TV,,,2,fatih_portakal,1
https://www.youtube.com/watch?v=XK7e0hF1ru0,Enver Aysever,,,2,enver_aysever,1
https://www.youtube.com/watch?v=CkD-un7A_1U,Turgay Güler,,,2,turgay_guler,1
https://www.youtube.com/watch?v=EvTT9MLPHOs,Turgay Güler,,,2,turgay_guler,1
https://www.youtube.com/watch?v=bOjGtw3o6-0,Medyascope,,,2,rusen_cakir,1
https://www.youtube.com/watch?v=telZv-QLzkw,Fatih Portakal TV,,,2,fatih_portakal,1
https://www.youtube.com/watch?v=68OpWHgzV2s,Fatih Altaylı,,,2,fatih_altayli,1
https://www.youtube.com/watch?v=evjQ_ZXsjMc,Hadi Özışık,,,2,hadi_ozisik,1
https://www.youtube.com/watch?v=hOkP9TEq37w,Enver Aysever,,,2,enver_aysever,1
https://www.youtube.com/watch?v=KeCxXxOI8ec,Sabahattin Önkibar,,,2,sabahattin_onkibar,1
https://www.youtube.com/watch?v=FuJHHSMXSy8,Turgay Güler,,,2,turgay_guler,1
https://www.youtube.com/watch?v=c8G5tFxcL0U,Fatih Portakal TV,,,2,fatih_portakal,1
https://www.youtube.com/watch?v=wz8ouqyojc0,Fatih Portakal TV,,,2,fatih_portakal,1
https://www.youtube.com/watch?v=2a82zFCJJvs,Hadi Özışık,,,2,hadi_ozisik,1
https://www.youtube.com/watch?v=719MuFo21jo,Turgay Güler,,,2,turgay_guler,1
https://www.youtube.com/watch?v=lBKNVg1Ushc,Yılmaz Özdil,,,2,yilmaz_ozdil,1
https://www.youtube.com/watch?v=ictrHVQgjuo,Medyascope,,,2,rusen_cakir,1
https://www.youtube.com/watch?v=qjRWdebXtJg,Fatih Portakal TV,,,2,fatih_portakal,1
https://www.youtube.com/watch?v=P0MT6FhME_Q,Hadi Özışık,,,2,hadi_ozisik,1
https://www.youtube.com/watch?v=ns1tsgmHfk8,Sabahattin Önkibar,,,2,sabahattin_onkibar,1
https://www.youtube.com/watch?v=dXthErQvivE,Turgay Güler,,,2,turgay_guler,1
https://www.youtube.com/watch?v=flvszxTeu6I,Enver Aysever,,,2,enver_aysever,1
https://www.youtube.com/watch?v=q2QOW5xHFDo,Deniz Zeyrek,,,2,deniz_zeyrek,1
https://www.youtube.com/watch?v=9xpAlAc98hM,Hadi Özışık,,,2,hadi_ozisik,1
https://www.youtube.com/watch?v=NEoSX-hTe50,Levent Gültekin,,,2,levent_gultekin,1
https://www.youtube.com/watch?v=47AFMG59rDM,Fatih Portakal TV,,,2,fatih_portakal,1
https://www.youtube.com/watch?v=xf3MuMVhgb0,Enver Aysever,,,2,enver_aysever,1
https://www.youtube.com/watch?v=AcWNnAgT_BY,Medyascope,,,2,rusen_cakir,1
https://www.youtube.com/watch?v=klv_2vFmXXc,Hadi Özışık,,,2,hadi_ozisik,1
https://www.youtube.com/watch?v=Mw_O5zpZ6no,Turgay Güler,,,2,turgay_guler,1
https://www.youtube.com/watch?v=HtevBzb4sQ4,Deniz Zeyrek,,,2,deniz_zeyrek,1
https://www.youtube.com/watch?v=a_Mb0xI61hA,Sabahattin Önkibar,,,2,sabahattin_onkibar,1
https://www.youtube.com/watch?v=bC5-91kCOuE,Yılmaz Özdil,,,2,yilmaz_ozdil,1
https://www.youtube.com/watch?v=GJAOBohT_6U,Fatih Portakal TV,,,2,fatih_portakal,1
https://www.youtube.com/watch?v=_lN4di--cwY,Turgay Güler,,,2,turgay_guler,1
https://www.youtube.com/watch?v=5qL12NC7pwA,Hadi Özışık,,,2,hadi_ozisik,1
https://www.youtube.com/watch?v=c7z3QOs6z-o,Hadi Özışık,,,2,hadi_ozisik,1
https://www.youtube.com/watch?v=06ffyyk5c3Q,Medyascope,,,2,rusen_cakir,1
https://www.youtube.com/watch?v=hdxtTEcLL3I,Turgay Güler,,,2,turgay_guler,1
https://www.youtube.com/watch?v=kucmGjqISNc,Fatih Portakal TV,,,2,fatih_portakal,1
https://www.youtube.com/watch?v=dQvvm2uxo2I,Hadi Özışık,,,2,hadi_ozisik,1
https://www.youtube.com/watch?v=JZ83Ba3yzh0,Sabahattin Önkibar,,,2,sabahattin_onkibar,1
https://www.youtube.com/watch?v=PTcxAYZDXH0,Turgay Güler,,,2,turgay_guler,1
https://www.youtube.com/watch?v=YqbJCyfXw1A,Enver Aysever,,,2,enver_aysever,1
https://www.youtube.com/watch?v=Yxhq1BD5q08,Fatih Altaylı,,,2,fatih_altayli,1
https://www.youtube.com/watch?v=IPCVei6toWM,Medyascope,,,2,rusen_cakir,1
https://www.youtube.com/watch?v=_pqLb_RP1uw,Fatih Portakal TV,,,2,fatih_portakal,1
https://www.youtube.com/watch?v=O7JvWrpKKkI,Turgay Güler,,,2,turgay_guler,1
https://www.youtube.com/watch?v=TshitfJ_tuM,Levent Gültekin,,,2,levent_gultekin,1
https://www.youtube.com/watch?v=5SgklOb0Kew,Hadi Özışık,,,2,hadi_ozisik,1
https://www.youtube.com/watch?v=vpxQaJ2LA-s,Sabahattin Önkibar,,,2,sabahattin_onkibar,1
https://www.youtube.com/watch?v=eElRNgqswm8,Fatih Portakal TV,,,2,fatih_portakal,1
https://www.youtube.com/watch?v=kxsfqRoK8TI,Turgay Güler,,,2,turgay_guler,1
https://www.youtube.com/watch?v=-cG_3Plp6Tk,Hadi Özışık,,,2,hadi_ozisik,1
https://www.youtube.com/watch?v=uhkgx0vUZtM,Enver Aysever,,,2,enver_aysever,1
https://www.youtube.com/watch?v=ZYwpqQTqmBA,Deniz Zeyrek,,,2,deniz_zeyrek,1
https://www.youtube.com/watch?v=HXQQaUD8-uM,Yılmaz Özdil,,,2,yilmaz_ozdil,1
https://www.youtube.com/watch?v=cyfEd72hPxo,Enver Aysever,,,2,enver_aysever,1
https://www.youtube.com/watch?v=95-Ojx3id34,Medyascope,,,2,rusen_cakir,1
https://www.youtube.com/watch?v=GF1cospMDVk,Fatih Portakal TV,,,2,fatih_portakal,1
https://www.youtube.com/watch?v=KlM5593uviM,Hadi Özışık,,,2,hadi_ozisik,1
https://www.youtube.com/watch?v=7HVEmGx-b5s,Turgay Güler,,,2,turgay_guler,1
https://www.youtube.com/watch?v=RnOr-2d4jAk,Sabahattin Önkibar,,,2,sabahattin_onkibar,1
https://www.youtube.com/watch?v=YOH7Di8r6Wg,Hadi Özışık,,,2,hadi_ozisik,1
https://www.youtube.com/watch?v=Dkfi8hlm_bI,Hadi Özışık,,,2,hadi_ozisik,1
https://www.youtube.com/watch?v=4biehAh8aUQ,Turgay Güler,,,2,turgay_guler,1
https://www.youtube.com/watch?v=uCy6A9qm_78,Fatih Portakal TV,,,2,fatih_portakal,1
https://www.youtube.com/watch?v=MHMpbnA9yx8,Medyascope,,,2,rusen_cakir,1
https://www.youtube.com/watch?v=o8mWBQMmQIU,Hadi Özışık,,,2,hadi_ozisik,1
https://www.youtube.com/watch?v=yZ3K2_wqy3U,Hadi Özışık,,,2,hadi_ozisik,1
https://www.youtube.com/watch?v=VQY5Izxc1T4,Levent Gültekin,,,2,levent_gultekin,1
https://www.youtube.com/watch?v=EtXRgmLgNek,Sabahattin Önkibar,,,2,sabahattin_onkibar,1
https://www.youtube.com/watch?v=IbX3NymhJZE,Turgay Güler,,,2,turgay_guler,1
https://www.youtube.com/watch?v=lnVW2NVQIbw,Fatih Portakal TV,,,2,fatih_portakal,1
https://www.youtube.com/watch?v=kx2V7xVe_Us,Hadi Özışık,,,2,hadi_ozisik,1
https://www.youtube.com/watch?v=_FRA0l0tA1k,Turgay Güler,,,2,turgay_guler,1
https://www.youtube.com/watch?v=R6T0Ya8oMcI,Fatih Altaylı,,,2,fatih_altayli,1
https://www.youtube.com/watch?v=sIEJAsDprKU,Fatih Portakal TV,,,2,fatih_portakal,1
https://www.youtube.com/watch?v=KTlu21qTeBg,Deniz Zeyrek,,,2,deniz_zeyrek,1
https://www.youtube.com/watch?v=tQEIKeiGvmA,Hadi Özışık,,,2,hadi_ozisik,1
https://www.youtube.com/watch?v=_4VslHxCfmQ,Yılmaz Özdil,,,2,yilmaz_ozdil,1
https://www.youtube.com/watch?v=V-VR-Kq-BdA,Turgay Güler,,,2,turgay_guler,1
https://www.youtube.com/watch?v=QVReWkK_6Lo,Medyascope,,,2,rusen_cakir,1
https://www.youtube.com/watch?v=qT2dgigyD98,Sabahattin Önkibar,,,2,sabahattin_onkibar,1
https://www.youtube.com/watch?v=08T1cFdKHKQ,Fatih Portakal TV,,,2,fatih_portakal,1
https://www.youtube.com/watch?v=ihabbKy5e2U,Hadi Özışık,,,2,hadi_ozisik,1
https://www.youtube.com/watch?v=Ogmq8eI6_TE,Turgay Güler,,,2,turgay_guler,1
https://www.youtube.com/watch?v=5d8qL0mbHik,Fatih Portakal TV,,,2,fatih_portakal,1
https://www.youtube.com/watch?v=dwxO6Z1HcQk,Hadi Özışık,,,2,hadi_ozisik,1
https://www.youtube.com/watch?v=Op2cbYzES4g,Turgay Güler,,,2,turgay_guler,1
https://www.youtube.com/watch?v=A1Dfyss64pA,Enver Aysever,,,2,enver_aysever,1
https://www.youtube.com/watch?v=oXequT_umTg,Medyascope,,,2,rusen_cakir,1
https://www.youtube.com/watch?v=WRqhPSsuYiY,Sabahattin Önkibar,,,2,sabahattin_onkibar,1
https://www.youtube.com/watch?v=bA-Qz_B3zxg,Hadi Özışık,,,2,hadi_ozisik,1
https://www.youtube.com/watch?v=--uHrS_En6k,Turgay Güler,,,2,turgay_guler,1
https://www.youtube.com/watch?v=eJE1jycd93g,Turgay Güler,,,2,turgay_guler,1
https://www.youtube.com/watch?v=8QhiurTJXVE,Enver Aysever,,,2,enver_aysever,1
https://www.youtube.com/watch?v=50R2KCKGJGI,Levent Gültekin,,,2,levent_gultekin,1
https://www.youtube.com/watch?v=okELJ5DbZRI,Deniz Zeyrek,,,2,deniz_zeyrek,1
https://www.youtube.com/watch?v=LmMSIKy1RtU,Fatih Portakal TV,,,2,fatih_portakal,1
https://www.youtube.com/watch?v=WZGflx3NOZA,Hadi Özışık,,,2,hadi_ozisik,1
https://www.youtube.com/watch?v=UE38lbS60p8,Enver Aysever,,,2,enver_aysever,1
https://www.youtube.com/watch?v=gTBKVEE8-KQ,Turgay Güler,,,2,turgay_guler,1
https://www.youtube.com/watch?v=K7-mLM89y1Y,Fatih Portakal TV,,,2,fatih_portakal,1
https://www.youtube.com/watch?v=WHIKKtK6qz4,Medyascope,,,2,rusen_cakir,1
https://www.youtube.com/watch?v=DowYyWn6NGk,Sabahattin Önkibar,,,2,sabahattin_onkibar,1
https://www.youtube.com/watch?v=9Ww3215IB6U,Hadi Özışık,,,2,hadi_ozisik,1
https://www.youtube.com/watch?v=IuiSSNii1b8,Enver Aysever,,,2,enver_aysever,1
https://www.youtube.com/watch?v=YjeBjYCHNsg,Fatih Portakal TV,,,2,fatih_portakal,1
https://www.youtube.com/watch?v=30quYyC3cg0,Yılmaz Özdil,,,2,yilmaz_ozdil,1
https://www.youtube.com/watch?v=jDX9VTfo2Q0,Turgay Güler,,,2,turgay_guler,1
https://www.youtube.com/watch?v=8j6ftoFZ2c8,Turgay Güler,,,2,turgay_guler,1
https://www.youtube.com/watch?v=-Vj6lQhqqAo,Hadi Özışık,,,2,hadi_ozisik,1
https://www.youtube.com/watch?v=889bgS_qviE,Enver Aysever,,,2,enver_aysever,1
https://www.youtube.com/watch?v=SCnqFv5Tgk0,Turgay Güler,,,2,turgay_guler,1
https://www.youtube.com/watch?v=qvp4sCQe5Dg,Fatih Portakal TV,,,2,fatih_portakal,1
https://www.youtube.com/watch?v=xjQ7ziK4B74,Hadi Özışık,,,2,hadi_ozisik,1
https://www.youtube.com/watch?v=1yOC147nvcw,Sabahattin Önkibar,,,2,sabahattin_onkibar,1
https://www.youtube.com/watch?v=IAtke_-jKj4,Medyascope,,,2,rusen_cakir,1
https://www.youtube.com/watch?v=9LWeOqhmT1k,Turgay Güler,,,2,turgay_guler,1
https://www.youtube.com/watch?v=0OI3KuLOizE,Fatih Altaylı,,,2,fatih_altayli,1
https://www.youtube.com/watch?v=_hnZa0gvrdc,Hadi Özışık,,,2,hadi_ozisik,1
https://www.youtube.com/watch?v=lxRT4wvpTSs,Enver Aysever,,,2,enver_aysever,1
https://www.youtube.com/watch?v=WaJ7BYmz6f0,Turgay Güler,,,2,turgay_guler,1
https://www.youtube.com/watch?v=bo-3DGn_xPo,Hadi Özışık,,,2,hadi_ozisik,1
https://www.youtube.com/watch?v=HNnjLF0-UM0,Enver Aysever,,,2,enver_aysever,1
https://www.youtube.com/watch?v=ZwSAGnf9qtc,Turgay Güler,,,2,turgay_guler,1
https://www.youtube.com/watch?v=FbOoaP2T_ao,Medyascope,,,2,rusen_cakir,1
https://www.youtube.com/watch?v=ELLGWpghC-w,Sabahattin Önkibar,,,2,sabahattin_onkibar,1
https://www.youtube.com/watch?v=sSLsElyTsdk,Hadi Özışık,,,2,hadi_ozisik,1
https://www.youtube.com/watch?v=kLpQtYUhWcU,Enver Aysever,,,2,enver_aysever,1
https://www.youtube.com/watch?v=lIY8fySDH6M,Deniz Zeyrek,,,2,deniz_zeyrek,1
https://www.youtube.com/watch?v=UXYMjSxeMUY,Enver Aysever,,,2,enver_aysever,1
https://www.youtube.com/watch?v=5k20pX_bIlY,Turgay Güler,,,2,turgay_guler,1
https://www.youtube.com/watch?v=t0qq8fyR7Xo,Hadi Özışık,,,2,hadi_ozisik,1
https://www.youtube.com/watch?v=zxKFGI6N3PE,Fatih Portakal TV,,,2,fatih_portakal,1
https://www.youtube.com/watch?v=Pfe9dPDoykQ,Levent Gültekin,,,2,levent_gultekin,1
https://www.youtube.com/watch?v=-IDYJt6xPr8,Turgay Güler,,,2,turgay_guler,1
https://www.youtube.com/watch?v=0MPPB-29j3Y,Hadi Özışık,,,2,hadi_ozisik,1
https://www.youtube.com/watch?v=zVXJuIZj_UY,Enver Aysever,,,2,enver_aysever,1
https://www.youtube.com/watch?v=BlZfqsWNYOg,Turgay Güler,,,2,turgay_guler,1
https://www.youtube.com/watch?v=h4fYf2zwsAo,Yılmaz Özdil,,,2,yilmaz_ozdil,1
https://www.youtube.com/watch?v=Gi7AnlyRJYg,Medyascope,,,2,rusen_cakir,1
https://www.youtube.com/watch?v=XxXhtcMJhv4,Sabahattin Önkibar,,,2,sabahattin_onkibar,1
https://www.youtube.com/watch?v=dzhnPEgbtZM,Enver Aysever,,,2,enver_aysever,1
https://www.youtube.com/watch?v=ygwI_d--Odk,Hadi Özışık,,,2,hadi_ozisik,1
https://www.youtube.com/watch?v=jOVkHvhHjQo,Turgay Güler,,,2,turgay_guler,
https://www.youtube.com/watch?v=6pDPZV4OUKI,Enver Aysever,,,2,enver_aysever,1
https://www.youtube.com/watch?v=GfDhl3kclJg,Fatih Portakal TV,,,2,fatih_portakal,1
https://www.youtube.com/watch?v=Mz_j2Seom7g,Enver Aysever,,,2,enver_aysever,1
https://www.youtube.com/watch?v=V6HnHycQGGY,Medyascope,,,2,rusen_cakir,1
https://www.youtube.com/watch?v=9c-HyIJ2N1Y,Enver Aysever,,,2,enver_aysever,1
https://www.youtube.com/watch?v=bfl3H-4yERM,Hadi Özışık,,,2,hadi_ozisik,1
https://www.youtube.com/watch?v=gyafmlFDCFc,Turgay Güler,,,2,turgay_guler,1
https://www.youtube.com/watch?v=weDnsDlQHy4,Sabahattin Önkibar,,,2,sabahattin_onkibar,1
https://www.youtube.com/watch?v=9dCq1WQ-1lM,Turgay Güler,,,2,turgay_guler,1
https://www.youtube.com/watch?v=1xewI2VFvL0,Fatih Portakal TV,,,2,fatih_portakal,1
https://www.youtube.com/watch?v=LQT0VAIwR-w,Hadi Özışık,,,2,hadi_ozisik,1
https://www.youtube.com/watch?v=RvnD0LoWtQc,Fatih Altaylı,,,2,fatih_altayli,1
https://www.youtube.com/watch?v=BtLNuMSxFIg,Enver Aysever,,,2,enver_aysever,1
https://www.youtube.com/watch?v=np30R_DUPCg,Deniz Zeyrek,,,2,deniz_zeyrek,1
https://www.youtube.com/watch?v=OtvEGBSxLXU,Medyascope,,,2,rusen_cakir,1
https://www.youtube.com/watch?v=o1By6dYefbk,Turgay Güler,,,2,turgay_guler,1
https://www.youtube.com/watch?v=QISXD1T7HnE,Hadi Özışık,,,2,hadi_ozisik,1
https://www.youtube.com/watch?v=2VE3b5HsdgE,Fatih Portakal TV,,,2,fatih_portakal,1
https://www.youtube.com/watch?v=akUJzAgPp4U,Sabahattin Önkibar,,,2,sabahattin_onkibar,1
https://www.youtube.com/watch?v=5Vk9vLhPv0U,Yılmaz Özdil,,,2,yilmaz_ozdil,1
https://www.youtube.com/watch?v=DvZkqF9aqWI,Hadi Özışık,,,2,hadi_ozisik,1
https://www.youtube.com/watch?v=yAsX0whm98c,Levent Gültekin,,,2,levent_gultekin,1
https://www.youtube.com/watch?v=N1yRlvvUjcY,Enver Aysever,,,2,enver_aysever,1
https://www.youtube.com/watch?v=IlEVC-Cl12A,Medyascope,,,2,rusen_cakir,1
https://www.youtube.com/watch?v=fQOraw-y4sw,Fatih Portakal TV,,,2,fatih_portakal,1
https://www.youtube.com/watch?v=UCeZyqabwZE,Turgay Güler,,,2,turgay_guler,1
https://www.youtube.com/watch?v=t5WArhNvmF8,Hadi Özışık,,,2,hadi_ozisik,1
https://www.youtube.com/watch?v=q9j0kkOB9M4,Enver Aysever,,,2,enver_aysever,1
https://www.youtube.com/watch?v=ZspFbMuWjMI,Sabahattin Önkibar,,,2,sabahattin_onkibar,1
https://www.youtube.com/watch?v=T8JmIOlzA4g,Deniz Zeyrek,,,2,deniz_zeyrek,1
https://www.youtube.com/watch?v=6n4EHbzXxlA,Enver Aysever,,,2,enver_aysever,1
https://www.youtube.com/watch?v=pGn1CS9viFk,Medyascope,,,2,rusen_cakir,1
https://www.youtube.com/watch?v=o3NCeV90BR0,Turgay Güler,,,2,turgay_guler,1
https://www.youtube.com/watch?v=Q6u-Afdrnmg,Hadi Özışık,,,2,hadi_ozisik,1
https://www.youtube.com/watch?v=wV7z2qqK3Ng,Fatih Portakal TV,,,2,fatih_portakal,1
https://www.youtube.com/watch?v=FMN1cm0CZ1c,Enver Aysever,,,2,enver_aysever,1
https://www.youtube.com/watch?v=W4Q86O-zrLU,Fatih Portakal TV,,,2,fatih_portakal,1
https://www.youtube.com/watch?v=ZxicxfsXRAI,Sabahattin Önkibar,,,2,sabahattin_onkibar,1
https://www.youtube.com/watch?v=6F2JUZAEIIQ,Hadi Özışık,,,2,hadi_ozisik,1
https://www.youtube.com/watch?v=_6cLA6B8fJQ,Turgay Güler,,,2,turgay_guler,1
https://www.youtube.com/watch?v=Wkktxuug9y0,Enver Aysever,,,2,enver_aysever,1
https://www.youtube.com/watch?v=mOpqm_PTHGc,Medyascope,,,2,rusen_cakir,1
https://www.youtube.com/watch?v=RVZA314fpPw,Yılmaz Özdil,,,2,yilmaz_ozdil,1
https://www.youtube.com/watch?v=5aycojn2Xno,Turgay Güler,,,2,turgay_guler,1
https://www.youtube.com/watch?v=l9qW2X1gopo,Fatih Portakal TV,,,2,fatih_portakal,1
https://www.youtube.com/watch?v=ys9QSyNKSmM,Fatih Altaylı,,,2,fatih_altayli,1
https://www.youtube.com/watch?v=L9MIJMe_J1Q,Levent Gültekin,,,2,levent_gultekin,1
https://www.youtube.com/watch?v=XRweMmB-czI,Turgay Güler,,,2,turgay_guler,1
https://www.youtube.com/watch?v=ldvceRn8VPI,Hadi Özışık,,,2,hadi_ozisik,1
https://www.youtube.com/watch?v=a1as_p60ySY,Enver Aysever,,,2,enver_aysever,1
https://www.youtube.com/watch?v=fTnrht-ZHN8,Sabahattin Önkibar,,,2,sabahattin_onkibar,1
https://www.youtube.com/watch?v=FrQTwSAD7vY,Fatih Portakal TV,,,2,fatih_portakal,1
https://www.youtube.com/watch?v=jO0tzjU1xvw,Turgay Güler,,,2,turgay_guler,1
https://www.youtube.com/watch?v=0vMOti7u_BY,Fatih Portakal TV,,,2,fatih_portakal,1
https://www.youtube.com/watch?v=veRuDQSMxQM,Hadi Özışık,,,2,hadi_ozisik,1
https://www.youtube.com/watch?v=r2VGCEysAMk,Deniz Zeyrek,,,2,deniz_zeyrek,1
https://www.youtube.com/watch?v=l88XtkpxDlc,Medyascope,,,2,rusen_cakir,1
https://www.youtube.com/watch?v=pfAZKYPHafQ,Fatih Portakal TV,,,2,fatih_portakal,1
https://www.youtube.com/watch?v=3R7foBbHd9k,Turgay Güler,,,2,turgay_guler,1
https://www.youtube.com/watch?v=u4v_IK43qVA,Enver Aysever,,,2,enver_aysever,1
https://www.youtube.com/watch?v=Ma1Omz2S22o,Turgay Güler,,,2,turgay_guler,1
https://www.youtube.com/watch?v=wcVrG3Wr09U,Fatih Portakal TV,,,2,fatih_portakal,1
https://www.youtube.com/watch?v=sC50goDCS7g,Hadi Özışık,,,2,hadi_ozisik,1
https://www.youtube.com/watch?v=XC6gZBA3QJo,Sabahattin Önkibar,,,2,sabahattin_onkibar,1
https://www.youtube.com/watch?v=Hgiqh-6gVxg,Turgay Güler,,,2,turgay_guler,1
https://www.youtube.com/watch?v=_8gQF02PfeI,Hadi Özışık,,,2,hadi_ozisik,1
https://www.youtube.com/watch?v=VY6BWLahLyI,Turgay Güler,,,2,turgay_guler,1
https://www.youtube.com/watch?v=X6_ULeriBKE,Yılmaz Özdil,,,2,yilmaz_ozdil,1
https://www.youtube.com/watch?v=jYpNcemulLM,Medyascope,,,2,rusen_cakir,1
https://www.youtube.com/watch?v=vkgX0tFHX-c,Turgay Güler,,,2,turgay_guler,1
https://www.youtube.com/watch?v=zisRXhMO9mw,Hadi Özışık,,,2,hadi_ozisik,1
https://www.youtube.com/watch?v=XaCiJtpbzcY,Turgay Güler,,,2,turgay_guler,1
https://www.youtube.com/watch?v=pO1uXMYkd9U,Fatih Portakal TV,,,2,fatih_portakal,1
https://www.youtube.com/watch?v=nA8O3ya8HCQ,Enver Aysever,,,2,enver_aysever,1
https://www.youtube.com/watch?v=rZ3mT6XVLKo,Sabahattin Önkibar,,,2,sabahattin_onkibar,1
https://www.youtube.com/watch?v=E-ySkcpPbfU,Turgay Güler,,,2,turgay_guler,1
https://www.youtube.com/watch?v=9bUJkTSOgrY,Levent Gültekin,,,2,levent_gultekin,1
https://www.youtube.com/watch?v=kPfwOhnU7Fc,Fatih Portakal TV,,,2,fatih_portakal,1
https://www.youtube.com/watch?v=3ERw0uFkFQ4,Medyascope,,,2,rusen_cakir,1
https://www.youtube.com/watch?v=AUh4_kxf1Kk,Turgay Güler,,,2,turgay_guler,1
https://www.youtube.com/watch?v=jBSaZKg0rGg,Hadi Özışık,,,2,hadi_ozisik,1
https://www.youtube.com/watch?v=J6cSNn2s4Ko,Turgay Güler,,,2,turgay_guler,1
https://www.youtube.com/watch?v=rbMUAqOictM,Fatih Portakal TV,,,2,fatih_portakal,1
https://www.youtube.com/watch?v=wD8hZjhA8SI,Deniz Zeyrek,,,2,deniz_zeyrek,1
https://www.youtube.com/watch?v=sWhuodsEiD8,Turgay Güler,,,2,turgay_guler,1
https://www.youtube.com/watch?v=Luz29_KTIiI,Sabahattin Önkibar,,,2,sabahattin_onkibar,1
https://www.youtube.com/watch?v=GPYMLOf-YP4,Enver Aysever,,,2,enver_aysever,1
https://www.youtube.com/watch?v=Emt532XZ-nU,Turgay Güler,,,2,turgay_guler,1
https://www.youtube.com/watch?v=xP9G8Zo29hc,Hadi Özışık,,,2,hadi_ozisik,1
https://www.youtube.com/watch?v=oJUHLgexj3U,Fatih Altaylı,,,2,fatih_altayli,1
https://www.youtube.com/watch?v=VWgpvMX-7kg,Fatih Portakal TV,,,2,fatih_portakal,1
https://www.youtube.com/watch?v=33OCDnz4GyQ,Medyascope,,,2,rusen_cakir,1
https://www.youtube.com/watch?v=nEt0I_zl244,Hadi Özışık,,,2,hadi_ozisik,1
https://www.youtube.com/watch?v=T2y7hFnuVgQ,Enver Aysever,,,2,enver_aysever,1
https://www.youtube.com/watch?v=iyikAHdl7Xg,Turgay Güler,,,2,turgay_guler,1
https://www.youtube.com/watch?v=79ZVdHn1wrk,Fatih Portakal TV,,,2,fatih_portakal,1
https://www.youtube.com/watch?v=ekQyTxVS5rM,Hadi Özışık,,,2,hadi_ozisik,1
https://www.youtube.com/watch?v=1a9I4vpuLjM,Turgay Güler,,,2,turgay_guler,1
https://www.youtube.com/watch?v=T0_vPY2GXCo,Sabahattin Önkibar,,,2,sabahattin_onkibar,1
https://www.youtube.com/watch?v=Xl-edc8CSKI,Yılmaz Özdil,,,2,yilmaz_ozdil,1
https://www.youtube.com/watch?v=KBSzKieIX2Y,Enver Aysever,,,2,enver_aysever,1
https://www.youtube.com/watch?v=v5ebLOzcAxM,Medyascope,,,2,rusen_cakir,1
https://www.youtube.com/watch?v=ocu1NoKTIDQ,Turgay Güler,,,2,turgay_guler,1
https://www.youtube.com/watch?v=Va3G6yKrdkw,Hadi Özışık,,,2,hadi_ozisik,1
https://www.youtube.com/watch?v=CtzhYCd__jU,Enver Aysever,,,2,enver_aysever,1
https://www.youtube.com/watch?v=FLdaaSplIGM,Turgay Güler,,,2,turgay_guler,1
https://www.youtube.com/watch?v=EwaKwlvv3DI,Fatih Portakal TV,,,2,fatih_portakal,1
https://www.youtube.com/watch?v=Iyjc4ixIXKE,Deniz Zeyrek,,,2,deniz_zeyrek,1
https://www.youtube.com/watch?v=Ck-GMmaws_I,Levent Gültekin,,,2,levent_gultekin,1
https://www.youtube.com/watch?v=Tv_u9_shtOw,Sabahattin Önkibar,,,2,sabahattin_onkibar,1
https://www.youtube.com/watch?v=27SzZnQZe1c,Hadi Özışık,,,2,hadi_ozisik,1
https://www.youtube.com/watch?v=YbNCn5L4zOA,Turgay Güler,,,2,turgay_guler,1
https://www.youtube.com/watch?v=iSF5AxUxPgU,Turgay Güler,,,2,turgay_guler,1
https://www.youtube.com/watch?v=DYE7yee2-7g,Fatih Portakal TV,,,2,fatih_portakal,1
https://www.youtube.com/watch?v=_zPJYUvxHl8,Turgay Güler,,,2,turgay_guler,1
https://www.youtube.com/watch?v=om9xAj6ULWs,Medyascope,,,2,rusen_cakir,1
https://www.youtube.com/watch?v=0G6SCiPSY6M,Enver Aysever,,,2,enver_aysever,1
https://www.youtube.com/watch?v=8VxHHWZSwXk,Deniz Zeyrek,,,2,deniz_zeyrek,1
https://www.youtube.com/watch?v=LE0VAHIsSPk,Hadi Özışık,,,2,hadi_ozisik,1
https://www.youtube.com/watch?v=CmHwRCq5Xgg,Sabahattin Önkibar,,,2,sabahattin_onkibar,1
https://www.youtube.com/watch?v=23FOJ5NVM1s,Turgay Güler,,,2,turgay_guler,1
https://www.youtube.com/watch?v=H0B-WN6txkk,Fatih Portakal TV,,,2,fatih_portakal,1
https://www.youtube.com/watch?v=h0-OR3TOI70,Hadi Özışık,,,2,hadi_ozisik,1
https://www.youtube.com/watch?v=DePVs-Up5gQ,Fatih Portakal TV,,,2,fatih_portakal,1
https://www.youtube.com/watch?v=TeRTXLXEq5k,Yılmaz Özdil,,,2,yilmaz_ozdil,1
https://www.youtube.com/watch?v=EcAfGm--m1s,Hadi Özışık,,,2,hadi_ozisik,1
https://www.youtube.com/watch?v=Y7N5JI5aZXA,Medyascope,,,2,rusen_cakir,1
https://www.youtube.com/watch?v=x8yKK-jNtYM,Fatih Altaylı,,,2,fatih_altayli,1
https://www.youtube.com/watch?v=_F6aT_6bUd0,Fatih Portakal TV,,,2,fatih_portakal,1
https://www.youtube.com/watch?v=6MI-Q_z7vOc,Turgay Güler,,,2,turgay_guler,1
https://www.youtube.com/watch?v=ThsGiYdVHS0,Sabahattin Önkibar,,,2,sabahattin_onkibar,1
https://www.youtube.com/watch?v=mYUaHaYKxE4,Hadi Özışık,,,2,hadi_ozisik,1
https://www.youtube.com/watch?v=KbhX3OUUisU,Turgay Güler,,,2,turgay_guler,1
https://www.youtube.com/watch?v=nn0BBFRbfho,Fatih Portakal TV,,,2,fatih_portakal,1
https://www.youtube.com/watch?v=AUMWuVsCY40,Turgay Güler,,,2,turgay_guler,1
https://www.youtube.com/watch?v=I-2h9quL7-I,Enver Aysever,,,2,enver_aysever,1
https://www.youtube.com/watch?v=bulNPpbHI-o,Hadi Özışık,,,2,hadi_ozisik,1
https://www.youtube.com/watch?v=dIvn-CRq_HU,Levent Gültekin,,,2,levent_gultekin,1
https://www.youtube.com/watch?v=AZ-jmcRgV5Q,Turgay Güler,,,2,turgay_guler,1
https://www.youtube.com/watch?v=IxYmlaUdjMk,Medyascope,,,2,rusen_cakir,1
https://www.youtube.com/watch?v=bNnJ9eZNniQ,Enver Aysever,,,2,enver_aysever,1
https://www.youtube.com/watch?v=AXe1InnizWA,Hadi Özışık,,,2,hadi_ozisik,1
https://www.youtube.com/watch?v=EJWO-HOEgNw,Sabahattin Önkibar,,,2,sabahattin_onkibar,1
https://www.youtube.com/watch?v=lkRmgvIJhHI,Turgay Güler,,,2,turgay_guler,1
https://www.youtube.com/watch?v=haJFrCLIwl0,Fatih Portakal TV,,,2,fatih_portakal,1
https://www.youtube.com/watch?v=Vt7doa1Ol9M,Deniz Zeyrek,,,2,deniz_zeyrek,1
https://www.youtube.com/watch?v=z1U6o2DuKu0,Turgay Güler,,,2,turgay_guler,1
https://www.youtube.com/watch?v=MrMev2qtHmM,Enver Aysever,,,2,enver_aysever,1
https://www.youtube.com/watch?v=Eq5ZmSpvsXI,Yılmaz Özdil,,,2,yilmaz_ozdil,1
https://www.youtube.com/watch?v=HRcWCwQHo84,Medyascope,,,2,rusen_cakir,1
https://www.youtube.com/watch?v=yXUXzm0_LkM,Turgay Güler,,,2,turgay_guler,1
https://www.youtube.com/watch?v=jv4qLtZDDBI,Fatih Portakal TV,,,2,fatih_portakal,1
https://www.youtube.com/watch?v=OKk8SfcBzkQ,Fatih Portakal TV,,,2,fatih_portakal,1
https://www.youtube.com/watch?v=_LVmUsk4SbQ,Enver Aysever,,,2,enver_aysever,1
https://www.youtube.com/watch?v=EANMWzLWayI,Hadi Özışık,,,2,hadi_ozisik,1
https://www.youtube.com/watch?v=CFMb8KrP4xY,Sabahattin Önkibar,,,2,sabahattin_onkibar,1
https://www.youtube.com/watch?v=edyrentG3qo,Turgay Güler,,,2,turgay_guler,1
https://www.youtube.com/watch?v=hGO4uN_JTkk,Fatih Portakal TV,,,2,fatih_portakal,1
https://www.youtube.com/watch?v=vtgT4JCm3Gc,Turgay Güler,,,2,turgay_guler,1
https://www.youtube.com/watch?v=r2bDX8V9qaA,Hadi Özışık,,,2,hadi_ozisik,1
https://www.youtube.com/watch?v=iSeuC8lYjyY,Turgay Güler,,,2,turgay_guler,1
https://www.youtube.com/watch?v=nrkC58hdSbw,Deniz Zeyrek,,,2,deniz_zeyrek,1
https://www.youtube.com/watch?v=KfXO8rPTY6I,Enver Aysever,,,2,enver_aysever,1
https://www.youtube.com/watch?v=C15Twhkt5k8,Medyascope,,,2,rusen_cakir,1
https://www.youtube.com/watch?v=h2b7V8rjrLM,Hadi Özışık,,,2,hadi_ozisik,1
https://www.youtube.com/watch?v=RKJVymFiwEE,Turgay Güler,,,2,turgay_guler,1
https://www.youtube.com/watch?v=hBJEKCcqgoo,Sabahattin Önkibar,,,2,sabahattin_onkibar,1
https://www.youtube.com/watch?v=BWPCH8djKz4,Fatih Altaylı,,,2,fatih_altayli,1
https://www.youtube.com/watch?v=BDKFA8jNr_8,Fatih Portakal TV,,,2,fatih_portakal,1
https://www.youtube.com/watch?v=boGkebBtvBQ,Turgay Güler,,,2,turgay_guler,1
https://www.youtube.com/watch?v=I2z8TvTxyEk,Levent Gültekin,,,2,levent_gultekin,1
https://www.youtube.com/watch?v=PM8YPwUeSPI,Hadi Özışık,,,2,hadi_ozisik,1
https://www.youtube.com/watch?v=qyC5rbYqeHA,Enver Aysever,,,2,enver_aysever,1
https://www.youtube.com/watch?v=loYRe64909o,Fatih Portakal TV,,,2,fatih_portakal,
https://www.youtube.com/watch?v=XNTe811ttsA,Turgay Güler,,,2,turgay_guler,
https://www.youtube.com/watch?v=n6j1Sy54K90,Medyascope,,,2,rusen_cakir,
https://www.youtube.com/watch?v=A1Mg9eVuyJk,Turgay Güler,,,2,turgay_guler,1
https://www.youtube.com/watch?v=dZFdd5222AQ,Yılmaz Özdil,,,2,yilmaz_ozdil,1
https://www.youtube.com/watch?v=Fyqyc3dKjoY,Hadi Özışık,,,2,hadi_ozisik,1
https://www.youtube.com/watch?v=E2RbNrsBFAk,Enver Aysever,,,2,enver_aysever,1
https://www.youtube.com/watch?v=DeLeamRZyp4,Turgay Güler,,,2,turgay_guler,1
https://www.youtube.com/watch?v=4LqrlbXf4SM,Sabahattin Önkibar,,,2,sabahattin_onkibar,1
https://www.youtube.com/watch?v=-1sxH6DnB1I,Turgay Güler,,,2,turgay_guler,1
https://www.youtube.com/watch?v=oYBYstHhxOs,Fatih Portakal TV,,,2,fatih_portakal,1
https://www.youtube.com/watch?v=DFr0sZibgx8,Deniz Zeyrek,,,2,deniz_zeyrek,1
https://www.youtube.com/watch?v=cUsFbkqiIPE,Hadi Özışık,,,2,hadi_ozisik,1
https://www.youtube.com/watch?v=_VwCOw4zQ0Q,Medyascope,,,2,rusen_cakir,1
https://www.youtube.com/watch?v=TKxN76BHneI,Turgay Güler,,,2,turgay_guler,1
https://www.youtube.com/watch?v=pGX5SdJhEqc,Hadi Özışık,,,2,hadi_ozisik,1
https://www.youtube.com/watch?v=tQWFk5W4J5Y,Enver Aysever,,,2,enver_aysever,1
https://www.youtube.com/watch?v=04bA492uI9k,Turgay Güler,,,2,turgay_guler,1
https://www.youtube.com/watch?v=sXYsJl7yY-4,Sabahattin Önkibar,,,2,sabahattin_onkibar,1
https://www.youtube.com/watch?v=JT4nv-xQRAg,Turgay Güler,,,2,turgay_guler,1
https://www.youtube.com/watch?v=_qg1Kp0NOjU,Fatih Portakal TV,,,2,fatih_portakal,1
https://www.youtube.com/watch?v=AUG7utZ5f_0,Hadi Özışık,,,2,hadi_ozisik,1
https://www.youtube.com/watch?v=Mr6XfrPmbcg,Medyascope,,,2,rusen_cakir,1
https://www.youtube.com/watch?v=wa6C1eYnPGQ,Enver Aysever,,,2,enver_aysever,1
https://www.youtube.com/watch?v=GzbXoIFbN_A,Turgay Güler,,,2,turgay_guler,1
https://www.youtube.com/watch?v=N07cYXzbufc,Fatih Portakal TV,,,2,fatih_portakal,1
https://www.youtube.com/watch?v=r_TxQZGdUgM,Yılmaz Özdil,,,2,yilmaz_ozdil,1
https://www.youtube.com/watch?v=9Q8W7sZWMFk,Hadi Özışık,,,2,hadi_ozisik,1
https://www.youtube.com/watch?v=X8yKrFZrBIg,Fatih Altaylı,,,2,fatih_altayli,1
https://www.youtube.com/watch?v=vPV4VLcOJUc,Sabahattin Önkibar,,,2,sabahattin_onkibar,1
https://www.youtube.com/watch?v=II9ICi6750c,Enver Aysever,,,2,enver_aysever,1
https://www.youtube.com/watch?v=FCvrXtH3Tig,Levent Gültekin,,,2,levent_gultekin,1
https://www.youtube.com/watch?v=m8XG1l6sDkM,Fatih Portakal TV,,,2,fatih_portakal,1
https://www.youtube.com/watch?v=p3jWHjShVu8,Turgay Güler,,,2,turgay_guler,1
https://www.youtube.com/watch?v=bOAPHPXgZ3c,Hadi Özışık,,,2,hadi_ozisik,1
https://www.youtube.com/watch?v=j3QfI4GXY94,Enver Aysever,,,2,enver_aysever,1
https://www.youtube.com/watch?v=_LFTcluJeWc,Medyascope,,,2,rusen_cakir,1
https://www.youtube.com/watch?v=4t6-Cpur74E,Deniz Zeyrek,,,2,deniz_zeyrek,1
https://www.youtube.com/watch?v=_likt4QobQc,Turgay Güler,,,2,turgay_guler,1
https://www.youtube.com/watch?v=Irt6eJhz3pk,Hadi Özışık,,,2,hadi_ozisik,1
https://www.youtube.com/watch?v=lKOh308x-TA,Fatih Portakal TV,,,2,fatih_portakal,1
https://www.youtube.com/watch?v=FNLkQNbXhVg,Enver Aysever,,,2,enver_aysever,1
https://www.youtube.com/watch?v=OzLv9d-tSE4,Hadi Özışık,,,2,hadi_ozisik,1
https://www.youtube.com/watch?v=UGzIS7BDlgQ,Sabahattin Önkibar,,,2,sabahattin_onkibar,1
https://www.youtube.com/watch?v=nR0j-jB7DZw,Medyascope,,,2,rusen_cakir,1
https://www.youtube.com/watch?v=-dZ3JrZZA_k,Turgay Güler,,,2,turgay_guler,1
https://www.youtube.com/watch?v=TP9IVsjVaYc,Hadi Özışık,,,2,hadi_ozisik,1
https://www.youtube.com/watch?v=0KDeZI8qmJc,Fatih Portakal TV,,,2,fatih_portakal,1
https://www.youtube.com/watch?v=8hFKX8zjtUw,Enver Aysever,,,2,enver_aysever,1
https://www.youtube.com/watch?v=95zncCaVvcw,Yılmaz Özdil,,,2,yilmaz_ozdil,1
https://www.youtube.com/watch?v=cc9IhkULWcY,Hadi Özışık,,,2,hadi_ozisik,1
https://www.youtube.com/watch?v=w9N8e7Av9mY,Fatih Portakal TV,,,2,fatih_portakal,1
https://www.youtube.com/watch?v=URyQsYSM0M4,Sabahattin Önkibar,,,2,sabahattin_onkibar,1
https://www.youtube.com/watch?v=_H-G3rvFBds,Turgay Güler,,,2,turgay_guler,1
https://www.youtube.com/watch?v=xTEn6tySrLk,Medyascope,,,2,rusen_cakir,1
https://www.youtube.com/watch?v=lawp2-p0WmM,Hadi Özışık,,,2,hadi_ozisik,1
https://www.youtube.com/watch?v=E7z158PHNsc,Turgay Güler,,,2,turgay_guler,1
https://www.youtube.com/watch?v=y2ZIaUfuH58,Levent Gültekin,,,2,levent_gultekin,1
https://www.youtube.com/watch?v=et_a_kflLVM,Hadi Özışık,,,2,hadi_ozisik,1
https://www.youtube.com/watch?v=_XShCQlyG48,Fatih Portakal TV,,,2,fatih_portakal,1
https://www.youtube.com/watch?v=Htku6R1SGjA,Deniz Zeyrek,,,2,deniz_zeyrek,1
https://www.youtube.com/watch?v=RUptPAl07dk,Turgay Güler,,,2,turgay_guler,1
https://www.youtube.com/watch?v=7lWson-61YA,Sabahattin Önkibar,,,2,sabahattin_onkibar,1
https://www.youtube.com/watch?v=QOjiTvxBJrQ,Enver Aysever,,,2,enver_aysever,1
https://www.youtube.com/watch?v=Otn2bGHy8Nk,Medyascope,,,2,rusen_cakir,1
https://www.youtube.com/watch?v=kqVDdZKs9pc,Hadi Özışık,,,2,hadi_ozisik,1
https://www.youtube.com/watch?v=2qzl-BGk7Pc,Fatih Portakal TV,,,2,fatih_portakal,1
https://www.youtube.com/watch?v=JC2fC1LuOeo,Enver Aysever,,,2,enver_aysever,1
https://www.youtube.com/watch?v=7KC-LuexcOI,Hadi Özışık,,,2,hadi_ozisik,1
https://www.youtube.com/watch?v=rkTPyUyzrhc,Turgay Güler,,,2,turgay_guler,1
https://www.youtube.com/watch?v=cxOYXyTcCi8,Fatih Altaylı,,,2,fatih_altayli,1
https://www.youtube.com/watch?v=9pElmhklx0E,Fatih Portakal TV,,,2,fatih_portakal,1
https://www.youtube.com/watch?v=PH_Nxo5h2qQ,Hadi Özışık,,,2,hadi_ozisik,1
https://www.youtube.com/watch?v=pKxoMFMwTao,Yılmaz Özdil,,,2,yilmaz_ozdil,1
https://www.youtube.com/watch?v=0K1yOJkZnvo,Hadi Özışık,,,2,hadi_ozisik,1
https://www.youtube.com/watch?v=-AQPKucDaEQ,Turgay Güler,,,2,turgay_guler,1
https://www.youtube.com/watch?v=itv3ipfpcuw,Sabahattin Önkibar,,,2,sabahattin_onkibar,1
https://www.youtube.com/watch?v=_j3nrpB7a3U,Enver Aysever,,,2,enver_aysever,1
https://www.youtube.com/watch?v=af3abTAp-0I,Medyascope,,,2,rusen_cakir,1
https://www.youtube.com/watch?v=lulvPIzF7Es,Hadi Özışık,,,2,hadi_ozisik,1
https://www.youtube.com/watch?v=FLlrP1H2pHo,Turgay Güler,,,2,turgay_guler,1
https://www.youtube.com/watch?v=fLB4FeZbTuI,Deniz Zeyrek,,,2,deniz_zeyrek,1
https://www.youtube.com/watch?v=CpG1CVEXgSI,Fatih Portakal TV,,,2,fatih_portakal,1
https://www.youtube.com/watch?v=7jF-mUZgjVk,Hadi Özışık,,,2,hadi_ozisik,1
https://www.youtube.com/watch?v=d9Z7u9Zd5eM,Enver Aysever,,,2,enver_aysever,1
https://www.youtube.com/watch?v=9d5uuzdwtPI,Turgay Güler,,,2,turgay_guler,1
https://www.youtube.com/watch?v=af1hYPrAM2w,Levent Gültekin,,,2,levent_gultekin,1
https://www.youtube.com/watch?v=vtRgBo8IMH0,Sabahattin Önkibar,,,2,sabahattin_onkibar,1
https://www.youtube.com/watch?v=-3sqD5x08Zw,Hadi Özışık,,,2,hadi_ozisik,1
https://www.youtube.com/watch?v=mQbyoIKqT8Y,Fatih Portakal TV,,,2,fatih_portakal,1
https://www.youtube.com/watch?v=9ldh0fy-qQY,Medyascope,,,2,rusen_cakir,1
https://www.youtube.com/watch?v=l-zOSbrDsdA,Hadi Özışık,,,2,hadi_ozisik,1
https://www.youtube.com/watch?v=tRyi7_atbxs,Turgay Güler,,,2,turgay_guler,1
https://www.youtube.com/watch?v=-KKe-Rbq3kc,Fatih Portakal TV,,,2,fatih_portakal,1
https://www.youtube.com/watch?v=0a5hgGOqwrk,Yılmaz Özdil,,,2,yilmaz_ozdil,1
https://www.youtube.com/watch?v=5DhlwDQr9i0,Sabahattin Önkibar,,,2,sabahattin_onkibar,1
https://www.youtube.com/watch?v=CFZgttJaFPk,Turgay Güler,,,2,turgay_guler,1
https://www.youtube.com/watch?v=XOJXUH3lpNo,Medyascope,,,2,rusen_cakir,1
https://www.youtube.com/watch?v=nemGJRDBvB8,Hadi Özışık,,,2,hadi_ozisik,1
https://www.youtube.com/watch?v=lNXdzq5DyiA,Deniz Zeyrek,,,2,deniz_zeyrek,1
https://www.youtube.com/watch?v=GnCIN9qhLSU,Hadi Özışık,,,2,hadi_ozisik,1
https://www.youtube.com/watch?v=1frWQb7DhuM,Hadi Özışık,,,2,hadi_ozisik,1
https://www.youtube.com/watch?v=qqPh2Mpbp6w,Fatih Altaylı,,,2,fatih_altayli,1
https://www.youtube.com/watch?v=fHpiX-5c1jM,Fatih Portakal TV,,,2,fatih_portakal,1
https://www.youtube.com/watch?v=tf9yJkW7zUU,Sabahattin Önkibar,,,2,sabahattin_onkibar,1
https://www.youtube.com/watch?v=UjSWck3U1w4,Turgay Güler,,,2,turgay_guler,1
https://www.youtube.com/watch?v=keunyE7_p_I,Medyascope,,,2,rusen_cakir,1
https://www.youtube.com/watch?v=N3kxnV2yrFE,Hadi Özışık,,,2,hadi_ozisik,1
https://www.youtube.com/watch?v=UIaheLgF4vI,Enver Aysever,,,2,enver_aysever,1
https://www.youtube.com/watch?v=8fOOUHEe5B8,Fatih Portakal TV,,,2,fatih_portakal,1
https://www.youtube.com/watch?v=0anATiIZFO0,Enver Aysever,,,2,enver_aysever,1
https://www.youtube.com/watch?v=MN15CnyAifI,Levent Gültekin,,,2,levent_gultekin,1
https://www.youtube.com/watch?v=WHELNESza5w,Hadi Özışık,,,2,hadi_ozisik,1
https://www.youtube.com/watch?v=JhQ4SackSco,Turgay Güler,,,2,turgay_guler,1
https://www.youtube.com/watch?v=JKluu8r-oyc,Fatih Portakal TV,,,2,fatih_portakal,1
https://www.youtube.com/watch?v=ZVFC0WXrhNs,Hadi Özışık,,,2,hadi_ozisik,1
https://www.youtube.com/watch?v=9emJ35-QxeU,Sabahattin Önkibar,,,2,sabahattin_onkibar,1
https://www.youtube.com/watch?v=poYRx80q724,Medyascope,,,2,rusen_cakir,1
https://www.youtube.com/watch?v=4BHg-bV4AyE,Turgay Güler,,,2,turgay_guler,1
https://www.youtube.com/watch?v=Y0aiW6iVtpM,Yılmaz Özdil,,,2,yilmaz_ozdil,1
https://www.youtube.com/watch?v=FJz_E0Lqf9w,Enver Aysever,,,2,enver_aysever,1
https://www.youtube.com/watch?v=J5_KWWpmcCE,Hadi Özışık,,,2,hadi_ozisik,1
https://www.youtube.com/watch?v=fblCwOCiyNE,Fatih Portakal TV,,,2,fatih_portakal,1
https://www.youtube.com/watch?v=Xzl06eDKH7Q,Deniz Zeyrek,,,2,deniz_zeyrek,1
https://www.youtube.com/watch?v=myavrRQp3A0,Turgay Güler,,,2,turgay_guler,1
https://www.youtube.com/watch?v=M3_Yp3AbFSg,Hadi Özışık,,,2,hadi_ozisik,1
https://www.youtube.com/watch?v=dLvVT9tswGQ,Sabahattin Önkibar,,,2,sabahattin_onkibar,1
https://www.youtube.com/watch?v=kNaG8GYlBF8,Medyascope,,,2,rusen_cakir,1
https://www.youtube.com/watch?v=KGcqlSel3cs,Hadi Özışık,,,2,hadi_ozisik,1
https://www.youtube.com/watch?v=vHYspgYVOfE,Turgay Güler,,,2,turgay_guler,1
https://www.youtube.com/watch?v=7Qgaa8We1YI,Enver Aysever,,,2,enver_aysever,
https://www.youtube.com/watch?v=1qlNmS1gQgQ,Fatih Portakal TV,,,2,fatih_portakal,1
https://www.youtube.com/watch?v=8ZIKG9a49cA,Hadi Özışık,,,2,hadi_ozisik,1
https://www.youtube.com/watch?v=D9uSqa4tLO0,Fatih Portakal TV,,,2,fatih_portakal,1
https://www.youtube.com/watch?v=VPGSA0URj4c,Turgay Güler,,,2,turgay_guler,1
https://www.youtube.com/watch?v=7vv0fwR4kNs,Sabahattin Önkibar,,,2,sabahattin_onkibar,1
https://www.youtube.com/watch?v=vYmZ8LhsM94,Medyascope,,,2,rusen_cakir,1
https://www.youtube.com/watch?v=ufz1N6Er9V4,Levent Gültekin,,,2,levent_gultekin,1
https://www.youtube.com/watch?v=YyBzL-P_I7M,Enver Aysever,,,2,enver_aysever,
https://www.youtube.com/watch?v=-1t9_2Wc4UI,Fatih Portakal TV,,,2,fatih_portakal,1
https://www.youtube.com/watch?v=wR18kWZebMs,Turgay Güler,,,2,turgay_guler,1
https://www.youtube.com/watch?v=yb592tyxvrs,Hadi Özışık,,,2,hadi_ozisik,1
https://www.youtube.com/watch?v=l5cleL3Mrj8,Fatih Altaylı,,,2,fatih_altayli,1
https://www.youtube.com/watch?v=3mZf8KRbsLc,Fatih Portakal TV,,,2,fatih_portakal,1
https://www.youtube.com/watch?v=XQSBndl-c_w,Enver Aysever,,,2,enver_aysever,
https://www.youtube.com/watch?v=L1uxvFAeiH4,Medyascope,,,2,rusen_cakir,
https://www.youtube.com/watch?v=A2_DhKjE-KE,Turgay Güler,,,2,turgay_guler,
https://www.youtube.com/watch?v=lS5B1nJTxjg,Sabahattin Önkibar,,,2,sabahattin_onkibar,
https://www.youtube.com/watch?v=SweyC_U0dro,Yılmaz Özdil,,,2,yilmaz_ozdil,
https://www.youtube.com/watch?v=lHfPKNh-U3U,Deniz Zeyrek,,,2,deniz_zeyrek,
https://www.youtube.com/watch?v=t7Rjs0FeLv8,Hadi Özışık,,,2,hadi_ozisik,
https://www.youtube.com/watch?v=9rSPA1_OAcE,Enver Aysever,,,2,enver_aysever,
https://www.youtube.com/watch?v=ASJp5GVAgzM,Hadi Özışık,,,2,hadi_ozisik,
https://www.youtube.com/watch?v=QAxVDynuvyY,Medyascope,,,2,rusen_cakir,
https://www.youtube.com/watch?v=2y6FkN3UZcs,Turgay Güler,,,2,turgay_guler,
https://www.youtube.com/watch?v=mXMvy_Zu6K0,Sabahattin Önkibar,,,2,sabahattin_onkibar,
https://www.youtube.com/watch?v=lU3c3XLedIU,Fatih Portakal TV,,,2,fatih_portakal,
https://www.youtube.com/watch?v=_XUGnl62LwA,Enver Aysever,,,2,enver_aysever,
https://www.youtube.com/watch?v=z-kvZu-A6ig,Hadi Özışık,,,2,hadi_ozisik,
https://www.youtube.com/watch?v=inDiYbLkfDg,Levent Gültekin,,,2,levent_gultekin,
https://www.youtube.com/watch?v=nuWPYzar6xY,Turgay Güler,,,2,turgay_guler,
https://www.youtube.com/watch?v=iZRx-uJMRus,Medyascope,,,2,rusen_cakir,
https://www.youtube.com/watch?v=NO0Ow53t_Ow,Hadi Özışık,,,2,hadi_ozisik,
https://www.youtube.com/watch?v=Hp5p8IDe2e0,Turgay Güler,,,2,turgay_guler,
https://www.youtube.com/watch?v=F5GzYSXn0JQ,Yılmaz Özdil,,,2,yilmaz_ozdil,
https://www.youtube.com/watch?v=raoZk459JAA,Hadi Özışık,,,2,hadi_ozisik,
https://www.youtube.com/watch?v=fS9tLt5Rvuw,Fatih Portakal TV,,,2,fatih_portakal,
https://www.youtube.com/watch?v=HQ5OIYAKYNE,Sabahattin Önkibar,,,2,sabahattin_onkibar,
https://www.youtube.com/watch?v=9esIgc50D6w,Turgay Güler,,,2,turgay_guler,
https://www.youtube.com/watch?v=p1RGhjFyvXk,Enver Aysever,,,2,enver_aysever,
https://www.youtube.com/watch?v=i_RVqXNn3y4,Medyascope,,,2,rusen_cakir,
https://www.youtube.com/watch?v=f3r10mGbCok,Enver Aysever,,,2,enver_aysever,
https://www.youtube.com/watch?v=dmMuWQfjkNA,Turgay Güler,,,2,turgay_guler,
https://www.youtube.com/watch?v=zwkQEbKTgWc,Hadi Özışık,,,2,hadi_ozisik,
https://www.youtube.com/watch?v=yy2ILRBZ93A,Deniz Zeyrek,,,2,deniz_zeyrek,
https://www.youtube.com/watch?v=rGF4xcRXTZ4,Fatih Portakal TV,,,2,fatih_portakal,
https://www.youtube.com/watch?v=RTR7SHIy3aE,Enver Aysever,,,2,enver_aysever,
https://www.youtube.com/watch?v=Yr1Ml7gv4z4,Hadi Özışık,,,2,hadi_ozisik,
https://www.youtube.com/watch?v=74pIQ-XYBHQ,Turgay Güler,,,2,turgay_guler,
https://www.youtube.com/watch?v=haaBoT2u7W0,Sabahattin Önkibar,,,2,sabahattin_onkibar,
https://www.youtube.com/watch?v=O2AZyrO2-2k,Hadi Özışık,,,2,hadi_ozisik,
https://www.youtube.com/watch?v=tTT3VNkljIQ,Enver Aysever,,,2,enver_aysever,
https://www.youtube.com/watch?v=219GAuHniOQ,Medyascope,,,2,rusen_cakir,
https://www.youtube.com/watch?v=Gd0Z85A03uQ,Fatih Portakal TV,,,2,fatih_portakal,
https://www.youtube.com/watch?v=lIr4ZigWcR4,Enver Aysever,,,2,enver_aysever,
https://www.youtube.com/watch?v=oQceG-jS4bw,Turgay Güler,,,2,turgay_guler,
https://www.youtube.com/watch?v=vd8s56_B6eY,Fatih Altaylı,,,2,fatih_altayli,
https://www.youtube.com/watch?v=Ot5W3Wbzoe4,Hadi Özışık,,,2,hadi_ozisik,
https://www.youtube.com/watch?v=Ad1AmMQ3aT4,Enver Aysever,,,2,enver_aysever,
https://www.youtube.com/watch?v=9-x6svFTUo4,Levent Gültekin,,,2,levent_gultekin,
https://www.youtube.com/watch?v=nr0gLDnFqMs,Sabahattin Önkibar,,,2,sabahattin_onkibar,
https://www.youtube.com/watch?v=laPor0jCxLw,Hadi Özışık,,,2,hadi_ozisik,
https://www.youtube.com/watch?v=HfEV59pQITE,Turgay Güler,,,2,turgay_guler,
https://www.youtube.com/watch?v=tRwZp0TViGs,Fatih Portakal TV,,,2,fatih_portakal,
https://www.youtube.com/watch?v=uFoqjOB_6rQ,Medyascope,,,2,rusen_cakir,
https://www.youtube.com/watch?v=hpMGsYOTAlI,Yılmaz Özdil,,,2,yilmaz_ozdil,
https://www.youtube.com/watch?v=j4VrLR0b-Pg,Enver Aysever,,,2,enver_aysever,
https://www.youtube.com/watch?v=_ZbseOgunE0,Turgay Güler,,,2,turgay_guler,
https://www.youtube.com/watch?v=LIyZ3hwPHmA,Fatih Portakal TV,,,2,fatih_portakal,
https://www.youtube.com/watch?v=qvnDlsjqD8k,Hadi Özışık,,,2,hadi_ozisik,
https://www.youtube.com/watch?v=_R36jSjinUg,Enver Aysever,,,2,enver_aysever,
https://www.youtube.com/watch?v=y_stlJtPwl0,Deniz Zeyrek,,,2,deniz_zeyrek,
https://www.youtube.com/watch?v=L6hkzSXrcm0,Turgay Güler,,,2,turgay_guler,
https://www.youtube.com/watch?v=ebAXJ-LPojU,Sabahattin Önkibar,,,2,sabahattin_onkibar,
https://www.youtube.com/watch?v=lGvzMA86Lxo,Hadi Özışık,,,2,hadi_ozisik,
https://www.youtube.com/watch?v=6GrN5H8Qwmw,Medyascope,,,2,rusen_cakir,
https://www.youtube.com/watch?v=u-jrGy43njU,Enver Aysever,,,2,enver_aysever,
https://www.youtube.com/watch?v=8mbCSrkIpvs,Turgay Güler,,,2,turgay_guler,
https://www.youtube.com/watch?v=NkAoZP5PdpA,Hadi Özışık,,,2,hadi_ozisik,
https://www.youtube.com/watch?v=jdKO2dABaw8,Hadi Özışık,,,2,hadi_ozisik,
https://www.youtube.com/watch?v=Xopowz9ZgWk,Fatih Portakal TV,,,2,fatih_portakal,
https://www.youtube.com/watch?v=8f-Ht0fWb40,Turgay Güler,,,2,turgay_guler,
https://www.youtube.com/watch?v=r1sxgfNdHvg,Fatih Portakal TV,,,2,fatih_portakal,
https://www.youtube.com/watch?v=n8Dhat7ZrJA,Hadi Özışık,,,2,hadi_ozisik,
https://www.youtube.com/watch?v=sdabpY2tqg4,Enver Aysever,,,2,enver_aysever,
https://www.youtube.com/watch?v=BXDp_Ktk27M,Sabahattin Önkibar,,,2,sabahattin_onkibar,
https://www.youtube.com/watch?v=vyy8JgTUvpk,Medyascope,,,2,rusen_cakir,
https://www.youtube.com/watch?v=A5B7LeHp8HI,Yılmaz Özdil,,,2,yilmaz_ozdil,
https://www.youtube.com/watch?v=CIqYBUGqWK0,Hadi Özışık,,,2,hadi_ozisik,
https://www.youtube.com/watch?v=Wtjw07NK-vQ,Fatih Portakal TV,,,2,fatih_portakal,
https://www.youtube.com/watch?v=eEA0D_1h1wE,Turgay Güler,,,2,turgay_guler,
https://www.youtube.com/watch?v=w-uYZp_Hxbo,Enver Aysever,,,2,enver_aysever,
https://www.youtube.com/watch?v=VxvoTAGzwHE,Hadi Özışık,,,2,hadi_ozisik,
https://www.youtube.com/watch?v=VhfZ1zoHfnQ,Levent Gültekin,,,2,levent_gultekin,
https://www.youtube.com/watch?v=wUVwen_1pu0,Hadi Özışık,,,2,hadi_ozisik,
https://www.youtube.com/watch?v=39mBwkXKFcg,Fatih Portakal TV,,,2,fatih_portakal,
https://www.youtube.com/watch?v=3UvpNBqIcnU,Turgay Güler,,,2,turgay_guler,
https://www.youtube.com/watch?v=Ix70-c9QsM4,Hadi Özışık,,,2,hadi_ozisik,
https://www.youtube.com/watch?v=nKLrTp1mLec,Sabahattin Önkibar,,,2,sabahattin_onkibar,
https://www.youtube.com/watch?v=Cf5wisoZpCA,Medyascope,,,2,rusen_cakir,
https://www.youtube.com/watch?v=iZWIatC8Evc,Fatih Altaylı,,,2,fatih_altayli,
https://www.youtube.com/watch?v=9A1V42eA_d0,Hadi Özışık,,,2,hadi_ozisik,
https://www.youtube.com/watch?v=yF-RWwbV4tk,Turgay Güler,,,2,turgay_guler,
https://www.youtube.com/watch?v=7uA9aNwz9S0,Deniz Zeyrek,,,2,deniz_zeyrek,
https://www.youtube.com/watch?v=O5eysBzShW0,Hadi Özışık,,,2,hadi_ozisik,
https://www.youtube.com/watch?v=5lnIAsZFaEc,Turgay Güler,,,2,turgay_guler,
https://www.youtube.com/watch?v=PbaU8exH2_4,Hadi Özışık,,,2,hadi_ozisik,
https://www.youtube.com/watch?v=KueD1rT9UL0,Turgay Güler,,,2,turgay_guler,
https://www.youtube.com/watch?v=hqk95s_vzGM,Sabahattin Önkibar,,,2,sabahattin_onkibar,
https://www.youtube.com/watch?v=eUSzepfIS3Y,Medyascope,,,2,rusen_cakir,
https://www.youtube.com/watch?v=-rEkHLfXg-c,Fatih Portakal TV,,,2,fatih_portakal,
https://www.youtube.com/watch?v=5fm84ackwQk,Turgay Güler,,,2,turgay_guler,
https://www.youtube.com/watch?v=OsPsmaSNAKY,Hadi Özışık,,,2,hadi_ozisik,
https://www.youtube.com/watch?v=8_ZS4DfhS_M,Yılmaz Özdil,,,2,yilmaz_ozdil,
https://www.youtube.com/watch?v=1OCscfJczBU,Fatih Portakal TV,,,2,fatih_portakal,
https://www.youtube.com/watch?v=eDeFaJkEMtY,Hadi Özışık,,,2,hadi_ozisik,
https://www.youtube.com/watch?v=nMoRvis-KI4,Turgay Güler,,,2,turgay_guler,
https://www.youtube.com/watch?v=Rp6XX4LTWiw,Sabahattin Önkibar,,,2,sabahattin_onkibar,
https://www.youtube.com/watch?v=JqtGeQogzrs,Fatih Portakal TV,,,2,fatih_portakal,
https://www.youtube.com/watch?v=25Y3gNVpC6s,Medyascope,,,2,rusen_cakir,
https://www.youtube.com/watch?v=jEhJYF3DuR8,Hadi Özışık,,,2,hadi_ozisik,
https://www.youtube.com/watch?v=4vsUJTsY-zw,Levent Gültekin,,,2,levent_gultekin,
https://www.youtube.com/watch?v=i7RUt5fCsOA,Fatih Portakal TV,,,2,fatih_portakal,
https://www.youtube.com/watch?v=CsKKZxbNg7E,Hadi Özışık,,,2,hadi_ozisik,
https://www.youtube.com/watch?v=BBtMdVj9Gg8,Turgay Güler,,,2,turgay_guler,
https://www.youtube.com/watch?v=5MY1hIee6u8,Fatih Portakal TV,,,2,fatih_portakal,
https://www.youtube.com/watch?v=NbiPmyh7jdk,Deniz Zeyrek,,,2,deniz_zeyrek,
https://www.youtube.com/watch?v=9kKAD9sk6po,Sabahattin Önkibar,,,2,sabahattin_onkibar,
https://www.youtube.com/watch?v=JvoQzDl5v94,Fatih Portakal TV,,,2,fatih_portakal,
https://www.youtube.com/watch?v=YTobvdL3e3Y,Hadi Özışık,,,2,hadi_ozisik,
https://www.youtube.com/watch?v=0YTUoc-X4Gk,Medyascope,,,2,rusen_cakir,
https://www.youtube.com/watch?v=HQGzXE5k6PM,Turgay Güler,,,2,turgay_guler,
https://www.youtube.com/watch?v=-PygPxZfs5E,Hadi Özışık,,,2,hadi_ozisik,
https://www.youtube.com/watch?v=HGBRqZGgmrQ,Fatih Portakal TV,,,2,fatih_portakal,
https://www.youtube.com/watch?v=-jiBL1_1tOg,Hadi Özışık,,,2,hadi_ozisik,
https://www.youtube.com/watch?v=XdJm2TPryyU,Yılmaz Özdil,,,2,yilmaz_ozdil,
https://www.youtube.com/watch?v=hukbyvJAya0,Fatih Altaylı,,,2,fatih_altayli,
https://www.youtube.com/watch?v=onU9_l1q4Rc,Turgay Güler,,,2,turgay_guler,
https://www.youtube.com/watch?v=uE2pi65ud5o,Fatih Portakal TV,,,2,fatih_portakal,
https://www.youtube.com/watch?v=K-GRetHlvuI,Sabahattin Önkibar,,,2,sabahattin_onkibar,
https://www.youtube.com/watch?v=-xwxqvERYqY,Turgay Güler,,,2,turgay_guler,
https://www.youtube.com/watch?v=5ClxhcFEboE,Hadi Özışık,,,2,hadi_ozisik,
https://www.youtube.com/watch?v=hZQlTQCK56k,Medyascope,,,2,rusen_cakir,
https://www.youtube.com/watch?v=T_V9JcHlYYM,Levent Gültekin,,,2,levent_gultekin,
https://www.youtube.com/watch?v=CqTqDRggmks,Turgay Güler,,,2,turgay_guler,
https://www.youtube.com/watch?v=0Y_qY0xYhjg,Fatih Portakal TV,,,2,fatih_portakal,
https://www.youtube.com/watch?v=JDQhlmHScWQ,Deniz Zeyrek,,,2,deniz_zeyrek,
https://www.youtube.com/watch?v=oR_reQqIyCc,Hadi Özışık,,,2,hadi_ozisik,
https://www.youtube.com/watch?v=3LAzRmw-jX0,Sabahattin Önkibar,,,2,sabahattin_onkibar,
https://www.youtube.com/watch?v=hGvoWjyLNZA,Hadi Özışık,,,2,hadi_ozisik,
https://www.youtube.com/watch?v=kEciiyX0Rg8,Turgay Güler,,,2,turgay_guler,
https://www.youtube.com/watch?v=rAdrm-Nt_SA,Medyascope,,,2,rusen_cakir,
https://www.youtube.com/watch?v=gkEk5Eac2RI,Hadi Özışık,,,2,hadi_ozisik,
https://www.youtube.com/watch?v=b5-i1U8H-RI,Hadi Özışık,,,2,hadi_ozisik,
https://www.youtube.com/watch?v=_XhtMdmBINA,Fatih Portakal TV,,,2,fatih_portakal,
https://www.youtube.com/watch?v=UIW5Dd6zy0Y,Turgay Güler,,,2,turgay_guler,
https://www.youtube.com/watch?v=cJIECUvNBbU,Sabahattin Önkibar,,,2,sabahattin_onkibar,
https://www.youtube.com/watch?v=mX3WLaYwX_8,Turgay Güler,,,2,turgay_guler,
https://www.youtube.com/watch?v=VzhWtaBeEko,Hadi Özışık,,,2,hadi_ozisik,
https://www.youtube.com/watch?v=meTo6Qcjx_Y,Medyascope,,,2,rusen_cakir,
https://www.youtube.com/watch?v=1tJJMgtIsoE,Fatih Portakal TV,,,2,fatih_portakal,
https://www.youtube.com/watch?v=sXyBMpt1eD8,Hadi Özışık,,,2,hadi_ozisik,
https://www.youtube.com/watch?v=h2FYZ8_u98o,Turgay Güler,,,2,turgay_guler,
https://www.youtube.com/watch?v=y_a7Kpnrcjo,Fatih Portakal TV,,,2,fatih_portakal,
https://www.youtube.com/watch?v=Rut7r2lOzBM,Levent Gültekin,,,2,levent_gultekin,
https://www.youtube.com/watch?v=oqfXhgCxViI,Sabahattin Önkibar,,,2,sabahattin_onkibar,
https://www.youtube.com/watch?v=aaKknX7p9Tc,Deniz Zeyrek,,,2,deniz_zeyrek,
https://www.youtube.com/watch?v=TuvHnvnGqy4,Fatih Portakal TV,,,2,fatih_portakal,
https://www.youtube.com/watch?v=6GIF9BbE2GE,Hadi Özışık,,,2,hadi_ozisik,
https://www.youtube.com/watch?v=y7J0ZuoCS-8,Turgay Güler,,,2,turgay_guler,
https://www.youtube.com/watch?v=4XHgyk3cuII,Fatih Altaylı,,,2,fatih_altayli,
https://www.youtube.com/watch?v=-KVOGj2k1Dc,Medyascope,,,2,rusen_cakir,
https://www.youtube.com/watch?v=z2FlEWB-Nag,Turgay Güler,,,2,turgay_guler,
https://www.youtube.com/watch?v=N-prubbor4Q,Fatih Portakal TV,,,2,fatih_portakal,
https://www.youtube.com/watch?v=I4SL7DBw4j0,Hadi Özışık,,,2,hadi_ozisik,
https://www.youtube.com/watch?v=wDwyXJWooAk,Sabahattin Önkibar,,,2,sabahattin_onkibar,
https://www.youtube.com/watch?v=rCZ_f8rWI-c,Deniz Zeyrek,,,2,deniz_zeyrek,
https://www.youtube.com/watch?v=utCDbFMNv6w,Fatih Portakal TV,,,2,fatih_portakal,
https://www.youtube.com/watch?v=pobhaETHEyc,Hadi Özışık,,,2,hadi_ozisik,
https://www.youtube.com/watch?v=TIvOJ_aaxiM,Turgay Güler,,,2,turgay_guler,
https://www.youtube.com/watch?v=21PBfu5uzJU,Medyascope,,,2,rusen_cakir,
https://www.youtube.com/watch?v=8ZRLJ_neLhU,Hadi Özışık,,,2,hadi_ozisik,
https://www.youtube.com/watch?v=0bBaC98AO-8,Turgay Güler,,,2,turgay_guler,
https://www.youtube.com/watch?v=2eoHJ0AyObQ,Sabahattin Önkibar,,,2,sabahattin_onkibar,
https://www.youtube.com/watch?v=HNXWFFF0Ei0,Fatih Portakal TV,,,2,fatih_portakal,
https://www.youtube.com/watch?v=fDVQ7JLg2cI,Hadi Özışık,,,2,hadi_ozisik,
https://www.youtube.com/watch?v=UuRg6pm6i1M,Medyascope,,,2,rusen_cakir,
https://www.youtube.com/watch?v=LH2cVmCD0uo,Levent Gültekin,,,2,levent_gultekin,
https://www.youtube.com/watch?v=h37xXGwj7qM,Turgay Güler,,,2,turgay_guler,
https://www.youtube.com/watch?v=mVnpb95QpFU,Hadi Özışık,,,2,hadi_ozisik,
https://www.youtube.com/watch?v=XmJ68syuGdk,Fatih Portakal TV,,,2,fatih_portakal,
https://www.youtube.com/watch?v=HqmwQ7w4XuE,Turgay Güler,,,2,turgay_guler,
https://www.youtube.com/watch?v=WtK1Q0R3-eI,Hadi Özışık,,,2,hadi_ozisik,
https://www.youtube.com/watch?v=xQtL1dt5a4U,Sabahattin Önkibar,,,2,sabahattin_onkibar,
https://www.youtube.com/watch?v=-V8tuOzDBes,Deniz Zeyrek,,,2,deniz_zeyrek,
https://www.youtube.com/watch?v=B1Hhbep9afM,Hadi Özışık,,,2,hadi_ozisik,
https://www.youtube.com/watch?v=aSPHLVZtd3M,Fatih Altaylı,,,2,fatih_altayli,
https://www.youtube.com/watch?v=8aWj9htJNJg,Medyascope,,,2,rusen_cakir,
https://www.youtube.com/watch?v=NRAwkbdxsmw,Fatih Portakal TV,,,2,fatih_portakal,
https://www.youtube.com/watch?v=Fd7Dyh0L5d4,Turgay Güler,,,2,turgay_guler,
https://www.youtube.com/watch?v=e-C8Ock9Bp8,Sabahattin Önkibar,,,2,sabahattin_onkibar,
https://www.youtube.com/watch?v=AUGFNU2p3Uc,Turgay Güler,,,2,turgay_guler,
https://www.youtube.com/watch?v=Dso-HChzO3c,Hadi Özışık,,,2,hadi_ozisik,
https://www.youtube.com/watch?v=-WzHdgpQZoA,Fatih Portakal TV,,,2,fatih_portakal,
https://www.youtube.com/watch?v=TrB61mze8ww,Medyascope,,,2,rusen_cakir,
https://www.youtube.com/watch?v=0NLfCjGzx3Y,Fatih Portakal TV,,,2,fatih_portakal,
https://www.youtube.com/watch?v=Ir_mR8bHqqE,Hadi Özışık,,,2,hadi_ozisik,
https://www.youtube.com/watch?v=zZ2K23biaDc,Turgay Güler,,,2,turgay_guler,
https://www.youtube.com/watch?v=Ps-Di0jPfxc,Levent Gültekin,,,2,levent_gultekin,
https://www.youtube.com/watch?v=vl1KGx9r71A,Fatih Portakal TV,,,2,fatih_portakal,
https://www.youtube.com/watch?v=MevwsCZINqg,Sabahattin Önkibar,,,2,sabahattin_onkibar,
https://www.youtube.com/watch?v=mQAsjxyxjM4,Hadi Özışık,,,2,hadi_ozisik,
https://www.youtube.com/watch?v=LhixpErbQ5M,Turgay Güler,,,2,turgay_guler,
https://www.youtube.com/watch?v=HNAhJVobn4k,Deniz Zeyrek,,,2,deniz_zeyrek,
https://www.youtube.com/watch?v=tRbBB9qFMUE,Medyascope,,,2,rusen_cakir,
https://www.youtube.com/watch?v=sGDzMRYIGaE,Hadi Özışık,,,2,hadi_ozisik,
https://www.youtube.com/watch?v=28VjZQwPxbg,Fatih Portakal TV,,,2,fatih_portakal,
https://www.youtube.com/watch?v=VJptZp0gToY,Sabahattin Önkibar,,,2,sabahattin_onkibar,
https://www.youtube.com/watch?v=ECcEDrVBHAc,Hadi Özışık,,,2,hadi_ozisik,
https://www.youtube.com/watch?v=mhfWgjReF68,Fatih Portakal TV,,,2,fatih_portakal,
https://www.youtube.com/watch?v=1vwLhkdlv1c,Turgay Güler,,,2,turgay_guler,
https://www.youtube.com/watch?v=qIIlYxd2h_A,Medyascope,,,2,rusen_cakir,
https://www.youtube.com/watch?v=v7nDdNhqdmQ,Hadi Özışık,,,2,hadi_ozisik,
https://www.youtube.com/watch?v=vAG6mdQc4jc,Turgay Güler,,,2,turgay_guler,
https://www.youtube.com/watch?v=2C7Qq0ILUiQ,Fatih Altaylı,,,2,fatih_altayli,
https://www.youtube.com/watch?v=ifRHWBNl8rY,Sabahattin Önkibar,,,2,sabahattin_onkibar,
https://www.youtube.com/watch?v=gk0MEPKzpZ0,Fatih Portakal TV,,,2,fatih_portakal,
https://www.youtube.com/watch?v=doRT2cFww9M,Hadi Özışık,,,2,hadi_ozisik,
https://www.youtube.com/watch?v=sTtENqypcPw,Turgay Güler,,,2,turgay_guler,
https://www.youtube.com/watch?v=TzZwkYO1djk,Medyascope,,,2,rusen_cakir,
https://www.youtube.com/watch?v=y3EAdusRJVw,Hadi Özışık,,,2,hadi_ozisik,
https://www.youtube.com/watch?v=wdE6HJ3j2Js,Deniz Zeyrek,,,2,deniz_zeyrek,
https://www.youtube.com/watch?v=oBY2tv9RAn8,Levent Gültekin,,,2,levent_gultekin,
https://www.youtube.com/watch?v=mgvj4tAxiYA,Turgay Güler,,,2,turgay_guler,
https://www.youtube.com/watch?v=5HnHE4BXeL0,Fatih Portakal TV,,,2,fatih_portakal,
https://www.youtube.com/watch?v=03cfHargpNM,Sabahattin Önkibar,,,2,sabahattin_onkibar,
https://www.youtube.com/watch?v=g_5rBzAzUt4,Hadi Özışık,,,2,hadi_ozisik,
https://www.youtube.com/watch?v=BlZyTdEDOZI,Fatih Portakal TV,,,2,fatih_portakal,
https://www.youtube.com/watch?v=2D_2lqpRzZM,Medyascope,,,2,rusen_cakir,
https://www.youtube.com/watch?v=Z7h-37_NfhA,Turgay Güler,,,2,turgay_guler,
https://www.youtube.com/watch?v=b0Gj4GFU37M,Hadi Özışık,,,2,hadi_ozisik,
https://www.youtube.com/watch?v=UGkwy-eCv2o,Sabahattin Önkibar,,,2,sabahattin_onkibar,
https://www.youtube.com/watch?v=sgUxZ9CG8Nw,Hadi Özışık,,,2,hadi_ozisik,
https://www.youtube.com/watch?v=Z8qlBGQyQ9s,Medyascope,,,2,rusen_cakir,
https://www.youtube.com/watch?v=-5O1ZE_QrM4,Hadi Özışık,,,2,hadi_ozisik,
https://www.youtube.com/watch?v=CSidLKYQHW4,Turgay Güler,,,2,turgay_guler,
https://www.youtube.com/watch?v=lFuqm4i0nXM,Fatih Altaylı,,,2,fatih_altayli,
https://www.youtube.com/watch?v=fY7nkl8Eg3c,Hadi Özışık,,,2,hadi_ozisik,
https://www.youtube.com/watch?v=95MPzzB5xX8,Sabahattin Önkibar,,,2,sabahattin_onkibar,
https://www.youtube.com/watch?v=CZQ6oNRpl9Y,Deniz Zeyrek,,,2,deniz_zeyrek,
https://www.youtube.com/watch?v=H1UuaDnHOvw,Hadi Özışık,,,2,hadi_ozisik,
https://www.youtube.com/watch?v=WedC3GKaTKU,Turgay Güler,,,2,turgay_guler,
https://www.youtube.com/watch?v=-JwCcqcEaGA,Hadi Özışık,,,2,hadi_ozisik,
https://www.youtube.com/watch?v=xOMSkgMwT_Q,Medyascope,,,2,rusen_cakir,
https://www.youtube.com/watch?v=tzCptPmVTdE,Turgay Güler,,,2,turgay_guler,
https://www.youtube.com/watch?v=GFNVQdQowbM,Hadi Özışık,,,2,hadi_ozisik,
https://www.youtube.com/watch?v=EYoR1mg2eAw,Sabahattin Önkibar,,,2,sabahattin_onkibar,
https://www.youtube.com/watch?v=7bClfe2DvtA,Turgay Güler,,,2,turgay_guler,
https://www.youtube.com/watch?v=AyD2rlGEnUY,Hadi Özışık,,,2,hadi_ozisik,
https://www.youtube.com/watch?v=W68ScZbjNLI,Hadi Özışık,,,2,hadi_ozisik,
https://www.youtube.com/watch?v=I_ySXber5SY,Medyascope,,,2,rusen_cakir,
https://www.youtube.com/watch?v=G02AAnHwqu4,Turgay Güler,,,2,turgay_guler,
https://www.youtube.com/watch?v=ukClHZm9bVI,Sabahattin Önkibar,,,2,sabahattin_onkibar,
https://www.youtube.com/watch?v=2AWdFPRrlyk,Hadi Özışık,,,2,hadi_ozisik,
https://www.youtube.com/watch?v=vlD2fTuiJVw,Turgay Güler,,,2,turgay_guler,
https://www.youtube.com/watch?v=JsWTL9-xpKM,Hadi Özışık,,,2,hadi_ozisik,
https://www.youtube.com/watch?v=cNNJtnEdkIM,Deniz Zeyrek,,,2,deniz_zeyrek,
https://www.youtube.com/watch?v=iHt12rZP90U,Medyascope,,,2,rusen_cakir,
https://www.youtube.com/watch?v=7nZiAdiudfE,Sabahattin Önkibar,,,2,sabahattin_onkibar,
https://www.youtube.com/watch?v=Zd3R2uFdRw4,Hadi Özışık,,,2,hadi_ozisik,
https://www.youtube.com/watch?v=bWOLA6nW5MI,Fatih Altaylı,,,2,fatih_altayli,
https://www.youtube.com/watch?v=7H-SZlt8dM0,Turgay Güler,,,2,turgay_guler,
https://www.youtube.com/watch?v=MqknKojJXLA,Hadi Özışık,,,2,hadi_ozisik,
https://www.youtube.com/watch?v=0qattcqA7xs,Turgay Güler,,,2,turgay_guler,
https://www.youtube.com/watch?v=rqiVty9uZMk,Medyascope,,,2,rusen_cakir,
https://www.youtube.com/watch?v=brTIfoF7_gs,Sabahattin Önkibar,,,2,sabahattin_onkibar,
https://www.youtube.com/watch?v=wm8wGtM9yzc,Turgay Güler,,,2,turgay_guler,
https://www.youtube.com/watch?v=ICg-pKndxGk,Hadi Özışık,,,2,hadi_ozisik,
https://www.youtube.com/watch?v=t5Ia-TKGyUk,Hadi Özışık,,,2,hadi_ozisik,
https://www.youtube.com/watch?v=alXZ_ok8BFY,Deniz Zeyrek,,,2,deniz_zeyrek,
https://www.youtube.com/watch?v=n432M6T-wZU,Hadi Özışık,,,2,hadi_ozisik,
https://www.youtube.com/watch?v=GZzaFfpuhfI,Turgay Güler,,,2,turgay_guler,
https://www.youtube.com/watch?v=-ccvGD4DjbY,Sabahattin Önkibar,,,2,sabahattin_onkibar,
https://www.youtube.com/watch?v=RTwFTI9PiXA,Medyascope,,,2,rusen_cakir,
https://www.youtube.com/watch?v=-wiDHZTUFwE,Hadi Özışık,,,2,hadi_ozisik,
https://www.youtube.com/watch?v=zubSbYI3ry4,Turgay Güler,,,2,turgay_guler,
https://www.youtube.com/watch?v=B2Nf_vAmffo,Hadi Özışık,,,2,hadi_ozisik,
https://www.youtube.com/watch?v=MeeE_Jkl5mE,Medyascope,,,2,rusen_cakir,
https://www.youtube.com/watch?v=3-MTqIJx99A,Turgay Güler,,,2,turgay_guler,
https://www.youtube.com/watch?v=kHHj3xGHy20,Fatih Altaylı,,,2,fatih_altayli,
https://www.youtube.com/watch?v=EU13I45pIFI,Sabahattin Önkibar,,,2,sabahattin_onkibar,
https://www.youtube.com/watch?v=BvfAVjVcqVE,Hadi Özışık,,,2,hadi_ozisik,
https://www.youtube.com/watch?v=AHAQbBWWwFo,Hadi Özışık,,,2,hadi_ozisik,
https://www.youtube.com/watch?v=GiE0NlooNDE,Medyascope,,,2,rusen_cakir,
https://www.youtube.com/watch?v=xBiNzEj5aHk,Turgay Güler,,,2,turgay_guler,
https://www.youtube.com/watch?v=r7vyN_QBZGQ,Deniz Zeyrek,,,2,deniz_zeyrek,
https://www.youtube.com/watch?v=0lnYSqZmU3w,Hadi Özışık,,,2,hadi_ozisik,
https://www.youtube.com/watch?v=61TsCYWzhfc,Sabahattin Önkibar,,,2,sabahattin_onkibar,
https://www.youtube.com/watch?v=KB5RAOKrNWU,Turgay Güler,,,2,turgay_guler,
https://www.youtube.com/watch?v=KK3iFXgY3BE,Hadi Özışık,,,2,hadi_ozisik,
https://www.youtube.com/watch?v=Fhjypcy88qE,Hadi Özışık,,,2,hadi_ozisik,
https://www.youtube.com/watch?v=yRfqgOithq0,Turgay Güler,,,2,turgay_guler,
https://www.youtube.com/watch?v=C3JO328NUKU,Hadi Özışık,,,2,hadi_ozisik,
https://www.youtube.com/watch?v=mC6e9eGp5nU,Turgay Güler,,,2,turgay_guler,
https://www.youtube.com/watch?v=ke1oFf1WRfc,Turgay Güler,,,2,turgay_guler,
https://www.youtube.com/watch?v=a5hZ3F2fYlI,Hadi Özışık,,,2,hadi_ozisik,
https://www.youtube.com/watch?v=Ur8bczho0jI,Hadi Özışık,,,2,hadi_ozisik,
https://www.youtube.com/watch?v=Sj-WsE1VNWA,Turgay Güler,,,2,turgay_guler,
https://www.youtube.com/watch?v=dUSXZxI81vA,Deniz Zeyrek,,,2,deniz_zeyrek,
https://www.youtube.com/watch?v=-ynfIg67Xso,Hadi Özışık,,,2,hadi_ozisik,
https://www.youtube.com/watch?v=H5qtLr7vxqg,Turgay Güler,,,2,turgay_guler,
https://www.youtube.com/watch?v=BIziqutS5WM,Hadi Özışık,,,2,hadi_ozisik,
https://www.youtube.com/watch?v=lYNwygVPUdA,Fatih Altaylı,,,2,fatih_altayli,
https://www.youtube.com/watch?v=07kAUhhfbgs,Hadi Özışık,,,2,hadi_ozisik,
https://www.youtube.com/watch?v=1CijAZEdN5A,Turgay Güler,,,2,turgay_guler,
https://www.youtube.com/watch?v=rntCEIxEvns,Hadi Özışık,,,2,hadi_ozisik,
https://www.youtube.com/watch?v=FmBdnyN_8os,Turgay Güler,,,2,turgay_guler,
https://www.youtube.com/watch?v=wkYebEPPrMM,Hadi Özışık,,,2,hadi_ozisik,
https://www.youtube.com/watch?v=4MZhQBwPdGg,Hadi Özışık,,,2,hadi_ozisik,
https://www.youtube.com/watch?v=t6rn18KJONI,Turgay Güler,,,2,turgay_guler,
https://www.youtube.com/watch?v=wmpt13gxto0,Hadi Özışık,,,2,hadi_ozisik,
https://www.youtube.com/watch?v=7KWt9fuFabM,Hadi Özışık,,,2,hadi_ozisik,
https://www.youtube.com/watch?v=Cgv-8JohXTc,Turgay Güler,,,2,turgay_guler,
https://www.youtube.com/watch?v=C7cp4D45FjI,Deniz Zeyrek,,,2,deniz_zeyrek,
https://www.youtube.com/watch?v=ouWZDRAF2S0,Turgay Güler,,,2,turgay_guler,
https://www.youtube.com/watch?v=OpOFVeGXnK8,Hadi Özışık,,,2,hadi_ozisik,
https://www.youtube.com/watch?v=GGM15IJ9vTw,Turgay Güler,,,2,turgay_guler,
https://www.youtube.com/watch?v=Ery5DUWnuFM,Fatih Altaylı,,,2,fatih_altayli,
https://www.youtube.com/watch?v=umo1lhmNCXE,Hadi Özışık,,,2,hadi_ozisik,
https://www.youtube.com/watch?v=Iehx60L_zXw,Turgay Güler,,,2,turgay_guler,
https://www.youtube.com/watch?v=rdjHyBpsuU8,Hadi Özışık,,,2,hadi_ozisik,
https://www.youtube.com/watch?v=CIQGYMxpFAc,Hadi Özışık,,,2,hadi_ozisik,
https://www.youtube.com/watch?v=DYrvzf-kJ9E,Turgay Güler,,,2,turgay_guler,
https://www.youtube.com/watch?v=aV244W-iDIw,Turgay Güler,,,2,turgay_guler,
https://www.youtube.com/watch?v=p92YF_u3QFI,Hadi Özışık,,,2,hadi_ozisik,
https://www.youtube.com/watch?v=6WUsvUVelw8,Deniz Zeyrek,,,2,deniz_zeyrek,
https://www.youtube.com/watch?v=bRv7WxRox44,Hadi Özışık,,,2,hadi_ozisik,
https://www.youtube.com/watch?v=B1t9b6DlIZA,Turgay Güler,,,2,turgay_guler,
https://www.youtube.com/watch?v=RITYc3YTkFY,Hadi Özışık,,,2,hadi_ozisik,
https://www.youtube.com/watch?v=i4iEKzFcIj8,Turgay Güler,,,2,turgay_guler,
https://www.youtube.com/watch?v=rExo_FgGjHU,Turgay Güler,,,2,turgay_guler,
https://www.youtube.com/watch?v=9fPqezfqwcg,Hadi Özışık,,,2,hadi_ozisik,
https://www.youtube.com/watch?v=FrPD8eevp38,Turgay Güler,,,2,turgay_guler,
https://www.youtube.com/watch?v=ys4268vszhs,Hadi Özışık,,,2,hadi_ozisik,
https://www.youtube.com/watch?v=LInxmWArXTk,Turgay Güler,,,2,turgay_guler,
https://www.youtube.com/watch?v=_cu_SiVNT98,Hadi Özışık,,,2,hadi_ozisik,
https://www.youtube.com/watch?v=iLtk091n2OA,Turgay Güler,,,2,turgay_guler,
https://www.youtube.com/watch?v=T0eGMTwf1is,Hadi Özışık,,,2,hadi_ozisik,
https://www.youtube.com/watch?v=chhWXPimp5k,Turgay Güler,,,2,turgay_guler,
https://www.youtube.com/watch?v=CoIFe0ge9EA,Turgay Güler,,,2,turgay_guler,
https://www.youtube.com/watch?v=AD2rkpcSbq0,Hadi Özışık,,,2,hadi_ozisik,
https://www.youtube.com/watch?v=JDl-c6yW_fo,Hadi Özışık,,,2,hadi_ozisik,
https://www.youtube.com/watch?v=iPG4OBp5F1M,Turgay Güler,,,2,turgay_guler,
https://www.youtube.com/watch?v=TiOe7ulGHfg,Turgay Güler,,,2,turgay_guler,
https://www.youtube.com/watch?v=vWZRpwMxYaU,Turgay Güler,,,2,turgay_guler,
https://www.youtube.com/watch?v=Ly5HfXw8exM,Hadi Özışık,,,2,hadi_ozisik,
https://www.youtube.com/watch?v=VQ8t4H3R4fU,Hadi Özışık,,,2,hadi_ozisik,
https://www.youtube.com/watch?v=Kafkbw-aMMk,Turgay Güler,,,2,turgay_guler,
https://www.youtube.com/watch?v=SX_dDeouID4,Hadi Özışık,,,2,hadi_ozisik,
https://www.youtube.com/watch?v=saUTNsraKL0,Turgay Güler,,,2,turgay_guler,
https://www.youtube.com/watch?v=T1ef_pbZ2ic,Turgay Güler,,,2,turgay_guler,
https://www.youtube.com/watch?v=ZIKNww4Qbfo,Hadi Özışık,,,2,hadi_ozisik,
https://www.youtube.com/watch?v=nVuPnrMXMf8,Turgay Güler,,,2,turgay_guler,
https://www.youtube.com/watch?v=5gZU-sXVaEE,Turgay Güler,,,2,turgay_guler,
https://www.youtube.com/watch?v=L1IpkKolifg,Hadi Özışık,,,2,hadi_ozisik,
https://www.youtube.com/watch?v=8CHK1abfE2w,Turgay Güler,,,2,turgay_guler,
https://www.youtube.com/watch?v=xTZlEZyrof4,Hadi Özışık,,,2,hadi_ozisik,
https://www.youtube.com/watch?v=tmRjCfcYGVg,Turgay Güler,,,2,turgay_guler,
https://www.youtube.com/watch?v=_zkpv6WL9Yw,Hadi Özışık,,,2,hadi_ozisik,
https://www.youtube.com/watch?v=ZkNuqv0mlyY,Turgay Güler,,,2,turgay_guler,
https://www.youtube.com/watch?v=7StkYEDDNK0,Turgay Güler,,,2,turgay_guler,
https://www.youtube.com/watch?v=7_QF16KImIA,Hadi Özışık,,,2,hadi_ozisik,
https://www.youtube.com/watch?v=ZrHkXkTuqp0,Turgay Güler,,,2,turgay_guler,
https://www.youtube.com/watch?v=8S3aI7Md7r4,Hadi Özışık,,,2,hadi_ozisik,
https://www.youtube.com/watch?v=nKWv5DHxLmE,Hadi Özışık,,,2,hadi_ozisik,
https://www.youtube.com/watch?v=M-DxP88xhX8,Turgay Güler,,,2,turgay_guler,
https://www.youtube.com/watch?v=ODAm5431n9M,Hadi Özışık,,,2,hadi_ozisik,
https://www.youtube.com/watch?v=V1t_GmpgG-I,Turgay Güler,,,2,turgay_guler,
https://www.youtube.com/watch?v=I_1D_s8WUvk,Hadi Özışık,,,2,hadi_ozisik,
https://www.youtube.com/watch?v=8XxwroN-ROM,Turgay Güler,,,2,turgay_guler,
https://www.youtube.com/watch?v=L4LR2Qx_ofs,Hadi Özışık,,,2,hadi_ozisik,
https://www.youtube.com/watch?v=-L7r5E6xcUY,Turgay Güler,,,2,turgay_guler,
https://www.youtube.com/watch?v=MOfSvxfpde8,Hadi Özışık,,,2,hadi_ozisik,
https://www.youtube.com/watch?v=Sk9zhoZZeCc,Turgay Güler,,,2,turgay_guler,
https://www.youtube.com/watch?v=zzm3-H1B5L0,Hadi Özışık,,,2,hadi_ozisik,
https://www.youtube.com/watch?v=2hGL65YT5kY,Hadi Özışık,,,2,hadi_ozisik,
https://www.youtube.com/watch?v=cxTTFbo7qr4,Turgay Güler,,,2,turgay_guler,
https://www.youtube.com/watch?v=rpTnk9-9WnU,Hadi Özışık,,,2,hadi_ozisik,
https://www.youtube.com/watch?v=z8UCD-hj99U,Turgay Güler,,,2,turgay_guler,
https://www.youtube.com/watch?v=JbFvjaa9jhc,Hadi Özışık,,,2,hadi_ozisik,
https://www.youtube.com/watch?v=Cv0ZpWRYKIw,Turgay Güler,,,2,turgay_guler,
https://www.youtube.com/watch?v=Bp2jJaguDhw,Hadi Özışık,,,2,hadi_ozisik,
https://www.youtube.com/watch?v=ACc9cVB0Z8I,Turgay Güler,,,2,turgay_guler,
https://www.youtube.com/watch?v=r4ReIfveQCE,Hadi Özışık,,,2,hadi_ozisik,
https://www.youtube.com/watch?v=FL9pjqaYAp4,Hadi Özışık,,,2,hadi_ozisik,
https://www.youtube.com/watch?v=Glz1GEAsMKM,Turgay Güler,,,2,turgay_guler,
https://www.youtube.com/watch?v=ZRfCTdoY6E4,Hadi Özışık,,,2,hadi_ozisik,
https://www.youtube.com/watch?v=8gbihE3-5UA,Turgay Güler,,,2,turgay_guler,
https://www.youtube.com/watch?v=7YzcNyEJY3E,Hadi Özışık,,,2,hadi_ozisik,
https://www.youtube.com/watch?v=j9lINUHlV_M,Turgay Güler,,,2,turgay_guler,
https://www.youtube.com/watch?v=VC2vnPzDC10,Hadi Özışık,,,2,hadi_ozisik,
https://www.youtube.com/watch?v=rIendeMGWE0,Turgay Güler,,,2,turgay_guler,
https://www.youtube.com/watch?v=bge3EOKCdPk,Turgay Güler,,,2,turgay_guler,
https://www.youtube.com/watch?v=jww6cFkFxNg,Hadi Özışık,,,2,hadi_ozisik,
https://www.youtube.com/watch?v=As3ZSx_QQN8,Turgay Güler,,,2,turgay_guler,
https://www.youtube.com/watch?v=j2W1EulN0hU,Hadi Özışık,,,2,hadi_ozisik,
https://www.youtube.com/watch?v=Z7BN3a_Lo8o,Turgay Güler,,,2,turgay_guler,
https://www.youtube.com/watch?v=V9Vr6s1YzC8,Hadi Özışık,,,2,hadi_ozisik,
https://www.youtube.com/watch?v=REjYMPsV4Ys,Hadi Özışık,,,2,hadi_ozisik,
https://www.youtube.com/watch?v=4R5tonvtouY,Turgay Güler,,,2,turgay_guler,
https://www.youtube.com/watch?v=JzUmrzwxQs4,Hadi Özışık,,,2,hadi_ozisik,
https://www.youtube.com/watch?v=qqc68BUPRhA,Hadi Özışık,,,2,hadi_ozisik,
https://www.youtube.com/watch?v=pre8u8--lR4,Turgay Güler,,,2,turgay_guler,
https://www.youtube.com/watch?v=9fZqX8s2U3Y,Hadi Özışık,,,2,hadi_ozisik,
https://www.youtube.com/watch?v=fHKCKesbj6s,Hadi Özışık,,,2,hadi_ozisik,
https://www.youtube.com/watch?v=a-4H1uisdbc,Turgay Güler,,,2,turgay_guler,
https://www.youtube.com/watch?v=mJarHn6FO5Q,Hadi Özışık,,,2,hadi_ozisik,
https://www.youtube.com/watch?v=qRlGhr41knM,Hadi Özışık,,,2,hadi_ozisik,
https://www.youtube.com/watch?v=5A2iLXkU7P4,Turgay Güler,,,2,turgay_guler,
https://www.youtube.com/watch?v=epetj5z9MF4,Hadi Özışık,,,2,hadi_ozisik,
https://www.youtube.com/watch?v=bwAk74l8aXw,Turgay Güler,,,2,turgay_guler,
https://www.youtube.com/watch?v=_eQ8XquMUNA,Hadi Özışık,,,2,hadi_ozisik,
https://www.youtube.com/watch?v=0aQ6ANnRNpw,Hadi Özışık,,,2,hadi_ozisik,
https://www.youtube.com/watch?v=aDPom1vNlDA,Turgay Güler,,,2,turgay_guler,
https://www.youtube.com/watch?v=UN_oYT-YS1A,Hadi Özışık,,,2,hadi_ozisik,
https://www.youtube.com/watch?v=F7cpy3yHBYc,Hadi Özışık,,,2,hadi_ozisik,
https://www.youtube.com/watch?v=K_BMacg4Mz0,Turgay Güler,,,2,turgay_guler,
https://www.youtube.com/watch?v=7kwvBOIuiOw,Hadi Özışık,,,2,hadi_ozisik,
https://www.youtube.com/watch?v=zp6w8uGg3dI,Turgay Güler,,,2,turgay_guler,
https://www.youtube.com/watch?v=l6Wk0iCzP8o,Hadi Özışık,,,2,hadi_ozisik,
https://www.youtube.com/watch?v=0nvzdHs6pZ8,Turgay Güler,,,2,turgay_guler,
https://www.youtube.com/watch?v=xYxlJecbqWw,Hadi Özışık,,,2,hadi_ozisik,
https://www.youtube.com/watch?v=M1NCRolEUUA,Turgay Güler,,,2,turgay_guler,
https://www.youtube.com/watch?v=kEk4yuYUBsk,Hadi Özışık,,,2,hadi_ozisik,
https://www.youtube.com/watch?v=dEiD2rGrWls,Hadi Özışık,,,2,hadi_ozisik,
https://www.youtube.com/watch?v=VXvIk3yAYUg,Turgay Güler,,,2,turgay_guler,
https://www.youtube.com/watch?v=9566CbDbk54,Hadi Özışık,,,2,hadi_ozisik,
https://www.youtube.com/watch?v=AEiPvjrxnMg,Hadi Özışık,,,2,hadi_ozisik,
https://www.youtube.com/watch?v=xhaUPh9CnlU,Hadi Özışık,,,2,hadi_ozisik,
https://www.youtube.com/watch?v=tR-xSUVYW5A,Turgay Güler,,,2,turgay_guler,
https://www.youtube.com/watch?v=x7hEUQtazO8,Turgay Güler,,,2,turgay_guler,
https://www.youtube.com/watch?v=otiIbX1cv5Y,Hadi Özışık,,,2,hadi_ozisik,
https://www.youtube.com/watch?v=ePnj2IuCoSM,Turgay Güler,,,2,turgay_guler,
https://www.youtube.com/watch?v=988IImvggO0,Hadi Özışık,,,2,hadi_ozisik,
https://www.youtube.com/watch?v=NVZEKpJXZb0,Turgay Güler,,,2,turgay_guler,
https://www.youtube.com/watch?v=nZvRWS_Elmo,Hadi Özışık,,,2,hadi_ozisik,
https://www.youtube.com/watch?v=9boAAlw1y7o,Turgay Güler,,,2,turgay_guler,
https://www.youtube.com/watch?v=TjgjQGGfVhs,Hadi Özışık,,,2,hadi_ozisik,
https://www.youtube.com/watch?v=zRG7V2hVslM,Turgay Güler,,,2,turgay_guler,
https://www.youtube.com/watch?v=JQuTfOFlBfM,Turgay Güler,,,2,turgay_guler,
https://www.youtube.com/watch?v=dApDKmaDh0I,Hadi Özışık,,,2,hadi_ozisik,
https://www.youtube.com/watch?v=BIHm_2keRtM,Turgay Güler,,,2,turgay_guler,
https://www.youtube.com/watch?v=Wq0sV-BsXfs,Hadi Özışık,,,2,hadi_ozisik,
https://www.youtube.com/watch?v=dqwQVN0uhVA,Turgay Güler,,,2,turgay_guler,
https://www.youtube.com/watch?v=vGRAGjmo99I,Turgay Güler,,,2,turgay_guler,
https://www.youtube.com/watch?v=0_v_3KDGJxo,Hadi Özışık,,,2,hadi_ozisik,
https://www.youtube.com/watch?v=KFdfoVt_T7A,Hadi Özışık,,,2,hadi_ozisik,
https://www.youtube.com/watch?v=P7yywKlJo1s,Turgay Güler,,,2,turgay_guler,
https://www.youtube.com/watch?v=74tPRHAPTm0,Hadi Özışık,,,2,hadi_ozisik,
https://www.youtube.com/watch?v=_fPo3ooUjmA,Turgay Güler,,,2,turgay_guler,
https://www.youtube.com/watch?v=-P801faKCr4,Hadi Özışık,,,2,hadi_ozisik,
https://www.youtube.com/watch?v=4jxHul98H0E,Hadi Özışık,,,2,hadi_ozisik,
https://www.youtube.com/watch?v=cyKDGdZ4eH4,Turgay Güler,,,2,turgay_guler,
https://www.youtube.com/watch?v=NLx-m68KtAY,Hadi Özışık,,,2,hadi_ozisik,
https://www.youtube.com/watch?v=MK4l6UmB4Po,Turgay Güler,,,2,turgay_guler,
https://www.youtube.com/watch?v=f_Yfw7ua0-E,Hadi Özışık,,,2,hadi_ozisik,
https://www.youtube.com/watch?v=wIqoUS0nuDU,Turgay Güler,,,2,turgay_guler,
https://www.youtube.com/watch?v=Ff_0Aw1LtOg,Turgay Güler,,,2,turgay_guler,
https://www.youtube.com/watch?v=dM_suUw46w0,Turgay Güler,,,2,turgay_guler,
https://www.youtube.com/watch?v=9nsb__hArmU,Turgay Güler,,,2,turgay_guler,
https://www.youtube.com/watch?v=Y4AUu-pzoK4,Turgay Güler,,,2,turgay_guler,
https://www.youtube.com/watch?v=NWiUlck6ppg,Turgay Güler,,,2,turgay_guler,
https://www.youtube.com/watch?v=FrpIY8Z-NUQ,Turgay Güler,,,2,turgay_guler,
https://www.youtube.com/watch?v=jJEPCltaZP4,Turgay Güler,,,2,turgay_guler,
https://www.youtube.com/watch?v=Iu_l8zqFml0,Turgay Güler,,,2,turgay_guler,
https://www.youtube.com/watch?v=bKi_bth5vsM,Turgay Güler,,,2,turgay_guler,
https://www.youtube.com/watch?v=emnxk2enrKI,Turgay Güler,,,2,turgay_guler,
https://www.youtube.com/watch?v=wYG3oXMNodk,Turgay Güler,,,2,turgay_guler,
https://www.youtube.com/watch?v=sdW7azL2dw0,Turgay Güler,,,2,turgay_guler,
https://www.youtube.com/watch?v=jqMD3VxvI04,Turgay Güler,,,2,turgay_guler,
https://www.youtube.com/watch?v=Y_eXdr4zy6g,Turgay Güler,,,2,turgay_guler,
https://www.youtube.com/watch?v=MsGM5oM99e8,Turgay Güler,,,2,turgay_guler,
https://www.youtube.com/watch?v=IWzzmT8aKCU,Turgay Güler,,,2,turgay_guler,
https://www.youtube.com/watch?v=BfbBvGTuYk8,Turgay Güler,,,2,turgay_guler,
https://www.youtube.com/watch?v=pnTD4Ls8BV4,Turgay Güler,,,2,turgay_guler,
https://www.youtube.com/watch?v=8y6LVu1btxI,Turgay Güler,,,2,turgay_guler,
https://www.youtube.com/watch?v=jVenVLN_RD4,Turgay Güler,,,2,turgay_guler,
https://www.youtube.com/watch?v=2oG5EMVm3lA,Turgay Güler,,,2,turgay_guler,
https://www.youtube.com/watch?v=_AlBhYvsK2Y,Turgay Güler,,,2,turgay_guler,
https://www.youtube.com/watch?v=jJmBIcPADbo,Turgay Güler,,,2,turgay_guler,
https://www.youtube.com/watch?v=g-i4EOHwuVg,Turgay Güler,,,2,turgay_guler,
https://www.youtube.com/watch?v=_DgZe_ww_LQ,Turgay Güler,,,2,turgay_guler,
https://www.youtube.com/watch?v=8zxyRac6Pa8,Turgay Güler,,,2,turgay_guler,
https://www.youtube.com/watch?v=JrYh3u6Uwik,Turgay Güler,,,2,turgay_guler,
https://www.youtube.com/watch?v=tygT4CbtxOA,Turgay Güler,,,2,turgay_guler,
https://www.youtube.com/watch?v=0nm_9505xhY,Turgay Güler,,,2,turgay_guler,
https://www.youtube.com/watch?v=MBHMwbCc7B8,Turgay Güler,,,2,turgay_guler,
https://www.youtube.com/watch?v=A-9xeEY1Ty4,Turgay Güler,,,2,turgay_guler,
https://www.youtube.com/watch?v=nR2P02tYbU4,Turgay Güler,,,2,turgay_guler,
https://www.youtube.com/watch?v=O9vWRPzkzcA,Turgay Güler,,,2,turgay_guler,
https://www.youtube.com/watch?v=btcc_m70Y2k,Turgay Güler,,,2,turgay_guler,
https://www.youtube.com/watch?v=cyezpz5Xqvw,Ardan Zentürk,,,2,ardan_zenturk,
https://www.youtube.com/watch?v=1-keteAV9kg,Ardan Zentürk,,,2,ardan_zenturk,
https://www.youtube.com/watch?v=rT3-cbmR7fs,Ardan Zentürk,,,2,ardan_zenturk,
https://www.youtube.com/watch?v=ystrHsHRNUU,Ardan Zentürk,,,2,ardan_zenturk,
https://www.youtube.com/watch?v=-y93qRHmtRs,Ardan Zentürk,,,2,ardan_zenturk,
https://www.youtube.com/watch?v=r8antKfwbpU,Ardan Zentürk,,,2,ardan_zenturk,
https://www.youtube.com/watch?v=rRENqXT6eac,Ardan Zentürk,,,2,ardan_zenturk,
https://www.youtube.com/watch?v=KRm6EGGJjqg,Ardan Zentürk,,,2,ardan_zenturk,
https://www.youtube.com/watch?v=mLMYZvfapUE,Ardan Zentürk,,,2,ardan_zenturk,
https://www.youtube.com/watch?v=XCxQ2RDMEew,Ardan Zentürk,,,2,ardan_zenturk,
https://www.youtube.com/watch?v=gyFhvEtbhaQ,Ardan Zentürk,,,2,ardan_zenturk,
https://www.youtube.com/watch?v=zGrSAdR7u2o,Ardan Zentürk,,,2,ardan_zenturk,
https://www.youtube.com/watch?v=51t-vf_TyuA,Ardan Zentürk,,,2,ardan_zenturk,
https://www.youtube.com/watch?v=eX8lEIaPAiA,Ardan Zentürk,,,2,ardan_zenturk,
https://www.youtube.com/watch?v=g30OgqGZTkQ,Ardan Zentürk,,,2,ardan_zenturk,
https://www.youtube.com/watch?v=VRe9p_yc4lE,Ardan Zentürk,,,2,ardan_zenturk,
https://www.youtube.com/watch?v=oOcitBHhGoo,Ardan Zentürk,,,2,ardan_zenturk,
https://www.youtube.com/watch?v=nzYpN_P1rYU,Ardan Zentürk,,,2,ardan_zenturk,
https://www.youtube.com/watch?v=e3mtYBeJZRg,Ardan Zentürk,,,2,ardan_zenturk,
https://www.youtube.com/watch?v=rI95n0ZG0zk,Ardan Zentürk,,,2,ardan_zenturk,
https://www.youtube.com/watch?v=l5a9mKaS8LY,Ardan Zentürk,,,2,ardan_zenturk,
https://www.youtube.com/watch?v=q4LWmAGvrUE,Ardan Zentürk,,,2,ardan_zenturk,
https://www.youtube.com/watch?v=BomujR1oBAA,Ardan Zentürk,,,2,ardan_zenturk,
https://www.youtube.com/watch?v=hb41rVTm9Ew,Ardan Zentürk,,,2,ardan_zenturk,
https://www.youtube.com/watch?v=z9g2UdqOHJM,Ardan Zentürk,,,2,ardan_zenturk,
https://www.youtube.com/watch?v=dzI70bVvYdA,Ardan Zentürk,,,2,ardan_zenturk,
https://www.youtube.com/watch?v=BCQK_bjKXz8,Ardan Zentürk,,,2,ardan_zenturk,
https://www.youtube.com/watch?v=SojJUWqKpp8,Ardan Zentürk,,,2,ardan_zenturk,
https://www.youtube.com/watch?v=GTCoKlGOL10,Ardan Zentürk,,,2,ardan_zenturk,
https://www.youtube.com/watch?v=AfWkYeL-DD0,Ardan Zentürk,,,2,ardan_zenturk,
https://www.youtube.com/watch?v=n07eQ3hJtk0,Ardan Zentürk,,,2,ardan_zenturk,
https://www.youtube.com/watch?v=vfm2nDCAssE,Ardan Zentürk,,,2,ardan_zenturk,
https://www.youtube.com/watch?v=6swRepXnpgk,Ardan Zentürk,,,2,ardan_zenturk,
https://www.youtube.com/watch?v=y7q0HgA4h14,Ardan Zentürk,,,2,ardan_zenturk,
https://www.youtube.com/watch?v=OuVqJgfu840,Ardan Zentürk,,,2,ardan_zenturk,
https://www.youtube.com/watch?v=guzyHZ0nZas,Ardan Zentürk,,,2,ardan_zenturk,
https://www.youtube.com/watch?v=Of5HHjkIiCE,Ardan Zentürk,,,2,ardan_zenturk,
https://www.youtube.com/watch?v=fM0wwiwLZbU,Ardan Zentürk,,,2,ardan_zenturk,
https://www.youtube.com/watch?v=wgLCdcjDOnE,Ardan Zentürk,,,2,ardan_zenturk,
https://www.youtube.com/watch?v=2uHzhnqBryQ,Ardan Zentürk,,,2,ardan_zenturk,
https://www.youtube.com/watch?v=UWS7qM1acpY,Ardan Zentürk,,,2,ardan_zenturk,
https://www.youtube.com/watch?v=LOSX2xZsq1E,Ardan Zentürk,,,2,ardan_zenturk,
https://www.youtube.com/watch?v=YUR85mEkmmQ,Ardan Zentürk,,,2,ardan_zenturk,
https://www.youtube.com/watch?v=-MnwlzcY5i4,Ardan Zentürk,,,2,ardan_zenturk,
https://www.youtube.com/watch?v=dMPqxwvTv7U,Ardan Zentürk,,,2,ardan_zenturk,
https://www.youtube.com/watch?v=Hv2qYU_AsZI,Ardan Zentürk,,,2,ardan_zenturk,
https://www.youtube.com/watch?v=Wg66tPgN1h0,Ardan Zentürk,,,2,ardan_zenturk,
https://www.youtube.com/watch?v=kjWw_zCC9eI,Ardan Zentürk,,,2,ardan_zenturk,
https://www.youtube.com/watch?v=dyyM_i4rFL4,Ardan Zentürk,,,2,ardan_zenturk,
https://www.youtube.com/watch?v=RLWvxMYqqKI,Ardan Zentürk,,,2,ardan_zenturk,
https://www.youtube.com/watch?v=3PU91BulPUE,Ardan Zentürk,,,2,ardan_zenturk,
https://www.youtube.com/watch?v=2DpRZEAocYE,Ardan Zentürk,,,2,ardan_zenturk,
https://www.youtube.com/watch?v=CVYNR0MkSAc,Ardan Zentürk,,,2,ardan_zenturk,
https://www.youtube.com/watch?v=latA5rC9NdU,Ardan Zentürk,,,2,ardan_zenturk,
https://www.youtube.com/watch?v=eZGg5fTCJxI,Ardan Zentürk,,,2,ardan_zenturk,
https://www.youtube.com/watch?v=TBqBreIf_8w,Ardan Zentürk,,,2,ardan_zenturk,
https://www.youtube.com/watch?v=86La2_2eL-8,Ardan Zentürk,,,2,ardan_zenturk,
https://www.youtube.com/watch?v=XIEfWMIT-II,Ardan Zentürk,,,2,ardan_zenturk,
https://www.youtube.com/watch?v=uQWvrwC_-5g,Ardan Zentürk,,,2,ardan_zenturk,
https://www.youtube.com/watch?v=YvOicir9TsE,Ardan Zentürk,,,2,ardan_zenturk,
https://www.youtube.com/watch?v=kqjfZYY0o8Y,Ardan Zentürk,,,2,ardan_zenturk,
https://www.youtube.com/watch?v=qGR7Sx9oBfM,Ardan Zentürk,,,2,ardan_zenturk,
https://www.youtube.com/watch?v=xZ14IaX2yZM,Ardan Zentürk,,,2,ardan_zenturk,
https://www.youtube.com/watch?v=nZJFeXO-neo,Ardan Zentürk,,,2,ardan_zenturk,
https://www.youtube.com/watch?v=ajvSrI5Pb9s,Ardan Zentürk,,,2,ardan_zenturk,
https://www.youtube.com/watch?v=1j0GUDTDXk8,Ardan Zentürk,,,2,ardan_zenturk,
https://www.youtube.com/watch?v=jptIxwM-fFQ,Ardan Zentürk,,,2,ardan_zenturk,
https://www.youtube.com/watch?v=bPTEh15I0N8,Ardan Zentürk,,,2,ardan_zenturk,
https://www.youtube.com/watch?v=IAjKxGooLvE,Ardan Zentürk,,,2,ardan_zenturk,
https://www.youtube.com/watch?v=qlL00KnksKs,Ardan Zentürk,,,2,ardan_zenturk,
https://www.youtube.com/watch?v=0Cf-hyk6-oo,Ardan Zentürk,,,2,ardan_zenturk,
https://www.youtube.com/watch?v=ZlIOZ4Ta75c,Ardan Zentürk,,,2,ardan_zenturk,
https://www.youtube.com/watch?v=9VrBT4oO6QQ,Ardan Zentürk,,,2,ardan_zenturk,
https://www.youtube.com/watch?v=CK3l-mQ6byk,Ardan Zentürk,,,2,ardan_zenturk,
https://www.youtube.com/watch?v=7-grJQMau3Q,Ardan Zentürk,,,2,ardan_zenturk,
https://www.youtube.com/watch?v=rLTaa3_Rouw,Ardan Zentürk,,,2,ardan_zenturk,
https://www.youtube.com/watch?v=OSi9uzHCR1o,Ardan Zentürk,,,2,ardan_zenturk,
https://www.youtube.com/watch?v=Ie_uIOd-_sU,Ardan Zentürk,,,2,ardan_zenturk,
https://www.youtube.com/watch?v=OT91nntguHQ,Ardan Zentürk,,,2,ardan_zenturk,
https://www.youtube.com/watch?v=zcbh7MRy7Kg,Ardan Zentürk,,,2,ardan_zenturk,
https://www.youtube.com/watch?v=nIzDMhl_CS4,Ardan Zentürk,,,2,ardan_zenturk,
https://www.youtube.com/watch?v=-UoJC11dLKA,Ardan Zentürk,,,2,ardan_zenturk,
https://www.youtube.com/watch?v=CCYaUroiSOk,Ardan Zentürk,,,2,ardan_zenturk,
https://www.youtube.com/watch?v=BHTRwiJFDow,Ardan Zentürk,,,2,ardan_zenturk,
https://www.youtube.com/watch?v=aMExFNY8tiM,Ardan Zentürk,,,2,ardan_zenturk,
https://www.youtube.com/watch?v=yYPfuwU7Occ,Ardan Zentürk,,,2,ardan_zenturk,
https://www.youtube.com/watch?v=hWT8di0xEH0,Ardan Zentürk,,,2,ardan_zenturk,
https://www.youtube.com/watch?v=b1WN7EKJsGY,Ardan Zentürk,,,2,ardan_zenturk,
https://www.youtube.com/watch?v=UGBjRYLG3w8,Ardan Zentürk,,,2,ardan_zenturk,
https://www.youtube.com/watch?v=qXxRyjL6C8I,Ardan Zentürk,,,2,ardan_zenturk,
https://www.youtube.com/watch?v=jGPfgu_nw7Q,Ardan Zentürk,,,2,ardan_zenturk,
https://www.youtube.com/watch?v=e_HrKCgdWVI,Ardan Zentürk,,,2,ardan_zenturk,
https://www.youtube.com/watch?v=etpBJp8_iko,Ardan Zentürk,,,2,ardan_zenturk,
https://www.youtube.com/watch?v=vV0wfMsBPMc,Ardan Zentürk,,,2,ardan_zenturk,
https://www.youtube.com/watch?v=C1VcDKs7SWc,Ardan Zentürk,,,2,ardan_zenturk,
https://www.youtube.com/watch?v=n6lebWWhImA,Ardan Zentürk,,,2,ardan_zenturk,
https://www.youtube.com/watch?v=OEVXrob1uIU,Ardan Zentürk,,,2,ardan_zenturk,
https://www.youtube.com/watch?v=RE7_FJN1y6k,Ardan Zentürk,,,2,ardan_zenturk,
https://www.youtube.com/watch?v=hnIyhBzZknE,Ardan Zentürk,,,2,ardan_zenturk,
https://www.youtube.com/watch?v=iKq2D8Ov9cU,Ardan Zentürk,,,2,ardan_zenturk,
https://www.youtube.com/watch?v=CsfZ-YCaJCg,Ardan Zentürk,,,2,ardan_zenturk,
https://www.youtube.com/watch?v=ikIYDG7_HuU,Ardan Zentürk,,,2,ardan_zenturk,
https://www.youtube.com/watch?v=KA8SaLmWUBw,Ardan Zentürk,,,2,ardan_zenturk,
https://www.youtube.com/watch?v=WsN5DCFXAiw,Ardan Zentürk,,,2,ardan_zenturk,
https://www.youtube.com/watch?v=0O4KwfnY40g,Ardan Zentürk,,,2,ardan_zenturk,
https://www.youtube.com/watch?v=oROs-9MBXPw,Ardan Zentürk,,,2,ardan_zenturk,
https://www.youtube.com/watch?v=XEVwLcb1qGc,Ardan Zentürk,,,2,ardan_zenturk,
https://www.youtube.com/watch?v=yWw12tSJ_lg,Ardan Zentürk,,,2,ardan_zenturk,
https://www.youtube.com/watch?v=9nv6oGXJ-F0,Ardan Zentürk,,,2,ardan_zenturk,
https://www.youtube.com/watch?v=W1sHjYTc5tg,Ardan Zentürk,,,2,ardan_zenturk,
https://www.youtube.com/watch?v=67kUHs1wd30,Ardan Zentürk,,,2,ardan_zenturk,
https://www.youtube.com/watch?v=XomQa5dBTRU,Ardan Zentürk,,,2,ardan_zenturk,
https://www.youtube.com/watch?v=coG_dv5EpIM,Ardan Zentürk,,,2,ardan_zenturk,
https://www.youtube.com/watch?v=CPcG9vBLSXQ,Ardan Zentürk,,,2,ardan_zenturk,
https://www.youtube.com/watch?v=eAjPFMb7U8A,Ardan Zentürk,,,2,ardan_zenturk,
https://www.youtube.com/watch?v=DGwuD1p78Q8,Ardan Zentürk,,,2,ardan_zenturk,
https://www.youtube.com/watch?v=zC4Z1vlsowU,Ardan Zentürk,,,2,ardan_zenturk,
https://www.youtube.com/watch?v=M5JC-uwSSf4,Ardan Zentürk,,,2,ardan_zenturk,
https://www.youtube.com/watch?v=DTY8hGcwPQU,Ardan Zentürk,,,2,ardan_zenturk,
https://www.youtube.com/watch?v=8j-tIZe5nJ4,Ardan Zentürk,,,2,ardan_zenturk,
https://www.youtube.com/watch?v=89Ri2bv88IE,Ardan Zentürk,,,2,ardan_zenturk,
https://www.youtube.com/watch?v=1iffzFOav2g,Ardan Zentürk,,,2,ardan_zenturk,
https://www.youtube.com/watch?v=QhplHHINFW0,Ardan Zentürk,,,2,ardan_zenturk,
https://www.youtube.com/watch?v=lv-05P-veiM,Ardan Zentürk,,,2,ardan_zenturk,
https://www.youtube.com/watch?v=9PjgKSstR6k,Ardan Zentürk,,,2,ardan_zenturk,
https://www.youtube.com/watch?v=Wk9R-4PGuXg,Ardan Zentürk,,,2,ardan_zenturk,
https://www.youtube.com/watch?v=D1Vs4wIOWpM,Ardan Zentürk,,,2,ardan_zenturk,
https://www.youtube.com/watch?v=ZNYoZQMIn0I,Ardan Zentürk,,,2,ardan_zenturk,
https://www.youtube.com/watch?v=UEG7Xj7CeQE,Ardan Zentürk,,,2,ardan_zenturk,
https://www.youtube.com/watch?v=_ImGbec5D2k,Ardan Zentürk,,,2,ardan_zenturk,
https://www.youtube.com/watch?v=pF9UHfDKwLg,Ardan Zentürk,,,2,ardan_zenturk,
https://www.youtube.com/watch?v=u7f-8CU8bXA,Ardan Zentürk,,,2,ardan_zenturk,
https://www.youtube.com/watch?v=GzEMpEGAT3A,Ardan Zentürk,,,2,ardan_zenturk,
https://www.youtube.com/watch?v=5L6vQwBgYRM,Ardan Zentürk,,,2,ardan_zenturk,
https://www.youtube.com/watch?v=DqrzR6k3PMc,Ardan Zentürk,,,2,ardan_zenturk,
https://www.youtube.com/watch?v=Ccn0xkBsaJg,Ardan Zentürk,,,2,ardan_zenturk,
https://www.youtube.com/watch?v=hudJZYmNZz4,Ardan Zentürk,,,2,ardan_zenturk,
https://www.youtube.com/watch?v=HTNxXq4CsQ4,Ardan Zentürk,,,2,ardan_zenturk,
https://www.youtube.com/watch?v=amuxaH1G58A,Ardan Zentürk,,,2,ardan_zenturk,
https://www.youtube.com/watch?v=JvTpsVr-1u0,Ardan Zentürk,,,2,ardan_zenturk,
https://www.youtube.com/watch?v=gGHK24W7pH0,Ardan Zentürk,,,2,ardan_zenturk,
https://www.youtube.com/watch?v=HYQ4b9NKGzM,Ardan Zentürk,,,2,ardan_zenturk,
https://www.youtube.com/watch?v=UJHfoBL4U2w,Ardan Zentürk,,,2,ardan_zenturk,
https://www.youtube.com/watch?v=VxOrBAq2pZ8,Ardan Zentürk,,,2,ardan_zenturk,
https://www.youtube.com/watch?v=7PRJ2XGvAVU,Ardan Zentürk,,,2,ardan_zenturk,
https://www.youtube.com/watch?v=mKKprjFU0-g,Ardan Zentürk,,,2,ardan_zenturk,
https://www.youtube.com/watch?v=-s1STbzyiM0,Ardan Zentürk,,,2,ardan_zenturk,
https://www.youtube.com/watch?v=IUeP96Gu8UQ,Ardan Zentürk,,,2,ardan_zenturk,
https://www.youtube.com/watch?v=aAjbLry7I0I,Ardan Zentürk,,,2,ardan_zenturk,
https://www.youtube.com/watch?v=Z0gypXkICqY,Ardan Zentürk,,,2,ardan_zenturk,
https://www.youtube.com/watch?v=9X8lH0hdMKc,Ardan Zentürk,,,2,ardan_zenturk,
https://www.youtube.com/watch?v=3DnGyiIqAvM,Ardan Zentürk,,,2,ardan_zenturk,
https://www.youtube.com/watch?v=24KmtN0zO5o,Ardan Zentürk,,,2,ardan_zenturk,
https://www.youtube.com/watch?v=pkNJVBDOTeA,Ardan Zentürk,,,2,ardan_zenturk,
https://www.youtube.com/watch?v=Ww7ja9zQDGw,Ardan Zentürk,,,2,ardan_zenturk,
https://www.youtube.com/watch?v=gR8swGzAaSE,Ardan Zentürk,,,2,ardan_zenturk,
https://www.youtube.com/watch?v=ymTsJoJZLdE,Ardan Zentürk,,,2,ardan_zenturk,
https://www.youtube.com/watch?v=q3odulRKBn8,Ardan Zentürk,,,2,ardan_zenturk,
https://www.youtube.com/watch?v=pKQW0FkTxU8,Ardan Zentürk,,,2,ardan_zenturk,
https://www.youtube.com/watch?v=EpY2xtMyL34,Ardan Zentürk,,,2,ardan_zenturk,
https://www.youtube.com/watch?v=dDIJwi6Y3KA,Ardan Zentürk,,,2,ardan_zenturk,
https://www.youtube.com/watch?v=_2ADc7zt3dQ,Ardan Zentürk,,,2,ardan_zenturk,
https://www.youtube.com/watch?v=bgDyIKzTTpY,Ardan Zentürk,,,2,ardan_zenturk,
https://www.youtube.com/watch?v=NfOLfVSQ-_c,Ardan Zentürk,,,2,ardan_zenturk,
https://www.youtube.com/watch?v=Z6npfAg2qT0,Ardan Zentürk,,,2,ardan_zenturk,
https://www.youtube.com/watch?v=6LV6zjQxCLI,Ardan Zentürk,,,2,ardan_zenturk,
https://www.youtube.com/watch?v=PHwhLNTygj8,Ardan Zentürk,,,2,ardan_zenturk,
https://www.youtube.com/watch?v=3xucfiLG5eg,Ardan Zentürk,,,2,ardan_zenturk,
https://www.youtube.com/watch?v=BpxS1-m4EMM,Ardan Zentürk,,,2,ardan_zenturk,
https://www.youtube.com/watch?v=MYbeNlskJkc,Ardan Zentürk,,,2,ardan_zenturk,
https://www.youtube.com/watch?v=vmvxkzBES7g,Ardan Zentürk,,,2,ardan_zenturk,
https://www.youtube.com/watch?v=4mah8yCsHfo,Ardan Zentürk,,,2,ardan_zenturk,
https://www.youtube.com/watch?v=TKN6iFq597s,Ardan Zentürk,,,2,ardan_zenturk,
https://www.youtube.com/watch?v=ZGWQ6I_C8sM,Ardan Zentürk,,,2,ardan_zenturk,
https://www.youtube.com/watch?v=sEUy_ySqrJg,Ardan Zentürk,,,2,ardan_zenturk,
https://www.youtube.com/watch?v=d7BMMeiXrcA,Ardan Zentürk,,,2,ardan_zenturk,
https://www.youtube.com/watch?v=oCC0F5NV85I,Ardan Zentürk,,,2,ardan_zenturk,
https://www.youtube.com/watch?v=ZUDRx7v4EXU,Ardan Zentürk,,,2,ardan_zenturk,
https://www.youtube.com/watch?v=PB_NgtagPHo,Ardan Zentürk,,,2,ardan_zenturk,
https://www.youtube.com/watch?v=JdHzTdzW6pM,Ardan Zentürk,,,2,ardan_zenturk,
https://www.youtube.com/watch?v=YpoVsO3XaHs,Ardan Zentürk,,,2,ardan_zenturk,
https://www.youtube.com/watch?v=DxUDFekFeo4,Ardan Zentürk,,,2,ardan_zenturk,
https://www.youtube.com/watch?v=oAHNSNpgMyg,Ardan Zentürk,,,2,ardan_zenturk,
https://www.youtube.com/watch?v=v6LhNZjm7tw,Ardan Zentürk,,,2,ardan_zenturk,
https://www.youtube.com/watch?v=FPfdm2Nw39M,Ardan Zentürk,,,2,ardan_zenturk,
https://www.youtube.com/watch?v=xQlghyvwvWM,Ardan Zentürk,,,2,ardan_zenturk,
https://www.youtube.com/watch?v=YHZZ17gLHWo,Ardan Zentürk,,,2,ardan_zenturk,
https://www.youtube.com/watch?v=3k_is7sD6rY,Ardan Zentürk,,,2,ardan_zenturk,
https://www.youtube.com/watch?v=h8TJTRoyjrg,Ardan Zentürk,,,2,ardan_zenturk,
https://www.youtube.com/watch?v=ghZmffxsdOU,Ardan Zentürk,,,2,ardan_zenturk,
https://www.youtube.com/watch?v=gKQpwhWhu-c,Ardan Zentürk,,,2,ardan_zenturk,
https://www.youtube.com/watch?v=W-4h1ucyhpA,Ardan Zentürk,,,2,ardan_zenturk,
https://www.youtube.com/watch?v=wfMrFsekyf8,Ardan Zentürk,,,2,ardan_zenturk,
https://www.youtube.com/watch?v=dYW6veg-jTg,Ardan Zentürk,,,2,ardan_zenturk,
https://www.youtube.com/watch?v=XE2ISxjiu3o,Ardan Zentürk,,,2,ardan_zenturk,
https://www.youtube.com/watch?v=wrrsrH_6nvM,Ardan Zentürk,,,2,ardan_zenturk,
https://www.youtube.com/watch?v=Scr-lUchr-E,Ardan Zentürk,,,2,ardan_zenturk,
https://www.youtube.com/watch?v=eI9q-fOCv-c,Ardan Zentürk,,,2,ardan_zenturk,
https://www.youtube.com/watch?v=EgTg7jAiPF0,Ardan Zentürk,,,2,ardan_zenturk,
https://www.youtube.com/watch?v=4QfDV1MHhG4,Ardan Zentürk,,,2,ardan_zenturk,
https://www.youtube.com/watch?v=p6KqfprgduQ,Ardan Zentürk,,,2,ardan_zenturk,
https://www.youtube.com/watch?v=TaZxzvuBjvo,Ardan Zentürk,,,2,ardan_zenturk,
https://www.youtube.com/watch?v=YmiGyWjNZO4,Ardan Zentürk,,,2,ardan_zenturk,
https://www.youtube.com/watch?v=Hkdk59feu5s,Ardan Zentürk,,,2,ardan_zenturk,
https://www.youtube.com/watch?v=ESWoEeBa3Eo,Ardan Zentürk,,,2,ardan_zenturk,
https://www.youtube.com/watch?v=tg0NiayVTos,Ardan Zentürk,,,2,ardan_zenturk,
https://www.youtube.com/watch?v=dApfbfSXIHA,Ardan Zentürk,,,2,ardan_zenturk,
https://www.youtube.com/watch?v=Czp4hLTjD_o,Ardan Zentürk,,,2,ardan_zenturk,
https://www.youtube.com/watch?v=Qpyiwn0KBk8,Ardan Zentürk,,,2,ardan_zenturk,
https://www.youtube.com/watch?v=S3-l5ASVUkI,Ardan Zentürk,,,2,ardan_zenturk,
https://www.youtube.com/watch?v=0i3_5QHOHlc,Ardan Zentürk,,,2,ardan_zenturk,
https://www.youtube.com/watch?v=_S2lFNo4UiM,Ardan Zentürk,,,2,ardan_zenturk,
https://www.youtube.com/watch?v=T_ZZyLsHquM,Ardan Zentürk,,,2,ardan_zenturk,
https://www.youtube.com/watch?v=zD-u0R3Satw,Ardan Zentürk,,,2,ardan_zenturk,
https://www.youtube.com/watch?v=UhCRqnWwAkI,Ardan Zentürk,,,2,ardan_zenturk,
https://www.youtube.com/watch?v=H-JZjffcgTQ,Ardan Zentürk,,,2,ardan_zenturk,
https://www.youtube.com/watch?v=1a8Tjw4xGGA,Ardan Zentürk,,,2,ardan_zenturk,
https://www.youtube.com/watch?v=IyHYK6UrB4o,Ardan Zentürk,,,2,ardan_zenturk,
https://www.youtube.com/watch?v=3ybFngck7Ck,Ardan Zentürk,,,2,ardan_zenturk,
https://www.youtube.com/watch?v=f_8AINMdNec,Ardan Zentürk,,,2,ardan_zenturk,
https://www.youtube.com/watch?v=w7HxPM8qET0,Ardan Zentürk,,,2,ardan_zenturk,
https://www.youtube.com/watch?v=m6eqwYXoA6c,Ardan Zentürk,,,2,ardan_zenturk,
https://www.youtube.com/watch?v=Q2y7arbgK6I,Ardan Zentürk,,,2,ardan_zenturk,
https://www.youtube.com/watch?v=-BR41mMXrVI,Ardan Zentürk,,,2,ardan_zenturk,
https://www.youtube.com/watch?v=t-iPQJHns7c,Ardan Zentürk,,,2,ardan_zenturk,
https://www.youtube.com/watch?v=6t4_Kxt5qJ4,Ardan Zentürk,,,2,ardan_zenturk,
https://www.youtube.com/watch?v=Au6UdXw1kYc,Ardan Zentürk,,,2,ardan_zenturk,
https://www.youtube.com/watch?v=zwhTNUcAryg,Ardan Zentürk,,,2,ardan_zenturk,
https://www.youtube.com/watch?v=5kHbi4uCxWI,Ardan Zentürk,,,2,ardan_zenturk,
https://www.youtube.com/watch?v=5VLE7GLMobU,Ardan Zentürk,,,2,ardan_zenturk,
https://www.youtube.com/watch?v=HAx3IFTyIqY,Ardan Zentürk,,,2,ardan_zenturk,
https://www.youtube.com/watch?v=DB_iQaLwjdo,Ardan Zentürk,,,2,ardan_zenturk,
https://www.youtube.com/watch?v=uQBq3vooI1w,Ardan Zentürk,,,2,ardan_zenturk,
https://www.youtube.com/watch?v=Djt7U8HFZFE,Ardan Zentürk,,,2,ardan_zenturk,
https://www.youtube.com/watch?v=R0KyqfYYFCg,Ardan Zentürk,,,2,ardan_zenturk,
https://www.youtube.com/watch?v=WHry1UzQa5c,Ardan Zentürk,,,2,ardan_zenturk,
https://www.youtube.com/watch?v=FVh0o9D5gmY,Ardan Zentürk,,,2,ardan_zenturk,
https://www.youtube.com/watch?v=YNtdOGoU3vY,Ardan Zentürk,,,2,ardan_zenturk,
https://www.youtube.com/watch?v=utjwucygf2Y,Ardan Zentürk,,,2,ardan_zenturk,
https://www.youtube.com/watch?v=fotbaXqbYAE,Ardan Zentürk,,,2,ardan_zenturk,
https://www.youtube.com/watch?v=swY-Ixz0Ms0,Ardan Zentürk,,,2,ardan_zenturk,
https://www.youtube.com/watch?v=ItV7HwlrqHY,Ardan Zentürk,,,2,ardan_zenturk,
https://www.youtube.com/watch?v=MfPPxyq8p4I,Ardan Zentürk,,,2,ardan_zenturk,
https://www.youtube.com/watch?v=EQs4OkA9jAk,Ardan Zentürk,,,2,ardan_zenturk,
https://www.youtube.com/watch?v=_S47_ieNNoU,Ardan Zentürk,,,2,ardan_zenturk,
https://www.youtube.com/watch?v=p2WhCxucpuY,Ardan Zentürk,,,2,ardan_zenturk,
https://www.youtube.com/watch?v=8JkZDeVWbSk,Ardan Zentürk,,,2,ardan_zenturk,
https://www.youtube.com/watch?v=VbEyA93S9R0,Ardan Zentürk,,,2,ardan_zenturk,
https://www.youtube.com/watch?v=PQ8HwE9PRos,Ardan Zentürk,,,2,ardan_zenturk,
https://www.youtube.com/watch?v=PP3ZOXQs2kU,Ardan Zentürk,,,2,ardan_zenturk,
https://www.youtube.com/watch?v=aPc5RcYpvro,Ardan Zentürk,,,2,ardan_zenturk,
https://www.youtube.com/watch?v=oVmlbXFnSws,Ardan Zentürk,,,2,ardan_zenturk,
https://www.youtube.com/watch?v=aO8yqf4gRPU,Ardan Zentürk,,,2,ardan_zenturk,
https://www.youtube.com/watch?v=xlpNKs7TNqE,Ardan Zentürk,,,2,ardan_zenturk,
https://www.youtube.com/watch?v=ZvqnBnWOUfc,Ardan Zentürk,,,2,ardan_zenturk,
https://www.youtube.com/watch?v=p5_7FwG-KwA,Ardan Zentürk,,,2,ardan_zenturk,
https://www.youtube.com/watch?v=NF5zxv2xIto,Ardan Zentürk,,,2,ardan_zenturk,
https://www.youtube.com/watch?v=BjIVb_RbnlA,Ardan Zentürk,,,2,ardan_zenturk,
https://www.youtube.com/watch?v=z2e9MeVbn7k,Ardan Zentürk,,,2,ardan_zenturk,
https://www.youtube.com/watch?v=58SQRFn0DEU,Ardan Zentürk,,,2,ardan_zenturk,
https://www.youtube.com/watch?v=RV65vQ85oPk,Ardan Zentürk,,,2,ardan_zenturk,
https://www.youtube.com/watch?v=7-qppl8r5kE,Ardan Zentürk,,,2,ardan_zenturk,
https://www.youtube.com/watch?v=Eol-jUBUPhw,Ardan Zentürk,,,2,ardan_zenturk,
https://www.youtube.com/watch?v=YmpCOJP2_zw,Ardan Zentürk,,,2,ardan_zenturk,
https://www.youtube.com/watch?v=bQAXI-AI3KU,Ardan Zentürk,,,2,ardan_zenturk,
https://www.youtube.com/watch?v=I8ly55buTd0,Ardan Zentürk,,,2,ardan_zenturk,
https://www.youtube.com/watch?v=6eXTnSbGvC0,Ardan Zentürk,,,2,ardan_zenturk,
https://www.youtube.com/watch?v=rIp0ziuBIAw,Ardan Zentürk,,,2,ardan_zenturk,
https://www.youtube.com/watch?v=jsbYUB0Svxg,Ardan Zentürk,,,2,ardan_zenturk,
https://www.youtube.com/watch?v=hwjwO8OizbU,Ardan Zentürk,,,2,ardan_zenturk,
https://www.youtube.com/watch?v=9IH1wia0tIw,Ardan Zentürk,,,2,ardan_zenturk,
https://www.youtube.com/watch?v=2omOqP5RSfY,Ardan Zentürk,,,2,ardan_zenturk,
https://www.youtube.com/watch?v=f_T3o9xi9ek,Ardan Zentürk,,,2,ardan_zenturk,
https://www.youtube.com/watch?v=TNYL7BlHw8E,Ardan Zentürk,,,2,ardan_zenturk,
https://www.youtube.com/watch?v=aS9UPT2jAAc,Ardan Zentürk,,,2,ardan_zenturk,
https://www.youtube.com/watch?v=k5ZCXaJiu-Y,Ardan Zentürk,,,2,ardan_zenturk,
https://www.youtube.com/watch?v=bJHU9LtHj_Y,Ardan Zentürk,,,2,ardan_zenturk,
https://www.youtube.com/watch?v=wejKxcyEurA,Ardan Zentürk,,,2,ardan_zenturk,
https://www.youtube.com/watch?v=W9rxa4meGfA,Ardan Zentürk,,,2,ardan_zenturk,
https://www.youtube.com/watch?v=D2HpUi1cbr0,Ardan Zentürk,,,2,ardan_zenturk,
https://www.youtube.com/watch?v=VOnzwIOo9a4,Ardan Zentürk,,,2,ardan_zenturk,
https://www.youtube.com/watch?v=SoTXVh4Cm5Y,Ardan Zentürk,,,2,ardan_zenturk,
https://www.youtube.com/watch?v=wEfxzi9lB0I,Ardan Zentürk,,,2,ardan_zenturk,
https://www.youtube.com/watch?v=z5QOBKaDxRM,Ardan Zentürk,,,2,ardan_zenturk,
https://www.youtube.com/watch?v=_alPdLTeYFQ,Ardan Zentürk,,,2,ardan_zenturk,
https://www.youtube.com/watch?v=_r4TIRub0jo,Ardan Zentürk,,,2,ardan_zenturk,
https://www.youtube.com/watch?v=zW-_S_c2EFY,Ardan Zentürk,,,2,ardan_zenturk,
https://www.youtube.com/watch?v=ANS_-b5TrjI,Ardan Zentürk,,,2,ardan_zenturk,
https://www.youtube.com/watch?v=AeA03j0ulSE,Ardan Zentürk,,,2,ardan_zenturk,
https://www.youtube.com/watch?v=CjmWVQIYVp4,Ardan Zentürk,,,2,ardan_zenturk,
https://www.youtube.com/watch?v=Fcn8xILADgw,Ardan Zentürk,,,2,ardan_zenturk,
https://www.youtube.com/watch?v=E90_Xl6xSSs,Ardan Zentürk,,,2,ardan_zenturk,
https://www.youtube.com/watch?v=M4EfidLW1YM,Ardan Zentürk,,,2,ardan_zenturk,
https://www.youtube.com/watch?v=nsSk258-PcA,Ardan Zentürk,,,2,ardan_zenturk,
https://www.youtube.com/watch?v=qxHmV4OcBqM,Ardan Zentürk,,,2,ardan_zenturk,
https://www.youtube.com/watch?v=F41LyUlc-9g,Ardan Zentürk,,,2,ardan_zenturk,
https://www.youtube.com/watch?v=WFPdt-20M1E,Ardan Zentürk,,,2,ardan_zenturk,
https://www.youtube.com/watch?v=xGWAtd5hxMI,Ardan Zentürk,,,2,ardan_zenturk,
https://www.youtube.com/watch?v=w12MYKfezJo,Ardan Zentürk,,,2,ardan_zenturk,
https://www.youtube.com/watch?v=jiefOVjDoLY,Ardan Zentürk,,,2,ardan_zenturk,
https://www.youtube.com/watch?v=SJSJ5-g8M0Y,Nagehan Alçı,,,2,nagehan_alci,
https://www.youtube.com/watch?v=v1EYQp9hAsU,Nagehan Alçı,,,2,nagehan_alci,
https://www.youtube.com/watch?v=OjLNwN1_JPM,Nagehan Alçı,,,2,nagehan_alci,
https://www.youtube.com/watch?v=d3JeuvhxMy8,Nagehan Alçı,,,2,nagehan_alci,
https://www.youtube.com/watch?v=pzXWvQZnLyc,Nagehan Alçı,,,2,nagehan_alci,
https://www.youtube.com/watch?v=sBr8AeJe6D0,Nagehan Alçı,,,2,nagehan_alci,
https://www.youtube.com/watch?v=5x2NipSz9ew,Nagehan Alçı,,,2,nagehan_alci,
https://www.youtube.com/watch?v=5oFX6wXSdVk,Nagehan Alçı,,,2,nagehan_alci,
https://www.youtube.com/watch?v=JWVJTBmvs18,Nagehan Alçı,,,2,nagehan_alci,
https://www.youtube.com/watch?v=dpdUwV9a_kY,Nagehan Alçı,,,2,nagehan_alci,
https://www.youtube.com/watch?v=o8aS4bozlEI,Nagehan Alçı,,,2,nagehan_alci,
https://www.youtube.com/watch?v=LxiobAnustg,Nagehan Alçı,,,2,nagehan_alci,
https://www.youtube.com/watch?v=WLJBY1cYpGI,Nagehan Alçı,,,2,nagehan_alci,
https://www.youtube.com/watch?v=5kSW_YckANM,Nagehan Alçı,,,2,nagehan_alci,
https://www.youtube.com/watch?v=4irzchSXkOw,Nagehan Alçı,,,2,nagehan_alci,
https://www.youtube.com/watch?v=Hr_6_6Y8Nc8,Nagehan Alçı,,,2,nagehan_alci,
https://www.youtube.com/watch?v=Roff-NjIBSU,Nagehan Alçı,,,2,nagehan_alci,
https://www.youtube.com/watch?v=SuCCOFMWT0k,Nagehan Alçı,,,2,nagehan_alci,
https://www.youtube.com/watch?v=NlNScAM1lnk,Nagehan Alçı,,,2,nagehan_alci,
https://www.youtube.com/watch?v=iQXtKu0t3C8,Nagehan Alçı,,,2,nagehan_alci,
https://www.youtube.com/watch?v=Qf5oGQupE8I,Nagehan Alçı,,,2,nagehan_alci,
https://www.youtube.com/watch?v=MSaRpXbV9Q0,Nagehan Alçı,,,2,nagehan_alci,
https://www.youtube.com/watch?v=eBSHX77Stxk,Nagehan Alçı,,,2,nagehan_alci,
https://www.youtube.com/watch?v=MSHGsBZYHj0,Nagehan Alçı,,,2,nagehan_alci,
https://www.youtube.com/watch?v=F8BH1d3bNmc,Nagehan Alçı,,,2,nagehan_alci,
https://www.youtube.com/watch?v=sL_dgqLPf4Q,Nagehan Alçı,,,2,nagehan_alci,
https://www.youtube.com/watch?v=u31ZiQbdv9U,Nagehan Alçı,,,2,nagehan_alci,
https://www.youtube.com/watch?v=Y5WIGY7dCbs,Nagehan Alçı,,,2,nagehan_alci,
https://www.youtube.com/watch?v=dOM3_I4Xv7M,Nagehan Alçı,,,2,nagehan_alci,
https://www.youtube.com/watch?v=htQAVd1tc1c,Nagehan Alçı,,,2,nagehan_alci,
https://www.youtube.com/watch?v=M-POG9P9WvQ,Nagehan Alçı,,,2,nagehan_alci,
https://www.youtube.com/watch?v=-nNO8o5OUFo,Nagehan Alçı,,,2,nagehan_alci,
https://www.youtube.com/watch?v=G_x6HVYAbv4,Nagehan Alçı,,,2,nagehan_alci,
https://www.youtube.com/watch?v=88OG8F6YDkQ,Nagehan Alçı,,,2,nagehan_alci,
https://www.youtube.com/watch?v=toj0vy9OHfw,Nagehan Alçı,,,2,nagehan_alci,
https://www.youtube.com/watch?v=81G2VCQsmNQ,Nagehan Alçı,,,2,nagehan_alci,
https://www.youtube.com/watch?v=SUdKEQ2c5HI,Nagehan Alçı,,,2,nagehan_alci,
https://www.youtube.com/watch?v=ku8iDArkMc4,Nagehan Alçı,,,2,nagehan_alci,
https://www.youtube.com/watch?v=lhjcRzBGeOc,Nagehan Alçı,,,2,nagehan_alci,
https://www.youtube.com/watch?v=DLADMSeTwog,Nagehan Alçı,,,2,nagehan_alci,
https://www.youtube.com/watch?v=zNg10-83ZN0,Nagehan Alçı,,,2,nagehan_alci,
https://www.youtube.com/watch?v=RMrFjyvcgA0,Nagehan Alçı,,,2,nagehan_alci,
https://www.youtube.com/watch?v=6QBSg_u7U6c,Nagehan Alçı,,,2,nagehan_alci,
https://www.youtube.com/watch?v=FQk30OJaQy8,Nagehan Alçı,,,2,nagehan_alci,
https://www.youtube.com/watch?v=DtKnI1nfMEE,Nagehan Alçı,,,2,nagehan_alci,
https://www.youtube.com/watch?v=QmjDx0_LfWQ,Nagehan Alçı,,,2,nagehan_alci,
https://www.youtube.com/watch?v=Yue2CzN0hJs,Nagehan Alçı,,,2,nagehan_alci,
https://www.youtube.com/watch?v=4XB3ZnLVvgM,Nagehan Alçı,,,2,nagehan_alci,
https://www.youtube.com/watch?v=LS9wCG9gDn4,Nagehan Alçı,,,2,nagehan_alci,
https://www.youtube.com/watch?v=pEVHANa0uJo,Nagehan Alçı,,,2,nagehan_alci,
https://www.youtube.com/watch?v=tTmZH-UaFaY,Nagehan Alçı,,,2,nagehan_alci,
https://www.youtube.com/watch?v=iZiaquOBBNI,Nagehan Alçı,,,2,nagehan_alci,
https://www.youtube.com/watch?v=wQzXsipFedY,Nagehan Alçı,,,2,nagehan_alci,
https://www.youtube.com/watch?v=jIpjMhPTczw,Nagehan Alçı,,,2,nagehan_alci,
https://www.youtube.com/watch?v=8jdgTmMw2pQ,Nagehan Alçı,,,2,nagehan_alci,
https://www.youtube.com/watch?v=zKkM9jewBck,Nagehan Alçı,,,2,nagehan_alci,
https://www.youtube.com/watch?v=O_boGNcAmvg,Nagehan Alçı,,,2,nagehan_alci,
https://www.youtube.com/watch?v=aJNYrHUQG4c,Nagehan Alçı,,,2,nagehan_alci,
https://www.youtube.com/watch?v=mO3UHVVzfgc,Nagehan Alçı,,,2,nagehan_alci,
https://www.youtube.com/watch?v=CC_QWbEN9Vs,Nagehan Alçı,,,2,nagehan_alci,
https://www.youtube.com/watch?v=8QkjyuhSYY4,Nagehan Alçı,,,2,nagehan_alci,
https://www.youtube.com/watch?v=RmIC_BinZAA,Nagehan Alçı,,,2,nagehan_alci,
https://www.youtube.com/watch?v=-or86coZmyU,Nagehan Alçı,,,2,nagehan_alci,
https://www.youtube.com/watch?v=ZMZh6I8qCzs,Nagehan Alçı,,,2,nagehan_alci,
https://www.youtube.com/watch?v=-XyeTPXdHOc,Nagehan Alçı,,,2,nagehan_alci,
https://www.youtube.com/watch?v=_cTn1rIfp-Y,Nagehan Alçı,,,2,nagehan_alci,
https://www.youtube.com/watch?v=iAsPYKW5zSQ,Nagehan Alçı,,,2,nagehan_alci,
https://www.youtube.com/watch?v=490JHdFF8Ps,Nagehan Alçı,,,2,nagehan_alci,
https://www.youtube.com/watch?v=GKnMhSma5Uk,Nagehan Alçı,,,2,nagehan_alci,
https://www.youtube.com/watch?v=EfzVGbnNlJQ,Nagehan Alçı,,,2,nagehan_alci,
https://www.youtube.com/watch?v=eURfyjN78w4,Nagehan Alçı,,,2,nagehan_alci,
https://www.youtube.com/watch?v=IOADO9VH5O8,Nagehan Alçı,,,2,nagehan_alci,
https://www.youtube.com/watch?v=GeeHviA1c6c,Sözcü TV,,,2,ismail_kucukkaya,
https://www.youtube.com/watch?v=8wiO8u9h0Jw,A Haber,,,2,can_okanar,
https://www.youtube.com/watch?v=oxzfg4_yGCc,A Haber,,,2,can_okanar,
https://www.youtube.com/watch?v=XW4YpxH5Fks,Halk TV,,,2,ismail_kucukkaya,
https://www.youtube.com/watch?v=nNLu06ntteY,A Haber,,,2,can_okanar,
https://www.youtube.com/watch?v=wk0gwhL3XBc,A Haber,,,2,can_okanar,
https://www.youtube.com/watch?v=CeNc_eKQtnw,Sözcü TV,,,2,ismail_kucukkaya,
https://www.youtube.com/watch?v=koUCCy0h1xg,A Haber,,,2,can_okanar,
https://www.youtube.com/watch?v=61C_8nZoUm4,A Haber,,,2,can_okanar,
https://www.youtube.com/watch?v=UjoNvTqSzVA,Halk TV,,,2,ismail_kucukkaya,
https://www.youtube.com/watch?v=OyRz55cgg0U,A Haber,,,2,can_okanar,
https://www.youtube.com/watch?v=cOQDRSzDKog,A Haber,,,2,can_okanar,
https://www.youtube.com/watch?v=WK7qFIBCeuw,A Haber,,,2,can_okanar,
https://www.youtube.com/watch?v=ZJRgnExRGpE,Sözcü TV,,,2,ismail_kucukkaya,
https://www.youtube.com/watch?v=AeAoVV7ZmPE,A Haber,,,2,can_okanar,
https://www.youtube.com/watch?v=tfV7fV47HDo,A Haber,,,2,can_okanar,
https://www.youtube.com/watch?v=vBc0gz5AvDA,Halk TV,,,2,ismail_kucukkaya,
https://www.youtube.com/watch?v=MR611YkQVvA,A Haber,,,2,can_okanar,
https://www.youtube.com/watch?v=Dw4svzSoAWo,A Haber,,,2,can_okanar,
https://www.youtube.com/watch?v=7JGxSjKaStc,A Haber,,,2,can_okanar,
https://www.youtube.com/watch?v=GFoqi4Ba_64,Sözcü TV,,,2,ismail_kucukkaya,
https://www.youtube.com/watch?v=ox61f8lrfZ4,A Haber,,,2,can_okanar,
https://www.youtube.com/watch?v=lkMBkTbRKCw,A Haber,,,2,can_okanar,
https://www.youtube.com/watch?v=YlhdFUFfYmA,Halk TV,,,2,ismail_kucukkaya,
https://www.youtube.com/watch?v=StgxkpUm_uE,Sözcü TV,,,2,ismail_kucukkaya,
https://www.youtube.com/watch?v=8NluTjqQab0,Halk TV,,,2,ismail_kucukkaya,
https://www.youtube.com/watch?v=6ouswuUlNc8,Sözcü TV,,,2,ismail_kucukkaya,
https://www.youtube.com/watch?v=NkFOUcFBu6s,Halk TV,,,2,ismail_kucukkaya,
https://www.youtube.com/watch?v=LGdudQZfQfo,Sözcü TV,,,2,ismail_kucukkaya,
https://www.youtube.com/watch?v=CwvE4AcG-iw,Halk TV,,,2,ismail_kucukkaya,
https://www.youtube.com/watch?v=BzsNjN7D5xA,Sözcü TV,,,2,ismail_kucukkaya,
https://www.youtube.com/watch?v=B5cx4UQHG6o,Halk TV,,,2,ismail_kucukkaya,
https://www.youtube.com/watch?v=21Io4apo4J8,Sözcü TV,,,2,ismail_kucukkaya,
https://www.youtube.com/watch?v=s-jWZW8S_T4,Halk TV,,,2,ismail_kucukkaya,
https://www.youtube.com/watch?v=bCvGjwbtrw0,Sözcü TV,,,2,ismail_kucukkaya,
https://www.youtube.com/watch?v=ZcXdfiJ4xEk,Halk TV,,,2,ismail_kucukkaya,
https://www.youtube.com/watch?v=kfnDy9EfcJo,Sözcü TV,,,2,ismail_kucukkaya,
https://www.youtube.com/watch?v=C5Iusy9QE7E,Halk TV,,,2,ismail_kucukkaya,
https://www.youtube.com/watch?v=jKeJTUZERVY,Sözcü TV,,,2,ismail_kucukkaya,
https://www.youtube.com/watch?v=V7D6M6FGnJE,Halk TV,,,2,ismail_kucukkaya,
https://www.youtube.com/watch?v=v_97sML7lFc,Sözcü TV,,,2,ismail_kucukkaya,
https://www.youtube.com/watch?v=H7Kl4gEIVW8,Halk TV,,,2,ismail_kucukkaya,
https://www.youtube.com/watch?v=n80WvZmPP48,Sözcü TV,,,2,ismail_kucukkaya,
https://www.youtube.com/watch?v=oR_uiXb7U8Y,Halk TV,,,2,ismail_kucukkaya,
https://www.youtube.com/watch?v=3GaLWNBuj-k,Sözcü TV,,,2,ismail_kucukkaya,
https://www.youtube.com/watch?v=MGWwo4A_lto,Halk TV,,,2,ismail_kucukkaya,
https://www.youtube.com/watch?v=MRlF1TybfKw,Sözcü TV,,,2,ismail_kucukkaya,
https://www.youtube.com/watch?v=AiN3tsJoV1Q,Halk TV,,,2,ismail_kucukkaya,
https://www.youtube.com/watch?v=8K23t9dqwo8,Sözcü TV,,,2,ismail_kucukkaya,
https://www.youtube.com/watch?v=qAq4im7y5hA,Halk TV,,,2,ismail_kucukkaya,
https://www.youtube.com/watch?v=h9n5SRNuTa0,Sözcü TV,,,2,ismail_kucukkaya,
https://www.youtube.com/watch?v=g1g-Kp-4Ut0,Halk TV,,,2,ismail_kucukkaya,
https://www.youtube.com/watch?v=A2SBjsu4kk0,Sözcü TV,,,2,ismail_kucukkaya,
https://www.youtube.com/watch?v=bbUHdbms4kw,Halk TV,,,2,ece_uner,
https://www.youtube.com/watch?v=CIlZQEElvck,Halk TV,,,2,ece_uner,
https://www.youtube.com/watch?v=0fhqaptinhk,Halk TV,,,2,ece_uner,
https://www.youtube.com/watch?v=wlVp5DbBWyI,Halk TV,,,2,ece_uner,
https://www.youtube.com/watch?v=OgnO6pSlgEM,Halk TV,,,2,ece_uner,
https://www.youtube.com/watch?v=C14fxv5TYBY,Halk TV,,,2,ece_uner,
https://www.youtube.com/watch?v=fYYO6cXYXr0,Halk TV,,,2,ece_uner,
https://www.youtube.com/watch?v=iPwJPjbpdj0,Halk TV,,,2,ece_uner,
https://www.youtube.com/watch?v=qI8MBJTLtd4,Halk TV,,,2,ece_uner,
https://www.youtube.com/watch?v=NKjQzNT1a60,Halk TV,,,2,ece_uner,
https://www.youtube.com/watch?v=9GEO6Qgg8c0,Halk TV,,,2,ece_uner,
https://www.youtube.com/watch?v=BS8i8Vhsncg,Halk TV,,,2,ece_uner,
https://www.youtube.com/watch?v=tyyySLmdaW8,Halk TV,,,2,ece_uner,
https://www.youtube.com/watch?v=kMKkUc272yQ,Halk TV,,,2,ece_uner,
https://www.youtube.com/watch?v=kiXZLM15_jQ,Halk TV,,,2,ece_uner,
https://www.youtube.com/watch?v=w_rsIeZdDn0,Halk TV,,,2,ece_uner,
https://www.youtube.com/watch?v=yCmz4OeLa3I,Halk TV,,,2,ece_uner,
https://www.youtube.com/watch?v=hAWN24euKdY,Halk TV,,,2,ece_uner,
https://www.youtube.com/watch?v=gm1G4QkIzhc,Halk TV,,,2,ece_uner,
https://www.youtube.com/watch?v=6A9j5dPu9ys,Halk TV,,,2,ece_uner,
https://www.youtube.com/watch?v=q3F95wpmBkY,Halk TV,,,2,ece_uner,
https://www.youtube.com/watch?v=5YXloOa1D8k,Halk TV,,,2,ece_uner,
https://www.youtube.com/watch?v=XhaRrBGwRuM,Halk TV,,,2,ece_uner,
https://www.youtube.com/watch?v=MdpYAkVn3xU,Halk TV,,,2,ece_uner,
https://www.youtube.com/watch?v=t0gkZcptecU,Halk TV,,,2,ece_uner,
https://www.youtube.com/watch?v=wtcHfhRlxy8,Halk TV,,,2,ece_uner,
https://www.youtube.com/watch?v=giW0dGEMFeY,Halk TV,,,2,ece_uner,
https://www.youtube.com/watch?v=c5ts1I-mEeY,Halk TV,,,2,ece_uner,
https://www.youtube.com/watch?v=W08foJwYIcI,Halk TV,,,2,ece_uner,
https://www.youtube.com/watch?v=dPwfnycIIBA,Halk TV,,,2,ece_uner,
https://www.youtube.com/watch?v=2TRFeXf6IdU,Halk TV,,,2,ece_uner,
https://www.youtube.com/watch?v=QJbovrsbvuI,Halk TV,,,2,ece_uner,
https://www.youtube.com/watch?v=YdJJOsBn80s,Halk TV,,,2,ece_uner,
https://www.youtube.com/watch?v=cLLQQB65xVo,Halk TV,,,2,ece_uner,
https://www.youtube.com/watch?v=YzVId9NTJIk,Halk TV,,,2,ece_uner,
https://www.youtube.com/watch?v=dGIYwtqKFC4,Halk TV,,,2,ece_uner,
https://www.youtube.com/watch?v=fRSNiz74_Pg,Halk TV,,,2,ece_uner,
https://www.youtube.com/watch?v=eFatLJrZdDE,Halk TV,,,2,ece_uner,
https://www.youtube.com/watch?v=xL3p6MszO7s,Halk TV,,,2,ece_uner,
https://www.youtube.com/watch?v=qHZ-YRXmeNk,Ersan Şen,,,2,ersan_sen,
https://www.youtube.com/watch?v=WeU4OMJ1g_M,Ersan Şen,,,2,ersan_sen,
https://www.youtube.com/watch?v=IlJVvkgmdjk,Ersan Şen,,,2,ersan_sen,
https://www.youtube.com/watch?v=7ejmH2fnGyE,Ersan Şen,,,2,ersan_sen,
https://www.youtube.com/watch?v=VUutNyVRlEw,Ersan Şen,,,2,ersan_sen,
https://www.youtube.com/watch?v=TnatY-bL4ao,Ersan Şen,,,2,ersan_sen,
https://www.youtube.com/watch?v=ZWwlga-BjxE,Ersan Şen,,,2,ersan_sen,
https://www.youtube.com/watch?v=RMoiz-8NI58,Ersan Şen,,,2,ersan_sen,
https://www.youtube.com/watch?v=SJR8bfsYkLU,Ersan Şen,,,2,ersan_sen,
https://www.youtube.com/watch?v=akGI3d4gCas,Ersan Şen,,,2,ersan_sen,
https://www.youtube.com/watch?v=3R5gwGy8gG0,Ersan Şen,,,2,ersan_sen,
https://www.youtube.com/watch?v=J6Ah3FPo3_k,Ersan Şen,,,2,ersan_sen,
https://www.youtube.com/watch?v=R4oMEqmwVJI,Ersan Şen,,,2,ersan_sen,
https://www.youtube.com/watch?v=X8sauLc7qf4,Ersan Şen,,,2,ersan_sen,
https://www.youtube.com/watch?v=axeArCB4ECE,Ersan Şen,,,2,ersan_sen,
https://www.youtube.com/watch?v=-9ilpoUth3A,Ersan Şen,,,2,ersan_sen,
https://www.youtube.com/watch?v=ITCweL5IXhQ,Ersan Şen,,,2,ersan_sen,
https://www.youtube.com/watch?v=7z7Vzt2GCy4,Ersan Şen,,,2,ersan_sen,
https://www.youtube.com/watch?v=Xbztdoj7sGE,Ersan Şen,,,2,ersan_sen,
https://www.youtube.com/watch?v=erM5LvWY4Xg,Ersan Şen,,,2,ersan_sen,
https://www.youtube.com/watch?v=C-1WRxuOl9g,Ersan Şen,,,2,ersan_sen,
https://www.youtube.com/watch?v=nPHt1H2NR-c,Ersan Şen,,,2,ersan_sen,
https://www.youtube.com/watch?v=vtd-cI2JI8U,Osman Gökçek,,,2,osman_gokcek,
https://www.youtube.com/watch?v=xuCPWDNu8As,Osman Gökçek,,,2,osman_gokcek,
https://www.youtube.com/watch?v=UMSNbZyH2n0,Osman Gökçek,,,2,osman_gokcek,
https://www.youtube.com/watch?v=045dGivOp_s,Osman Gökçek,,,2,osman_gokcek,
https://www.youtube.com/watch?v=vm2kHUW2OUk,Osman Gökçek,,,2,osman_gokcek,
https://www.youtube.com/watch?v=5TBxyXI5zGo,Osman Gökçek,,,2,osman_gokcek,
https://www.youtube.com/watch?v=6rJMs-R3aYk,Osman Gökçek,,,2,osman_gokcek,
https://www.youtube.com/watch?v=v0gciPi6ryI,Osman Gökçek,,,2,osman_gokcek,
https://www.youtube.com/watch?v=UI_OuL3zm1g,Osman Gökçek,,,2,osman_gokcek,
https://www.youtube.com/watch?v=izX37uoPYTk,Osman Gökçek,,,2,osman_gokcek,
https://www.youtube.com/watch?v=ozL4UFMGRWg,Osman Gökçek,,,2,osman_gokcek,
https://www.youtube.com/watch?v=td-qGjUSiLU,Osman Gökçek,,,2,osman_gokcek,
https://www.youtube.com/watch?v=jqbMZvXn5wE,Osman Gökçek,,,2,osman_gokcek,
https://www.youtube.com/watch?v=jOWcujNq5VI,Osman Gökçek,,,2,osman_gokcek,
https://www.youtube.com/watch?v=ymfU2tPVstU,Osman Gökçek,,,2,osman_gokcek,
https://www.youtube.com/watch?v=g9fYB6bW62c,Osman Gökçek,,,2,osman_gokcek,
https://www.youtube.com/watch?v=aNxEIi_zi2w,Osman Gökçek,,,2,osman_gokcek,
https://www.youtube.com/watch?v=hpsSJsrpe6w,Osman Gökçek,,,2,osman_gokcek,
https://www.youtube.com/watch?v=k-mOaxAx5Fc,Osman Gökçek,,,2,osman_gokcek,
https://www.youtube.com/watch?v=mh8x3R4pVvQ,Osman Gökçek,,,2,osman_gokcek,
https://www.youtube.com/watch?v=PltRm-nvfiU,Osman Gökçek,,,2,osman_gokcek,
https://www.youtube.com/watch?v=B5jHQa_rRUI,Osman Gökçek,,,2,osman_gokcek,
https://www.youtube.com/watch?v=k570Ade9lZk,Osman Gökçek,,,2,osman_gokcek,
https://www.youtube.com/watch?v=b9biDie0N3Q,Osman Gökçek,,,2,osman_gokcek,
https://www.youtube.com/watch?v=nECZF54eqdQ,Osman Gökçek,,,2,osman_gokcek,
https://www.youtube.com/watch?v=blAaNzbGIjw,Osman Gökçek,,,2,osman_gokcek,
https://www.youtube.com/watch?v=5q_ApuN_FJs,Osman Gökçek,,,2,osman_gokcek,
https://www.youtube.com/watch?v=DW8_eXxT7-4,Osman Gökçek,,,2,osman_gokcek,
https://www.youtube.com/watch?v=n5w74H5ABZ0,Osman Gökçek,,,2,osman_gokcek,
https://www.youtube.com/watch?v=yikBeY2cEQg,Osman Gökçek,,,2,osman_gokcek,
https://www.youtube.com/watch?v=Wy7nI0SC560,Osman Gökçek,,,2,osman_gokcek,
https://www.youtube.com/watch?v=FbowiEW3gNE,Osman Gökçek,,,2,osman_gokcek,
https://www.youtube.com/watch?v=m0F9Dqx_LQg,Osman Gökçek,,,2,osman_gokcek,
https://www.youtube.com/watch?v=w4yssHDrPoI,Osman Gökçek,,,2,osman_gokcek,
https://www.youtube.com/watch?v=D6nNolq9JY8,Osman Gökçek,,,2,osman_gokcek,
https://www.youtube.com/watch?v=y4VBNQso578,Osman Gökçek,,,2,osman_gokcek,
https://www.youtube.com/watch?v=LnrZFqysf4k,Osman Gökçek,,,2,osman_gokcek,
https://www.youtube.com/watch?v=N7uWIKNjwnI,Osman Gökçek,,,2,osman_gokcek,
https://www.youtube.com/watch?v=upWdwnbHpgg,Osman Gökçek,,,2,osman_gokcek,
https://www.youtube.com/watch?v=7-ErGoDs7pI,Osman Gökçek,,,2,osman_gokcek,
https://www.youtube.com/watch?v=CZxnYMbo6bc,Osman Gökçek,,,2,osman_gokcek,
https://www.youtube.com/watch?v=-tlX-r_BWjs,Osman Gökçek,,,2,osman_gokcek,
https://www.youtube.com/watch?v=I683lliFOmA,Osman Gökçek,,,2,osman_gokcek,
https://www.youtube.com/watch?v=YJ5LJXTXuF0,Osman Gökçek,,,2,osman_gokcek,
https://www.youtube.com/watch?v=d3X0E18TFY8,Osman Gökçek,,,2,osman_gokcek,
https://www.youtube.com/watch?v=ZqMryH7Dzns,Osman Gökçek,,,2,osman_gokcek,
https://www.youtube.com/watch?v=84_UtQx9nzc,Osman Gökçek,,,2,osman_gokcek,
https://www.youtube.com/watch?v=0vV8Z3MFcqs,Osman Gökçek,,,2,osman_gokcek,
https://www.youtube.com/watch?v=_s1iqF5iFMQ,Osman Gökçek,,,2,osman_gokcek,
https://www.youtube.com/watch?v=RsKugaukrSQ,Osman Gökçek,,,2,osman_gokcek,
https://www.youtube.com/watch?v=gdH57NJTX6k,Osman Gökçek,,,2,osman_gokcek,
https://www.youtube.com/watch?v=uCFvD02lzN0,Osman Gökçek,,,2,osman_gokcek,
https://www.youtube.com/watch?v=CmoCJvnbbx8,Osman Gökçek,,,2,osman_gokcek,
https://www.youtube.com/watch?v=KYBr2xKu2Gw,Osman Gökçek,,,2,osman_gokcek,
https://www.youtube.com/watch?v=AStTnqQr4Yo,Osman Gökçek,,,2,osman_gokcek,
https://www.youtube.com/watch?v=aiI4iD1e9vg,Osman Gökçek,,,2,osman_gokcek,
https://www.youtube.com/watch?v=cCBN9Am62Ck,Osman Gökçek,,,2,osman_gokcek,
https://www.youtube.com/watch?v=njlbHzO8-oc,Osman Gökçek,,,2,osman_gokcek,
https://www.youtube.com/watch?v=oQThy7ojXVY,Osman Gökçek,,,2,osman_gokcek,
https://www.youtube.com/watch?v=whzupshwMfs,Osman Gökçek,,,2,osman_gokcek,
https://www.youtube.com/watch?v=2JZvk-n6hmc,Osman Gökçek,,,2,osman_gokcek,
https://www.youtube.com/watch?v=akY4xpIgkz4,Osman Gökçek,,,2,osman_gokcek,
https://www.youtube.com/watch?v=LKpYyTAKJZE,Osman Gökçek,,,2,osman_gokcek,
https://www.youtube.com/watch?v=NImgCumSxOg,Osman Gökçek,,,2,osman_gokcek,
https://www.youtube.com/watch?v=hElEKUQZUSI,Osman Gökçek,,,2,osman_gokcek,
https://www.youtube.com/watch?v=oVUoBAmMrVk,Osman Gökçek,,,2,osman_gokcek,
https://www.youtube.com/watch?v=GyKFOUGJ7zw,Osman Gökçek,,,2,osman_gokcek,
https://www.youtube.com/watch?v=faQ5ZAS5R4M,Osman Gökçek,,,2,osman_gokcek,
https://www.youtube.com/watch?v=j2DD5hStICo,Osman Gökçek,,,2,osman_gokcek,
https://www.youtube.com/watch?v=5mudcCZh1kM,Osman Gökçek,,,2,osman_gokcek,
https://www.youtube.com/watch?v=N3P5EO0A5AA,Osman Gökçek,,,2,osman_gokcek,
https://www.youtube.com/watch?v=OMHtnEVnzrY,Osman Gökçek,,,2,osman_gokcek,
https://www.youtube.com/watch?v=YLqEaruUHTI,Osman Gökçek,,,2,osman_gokcek,
https://www.youtube.com/watch?v=W3Le6FSOTAA,Osman Gökçek,,,2,osman_gokcek,
https://www.youtube.com/watch?v=N2wIA_k3Cew,Osman Gökçek,,,2,osman_gokcek,
https://www.youtube.com/watch?v=83LXqQ5HJO4,Osman Gökçek,,,2,osman_gokcek,
https://www.youtube.com/watch?v=pP-xzFVP9pQ,Osman Gökçek,,,2,osman_gokcek,
https://www.youtube.com/watch?v=FQtJvav0ZKM,Osman Gökçek,,,2,osman_gokcek,
https://www.youtube.com/watch?v=9CQ9xtIIn4s,Osman Gökçek,,,2,osman_gokcek,
https://www.youtube.com/watch?v=VJc3uF7bxqQ,Osman Gökçek,,,2,osman_gokcek,
https://www.youtube.com/watch?v=YmjaehOBVNA,Osman Gökçek,,,2,osman_gokcek,
https://www.youtube.com/watch?v=RqBvqpBi9c8,Osman Gökçek,,,2,osman_gokcek,
https://www.youtube.com/watch?v=_nywRrmtmAA,Osman Gökçek,,,2,osman_gokcek,
https://www.youtube.com/watch?v=mK1U7IZoqOM,Osman Gökçek,,,2,osman_gokcek,
https://www.youtube.com/watch?v=lON0Ul101L4,Osman Gökçek,,,2,osman_gokcek,
https://www.youtube.com/watch?v=xtRhhh0Zhrk,Osman Gökçek,,,2,osman_gokcek,
https://www.youtube.com/watch?v=qVx4VDeUBgs,Osman Gökçek,,,2,osman_gokcek,
https://www.youtube.com/watch?v=3fdPd7t9moE,Osman Gökçek,,,2,osman_gokcek,
https://www.youtube.com/watch?v=6u-zmNuq4GM,Osman Gökçek,,,2,osman_gokcek,
https://www.youtube.com/watch?v=oDp38bfRPuY,Osman Gökçek,,,2,osman_gokcek,
https://www.youtube.com/watch?v=WZQFTAGCM1M,Osman Gökçek,,,2,osman_gokcek,
https://www.youtube.com/watch?v=xmkV1QbUqQg,Osman Gökçek,,,2,osman_gokcek,
https://www.youtube.com/watch?v=Io2Z2YP-bew,Osman Gökçek,,,2,osman_gokcek,
https://www.youtube.com/watch?v=RsJQsl-V3Q4,Osman Gökçek,,,2,osman_gokcek,
https://www.youtube.com/watch?v=dHC7IAvSl40,Osman Gökçek,,,2,osman_gokcek,
https://www.youtube.com/watch?v=AwFoDxje8Rk,Osman Gökçek,,,2,osman_gokcek,
https://www.youtube.com/watch?v=Pbf8y9yaJE8,Osman Gökçek,,,2,osman_gokcek,
https://www.youtube.com/watch?v=iEnjwZMLP_4,Osman Gökçek,,,2,osman_gokcek,
https://www.youtube.com/watch?v=lcPglzzfkSs,Osman Gökçek,,,2,osman_gokcek,
https://www.youtube.com/watch?v=VGRRmoU9m8I,Osman Gökçek,,,2,osman_gokcek,
https://www.youtube.com/watch?v=Ncq0KbDayPY,Osman Gökçek,,,2,osman_gokcek,
https://www.youtube.com/watch?v=yK6YwOPf2r8,Osman Gökçek,,,2,osman_gokcek,
https://www.youtube.com/watch?v=-UpcU1si8fw,Osman Gökçek,,,2,osman_gokcek,
https://www.youtube.com/watch?v=oEZaCA-Vdzw,Osman Gökçek,,,2,osman_gokcek,
https://www.youtube.com/watch?v=4MYV9BBbgdY,Osman Gökçek,,,2,osman_gokcek,
https://www.youtube.com/watch?v=z_z0ukqC0OY,Osman Gökçek,,,2,osman_gokcek,
https://www.youtube.com/watch?v=iCIH6u2P3tg,Osman Gökçek,,,2,osman_gokcek,
https://www.youtube.com/watch?v=2Zyoovwn1YE,Osman Gökçek,,,2,osman_gokcek,
https://www.youtube.com/watch?v=xIIbkuphvCY,Osman Gökçek,,,2,osman_gokcek,
https://www.youtube.com/watch?v=OMSWiHyx1BM,Osman Gökçek,,,2,osman_gokcek,
https://www.youtube.com/watch?v=wkj_My6RT8U,Osman Gökçek,,,2,osman_gokcek,
https://www.youtube.com/watch?v=BRiGwKwWKF8,Osman Gökçek,,,2,osman_gokcek,
https://www.youtube.com/watch?v=-CgY_sITJSo,Osman Gökçek,,,2,osman_gokcek,
https://www.youtube.com/watch?v=FhAgzYoIlvg,Osman Gökçek,,,2,osman_gokcek,
https://www.youtube.com/watch?v=1iRbgffZyYM,Osman Gökçek,,,2,osman_gokcek,
https://www.youtube.com/watch?v=3c0Xqy2MtMY,Osman Gökçek,,,2,osman_gokcek,
https://www.youtube.com/watch?v=oSEUm2nfJFY,Osman Gökçek,,,2,osman_gokcek,
https://www.youtube.com/watch?v=f2A5A_WHv5A,Osman Gökçek,,,2,osman_gokcek,
https://www.youtube.com/watch?v=Swmnw_cvio4,Osman Gökçek,,,2,osman_gokcek,
https://www.youtube.com/watch?v=b3hPM4QAK9U,Osman Gökçek,,,2,osman_gokcek,
https://www.youtube.com/watch?v=wbBKJZQMSVQ,Osman Gökçek,,,2,osman_gokcek,
https://www.youtube.com/watch?v=dyGzKweWDI4,Osman Gökçek,,,2,osman_gokcek,
https://www.youtube.com/watch?v=tBxIUyr0HNc,Osman Gökçek,,,2,osman_gokcek,
https://www.youtube.com/watch?v=D67UsSljQTU,Osman Gökçek,,,2,osman_gokcek,
https://www.youtube.com/watch?v=VExSeIGTVYQ,Osman Gökçek,,,2,osman_gokcek,
https://www.youtube.com/watch?v=ExUdgxj-9Kk,Osman Gökçek,,,2,osman_gokcek,
https://www.youtube.com/watch?v=4TT9Z-RYGFs,Osman Gökçek,,,2,osman_gokcek,
https://www.youtube.com/watch?v=Gh0gH6xiw5U,Osman Gökçek,,,2,osman_gokcek,
https://www.youtube.com/watch?v=yXALD5FUDJ8,Osman Gökçek,,,2,osman_gokcek,
https://www.youtube.com/watch?v=zn2EEtxTudw,Osman Gökçek,,,2,osman_gokcek,
https://www.youtube.com/watch?v=o_PukbT_IgQ,Osman Gökçek,,,2,osman_gokcek,
https://www.youtube.com/watch?v=J30WKV-RR6Q,Osman Gökçek,,,2,osman_gokcek,
https://www.youtube.com/watch?v=hAMJvRnY_VM,Osman Gökçek,,,2,osman_gokcek,
https://www.youtube.com/watch?v=9YUwFiOge4Y,Osman Gökçek,,,2,osman_gokcek,
https://www.youtube.com/watch?v=bP-yYZ1n8Yo,Osman Gökçek,,,2,osman_gokcek,
https://www.youtube.com/watch?v=KtLguZo411c,Osman Gökçek,,,2,osman_gokcek,
https://www.youtube.com/watch?v=INg_MF9mGU4,Osman Gökçek,,,2,osman_gokcek,
https://www.youtube.com/watch?v=6EM_a9VLJvw,Osman Gökçek,,,2,osman_gokcek,
https://www.youtube.com/watch?v=Ghm1VF3NhrE,Osman Gökçek,,,2,osman_gokcek,
https://www.youtube.com/watch?v=Ls3wtDLem_E,Osman Gökçek,,,2,osman_gokcek,
https://www.youtube.com/watch?v=oX9O1XOfYxE,Osman Gökçek,,,2,osman_gokcek,
https://www.youtube.com/watch?v=iZgttj9egrM,Osman Gökçek,,,2,osman_gokcek,
https://www.youtube.com/watch?v=Gljz0WBZzfU,Osman Gökçek,,,2,osman_gokcek,
https://www.youtube.com/watch?v=Lgdna5kSOrs,Osman Gökçek,,,2,osman_gokcek,
https://www.youtube.com/watch?v=3O-U1OeeJ-Q,Osman Gökçek,,,2,osman_gokcek,
https://www.youtube.com/watch?v=f54rStfvZ0k,Osman Gökçek,,,2,osman_gokcek,
https://www.youtube.com/watch?v=Uqykcwsq7fQ,Osman Gökçek,,,2,osman_gokcek,
https://www.youtube.com/watch?v=Oh26QLJwyvQ,Osman Gökçek,,,2,osman_gokcek,
https://www.youtube.com/watch?v=doBlQ9GiE1U,Osman Gökçek,,,2,osman_gokcek,
https://www.youtube.com/watch?v=Q15k-4CIcrA,Osman Gökçek,,,2,osman_gokcek,
https://www.youtube.com/watch?v=RdFH7OxClKo,Osman Gökçek,,,2,osman_gokcek,
https://www.youtube.com/watch?v=-MoRajzWR6E,Osman Gökçek,,,2,osman_gokcek,
https://www.youtube.com/watch?v=OpdaAqdhvBY,Osman Gökçek,,,2,osman_gokcek,
https://www.youtube.com/watch?v=RK-NNsAm1sk,Osman Gökçek,,,2,osman_gokcek,
https://www.youtube.com/watch?v=QYLrRbf0B38,Osman Gökçek,,,2,osman_gokcek,
https://www.youtube.com/watch?v=Vh-2OtzJHqg,Osman Gökçek,,,2,osman_gokcek,
https://www.youtube.com/watch?v=0H_ctyGgdVE,Osman Gökçek,,,2,osman_gokcek,
https://www.youtube.com/watch?v=ksHp-7jkDL0,Osman Gökçek,,,2,osman_gokcek,
https://www.youtube.com/watch?v=fpEQNCutsIs,Osman Gökçek,,,2,osman_gokcek,
https://www.youtube.com/watch?v=QryuEEXaPzI,Osman Gökçek,,,2,osman_gokcek,
https://www.youtube.com/watch?v=rIgnMKEVxfY,Osman Gökçek,,,2,osman_gokcek,
https://www.youtube.com/watch?v=fzoMejM5fHA,Osman Gökçek,,,2,osman_gokcek,
https://www.youtube.com/watch?v=slOZYCehGco,Osman Gökçek,,,2,osman_gokcek,
https://www.youtube.com/watch?v=YHhD1VCvGV0,Osman Gökçek,,,2,osman_gokcek,
https://www.youtube.com/watch?v=gV4BOWzXWqQ,Osman Gökçek,,,2,osman_gokcek,
https://www.youtube.com/watch?v=xex_mwpPlw0,Osman Gökçek,,,2,osman_gokcek,
https://www.youtube.com/watch?v=xNScH4YwPIM,Osman Gökçek,,,2,osman_gokcek,
https://www.youtube.com/watch?v=eZt2Cd9WcD8,Osman Gökçek,,,2,osman_gokcek,
https://www.youtube.com/watch?v=iDoRdw39UxY,Osman Gökçek,,,2,osman_gokcek,
https://www.youtube.com/watch?v=sHMBpojGnag,Osman Gökçek,,,2,osman_gokcek,
https://www.youtube.com/watch?v=NQv5TTRuj8E,Osman Gökçek,,,2,osman_gokcek,
https://www.youtube.com/watch?v=Lrigltx28l0,Osman Gökçek,,,2,osman_gokcek,
https://www.youtube.com/watch?v=d-Zs1dM3d5U,Osman Gökçek,,,2,osman_gokcek,
https://www.youtube.com/watch?v=jxnxggtddt0,Osman Gökçek,,,2,osman_gokcek,
https://www.youtube.com/watch?v=imvYwB8HsZE,Osman Gökçek,,,2,osman_gokcek,
https://www.youtube.com/watch?v=pzIIvZoZczQ,Osman Gökçek,,,2,osman_gokcek,
https://www.youtube.com/watch?v=X9uGxbQbD0M,Osman Gökçek,,,2,osman_gokcek,
https://www.youtube.com/watch?v=oXcaU4Ptn_0,Osman Gökçek,,,2,osman_gokcek,
https://www.youtube.com/watch?v=Fua8dyHo8NQ,Osman Gökçek,,,2,osman_gokcek,
https://www.youtube.com/watch?v=0owqIF7BKVI,Osman Gökçek,,,2,osman_gokcek,
https://www.youtube.com/watch?v=CK9N3Im6Hvc,Osman Gökçek,,,2,osman_gokcek,
https://www.youtube.com/watch?v=H2pwrnI1pEw,Osman Gökçek,,,2,osman_gokcek,
https://www.youtube.com/watch?v=rNrwqWvL2Z0,Osman Gökçek,,,2,osman_gokcek,
https://www.youtube.com/watch?v=e8mI_OpYnV4,Osman Gökçek,,,2,osman_gokcek,
https://www.youtube.com/watch?v=15vWkh9ZS_Q,Osman Gökçek,,,2,osman_gokcek,
https://www.youtube.com/watch?v=0yt0-b-zSQU,Osman Gökçek,,,2,osman_gokcek,
https://www.youtube.com/watch?v=rnYKymjbIjA,Osman Gökçek,,,2,osman_gokcek,
https://www.youtube.com/watch?v=yL6XcACW0yE,Osman Gökçek,,,2,osman_gokcek,
https://www.youtube.com/watch?v=bY9FtRORRAU,Osman Gökçek,,,2,osman_gokcek,
https://www.youtube.com/watch?v=3ZVCq0kf0xA,Osman Gökçek,,,2,osman_gokcek,
https://www.youtube.com/watch?v=NYsAqD5gC0c,Osman Gökçek,,,2,osman_gokcek,
https://www.youtube.com/watch?v=71yLQdftnMY,Osman Gökçek,,,2,osman_gokcek,
https://www.youtube.com/watch?v=YKB0c3rF9Q0,Osman Gökçek,,,2,osman_gokcek,
https://www.youtube.com/watch?v=es-72nc1vng,Osman Gökçek,,,2,osman_gokcek,
https://www.youtube.com/watch?v=ZadrVOnugGA,Osman Gökçek,,,2,osman_gokcek,
https://www.youtube.com/watch?v=yhtDZvECRzY,Osman Gökçek,,,2,osman_gokcek,
https://www.youtube.com/watch?v=jL95y83BZLI,Osman Gökçek,,,2,osman_gokcek,
https://www.youtube.com/watch?v=pnuoPpasbss,Osman Gökçek,,,2,osman_gokcek,
https://www.youtube.com/watch?v=R_6sDCbrvME,Osman Gökçek,,,2,osman_gokcek,
https://www.youtube.com/watch?v=zDoozsemamI,Osman Gökçek,,,2,osman_gokcek,
https://www.youtube.com/watch?v=dinAEq8fWZI,Osman Gökçek,,,2,osman_gokcek,
https://www.youtube.com/watch?v=vAmmtsMfekM,Osman Gökçek,,,2,osman_gokcek,
https://www.youtube.com/watch?v=iaSPz1v8dVU,Osman Gökçek,,,2,osman_gokcek,
https://www.youtube.com/watch?v=QPSBXQaBC-U,Osman Gökçek,,,2,osman_gokcek,
https://www.youtube.com/watch?v=442ZcHKqCwk,Osman Gökçek,,,2,osman_gokcek,
https://www.youtube.com/watch?v=Kvp_Y5ca0HE,Osman Gökçek,,,2,osman_gokcek,
https://www.youtube.com/watch?v=Br0ukDcweG8,Osman Gökçek,,,2,osman_gokcek,
https://www.youtube.com/watch?v=NshCovnviro,Osman Gökçek,,,2,osman_gokcek,
https://www.youtube.com/watch?v=bRZj72C9PU4,Osman Gökçek,,,2,osman_gokcek,
https://www.youtube.com/watch?v=lKI6w9suq0s,Osman Gökçek,,,2,osman_gokcek,
https://www.youtube.com/watch?v=YFitMm3JBWo,Osman Gökçek,,,2,osman_gokcek,
https://www.youtube.com/watch?v=qWQV26Ks2j0,Osman Gökçek,,,2,osman_gokcek,
https://www.youtube.com/watch?v=efPpNsr44ZM,Osman Gökçek,,,2,osman_gokcek,
https://www.youtube.com/watch?v=S-X41yEXq8o,Osman Gökçek,,,2,osman_gokcek,
https://www.youtube.com/watch?v=4PUS3beGvYk,Osman Gökçek,,,2,osman_gokcek,
https://www.youtube.com/watch?v=P0WLVv15Eco,Osman Gökçek,,,2,osman_gokcek,
https://www.youtube.com/watch?v=KOMCkUWtzCc,Osman Gökçek,,,2,osman_gokcek,
https://www.youtube.com/watch?v=_CQqqLKY3WM,Osman Gökçek,,,2,osman_gokcek,
https://www.youtube.com/watch?v=AodK8E1hb9c,Osman Gökçek,,,2,osman_gokcek,
https://www.youtube.com/watch?v=JxRXKBeCJeE,Osman Gökçek,,,2,osman_gokcek,
https://www.youtube.com/watch?v=S27pbIxCr6Q,Osman Gökçek,,,2,osman_gokcek,
https://www.youtube.com/watch?v=9XuKSJW3nKs,Osman Gökçek,,,2,osman_gokcek,
https://www.youtube.com/watch?v=k5V9yIRsiu8,Osman Gökçek,,,2,osman_gokcek,
https://www.youtube.com/watch?v=BuXiV7z8SS0,Osman Gökçek,,,2,osman_gokcek,
https://www.youtube.com/watch?v=Q6c0-W9Py9U,Osman Gökçek,,,2,osman_gokcek,
https://www.youtube.com/watch?v=ABJ71e5CGNc,Osman Gökçek,,,2,osman_gokcek,
https://www.youtube.com/watch?v=ofyp88etORE,Osman Gökçek,,,2,osman_gokcek,
https://www.youtube.com/watch?v=fV18UrocPO0,Osman Gökçek,,,2,osman_gokcek,
https://www.youtube.com/watch?v=HKbeEamPuxQ,Osman Gökçek,,,2,osman_gokcek,
https://www.youtube.com/watch?v=6VMCM5ATpxc,Osman Gökçek,,,2,osman_gokcek,
https://youtu.be/1RiiMnlks0Y,Cüneyt Özdemir,,,2,cuneyt_ozdemir,1
https://youtu.be/4rZbTVH3Cz0,Cüneyt Özdemir,,,2,cuneyt_ozdemir,1
https://youtu.be/9FDsyBhDq3w,Cüneyt Özdemir,,,2,cuneyt_ozdemir,1
https://youtu.be/8UF6JI-8wes,Cüneyt Özdemir,,,2,cuneyt_ozdemir,1
https://youtu.be/wTYtRY56Tr0,Cüneyt Özdemir,,,2,cuneyt_ozdemir,1
https://youtu.be/jo7UTs4XRs0,Cüneyt Özdemir,,,2,cuneyt_ozdemir,1
https://youtu.be/9PvBgW9YCTE,Cüneyt Özdemir,,,2,cuneyt_ozdemir,1
https://youtu.be/ni31ZrWdZGw,Cüneyt Özdemir,,,2,cuneyt_ozdemir,1
https://youtu.be/am3NCM-PFu0,Cüneyt Özdemir,,,2,cuneyt_ozdemir,1
https://youtu.be/Faw5QfNRqX8,Cüneyt Özdemir,,,2,cuneyt_ozdemir,1
https://youtu.be/1gvogBrI6is,Cüneyt Özdemir,,,2,cuneyt_ozdemir,1
https://youtu.be/oHBHtehbxtI,Cüneyt Özdemir,,,2,cuneyt_ozdemir,1
https://youtu.be/FV2HU0Zm3Ak,Cüneyt Özdemir,,,2,cuneyt_ozdemir,1
https://youtu.be/OsOtFR6Bp88,Cüneyt Özdemir,,,2,cuneyt_ozdemir,1
https://youtu.be/FiWkFM7ZZmo,Cüneyt Özdemir,,,2,cuneyt_ozdemir,1
https://youtu.be/YWuCJC1Jv80,Cüneyt Özdemir,,,2,cuneyt_ozdemir,1
https://youtu.be/NWFbN815EMI,Cüneyt Özdemir,,,2,cuneyt_ozdemir,1
https://youtu.be/wIG_TChNC1A,Cüneyt Özdemir,,,2,cuneyt_ozdemir,1
https://youtu.be/UzJX4X7ZqRk,Cüneyt Özdemir,,,2,cuneyt_ozdemir,1
https://youtu.be/_VczfSZ5oEU,Cüneyt Özdemir,,,2,cuneyt_ozdemir,
https://youtu.be/xLPbS2J3CCU,Cüneyt Özdemir,,,2,cuneyt_ozdemir,
https://youtu.be/BBNAegQ_Z8w,Cüneyt Özdemir,,,2,cuneyt_ozdemir,
https://youtu.be/64PYDgQOuC4,Cüneyt Özdemir,,,2,cuneyt_ozdemir,1
https://youtu.be/hppYuzHhQ5w,Cüneyt Özdemir,,,2,cuneyt_ozdemir,1
https://youtu.be/CKo5ljoi9a4,Cüneyt Özdemir,,,2,cuneyt_ozdemir,1
https://youtu.be/pk0fHoDhDDA,Cüneyt Özdemir,,,2,cuneyt_ozdemir,1
https://youtu.be/uUUKzQ2pxuY,Cüneyt Özdemir,,,2,cuneyt_ozdemir,1
https://youtu.be/WcJ8XTndO8E,Cüneyt Özdemir,,,2,cuneyt_ozdemir,1
https://youtu.be/cyaitJ4V0IE,Cüneyt Özdemir,,,2,cuneyt_ozdemir,1
https://youtu.be/Jolzt6X_rwc,Cüneyt Özdemir,,,2,cuneyt_ozdemir,1
https://youtu.be/PkB5nUFh7j8,Cüneyt Özdemir,,,2,cuneyt_ozdemir,1
https://youtu.be/grSq1LOeMLU,Cüneyt Özdemir,,,2,cuneyt_ozdemir,1
https://youtu.be/3igCaJqPj8Q,Cüneyt Özdemir,,,2,cuneyt_ozdemir,1
https://youtu.be/mc98vSSY3zE,Cüneyt Özdemir,,,2,cuneyt_ozdemir,
https://youtu.be/XNlz6jhnJpo,Cüneyt Özdemir,,,2,cuneyt_ozdemir,1
https://youtu.be/GPpvHHL3PDs,Cüneyt Özdemir,,,2,cuneyt_ozdemir,1
https://youtu.be/EMHhX4Eu278,Cüneyt Özdemir,,,2,cuneyt_ozdemir,1
https://youtu.be/qMA-K9soRZU,Cüneyt Özdemir,,,2,cuneyt_ozdemir,
https://youtu.be/NoZDPaxeQz8,Cüneyt Özdemir,,,2,cuneyt_ozdemir,1
https://youtu.be/hLzz-33gHEk,Cüneyt Özdemir,,,2,cuneyt_ozdemir,1
https://youtu.be/Yn8CVQKIGLQ,Cüneyt Özdemir,,,2,cuneyt_ozdemir,1
https://youtu.be/LADIoI9nb6g,Cüneyt Özdemir,,,2,cuneyt_ozdemir,1
https://youtu.be/5lYxKuvPHC8,Cüneyt Özdemir,,,2,cuneyt_ozdemir,1
https://youtu.be/xe-t8K3hjiE,Cüneyt Özdemir,,,2,cuneyt_ozdemir,1
https://youtu.be/gTb7vCj9Shc,Cüneyt Özdemir,,,2,cuneyt_ozdemir,1
https://youtu.be/WaJSG7j7_WM,Cüneyt Özdemir,,,2,cuneyt_ozdemir,1
https://youtu.be/2Wqh8MHAlqw,Cüneyt Özdemir,,,2,cuneyt_ozdemir,1
https://youtu.be/CJscg7ep7FM,Cüneyt Özdemir,,,2,cuneyt_ozdemir,1
https://youtu.be/qw4huzvFlT4,Cüneyt Özdemir,,,2,cuneyt_ozdemir,1
https://youtu.be/Uh6XfUmtdSk,Cüneyt Özdemir,,,2,cuneyt_ozdemir,1
https://youtu.be/cMKJXMTN7bI,Cüneyt Özdemir,,,2,cuneyt_ozdemir,1
https://youtu.be/X4e0sSgitxY,Cüneyt Özdemir,,,2,cuneyt_ozdemir,1
https://youtu.be/qAcbDjQNSRM,Cüneyt Özdemir,,,2,cuneyt_ozdemir,1
https://youtu.be/ZLOclUHQTBE,Cüneyt Özdemir,,,2,cuneyt_ozdemir,1
https://youtu.be/VSasKACWWXA,Cüneyt Özdemir,,,2,cuneyt_ozdemir,1
https://youtu.be/B-WXVI3ufqg,Cüneyt Özdemir,,,2,cuneyt_ozdemir,1
https://youtu.be/0ByhNsdu_Zg,Cüneyt Özdemir,,,2,cuneyt_ozdemir,1
https://youtu.be/QYCrYsmydjw,Cüneyt Özdemir,,,2,cuneyt_ozdemir,1
https://youtu.be/IGxnQRnRe5E,Cüneyt Özdemir,,,2,cuneyt_ozdemir,1
https://youtu.be/ds96EoDx3R8,Cüneyt Özdemir,,,2,cuneyt_ozdemir,1
https://youtu.be/mX4WdV4pmbI,Cüneyt Özdemir,,,2,cuneyt_ozdemir,1
https://youtu.be/IWkQRev5w1U,Cüneyt Özdemir,,,2,cuneyt_ozdemir,1
https://youtu.be/rpNq2QhMWRI,Cüneyt Özdemir,,,2,cuneyt_ozdemir,1
https://youtu.be/-osliTiVO-s,Cüneyt Özdemir,,,2,cuneyt_ozdemir,
https://youtu.be/BVKLrbVusLM,Cüneyt Özdemir,,,2,cuneyt_ozdemir,
https://youtu.be/NVQPaCOiTPs,Cüneyt Özdemir,,,2,cuneyt_ozdemir,
https://youtu.be/0l1g-sWmyLg,Cüneyt Özdemir,,,2,cuneyt_ozdemir,
https://youtu.be/8hoX4F8QbTQ,Cüneyt Özdemir,,,2,cuneyt_ozdemir,
https://youtu.be/ma4HrUjrHqM,Cüneyt Özdemir,,,2,cuneyt_ozdemir,
https://youtu.be/VvDxhorUBfk,Cüneyt Özdemir,,,2,cuneyt_ozdemir,
https://youtu.be/jCHn9_xt8A0,Cüneyt Özdemir,,,2,cuneyt_ozdemir,
https://youtu.be/xZv_K09cnOQ,Cüneyt Özdemir,,,2,cuneyt_ozdemir,
https://youtu.be/dJhzGqatx4U,Cüneyt Özdemir,,,2,cuneyt_ozdemir,
https://youtu.be/bRH_MJB50_w,Cüneyt Özdemir,,,2,cuneyt_ozdemir,
https://youtu.be/Hz3pF1VloMY,Cüneyt Özdemir,,,2,cuneyt_ozdemir,
https://youtu.be/PQbFwvlaLMw,Cüneyt Özdemir,,,2,cuneyt_ozdemir,
https://youtu.be/Ok4cJewU5aI,Cüneyt Özdemir,,,2,cuneyt_ozdemir,
https://youtu.be/Q8iWbAvnTJQ,Cüneyt Özdemir,,,2,cuneyt_ozdemir,
https://youtu.be/YIH0-hhVj08,Cüneyt Özdemir,,,2,cuneyt_ozdemir,
https://youtu.be/1vF5t1hrn8o,Cüneyt Özdemir,,,2,cuneyt_ozdemir,
https://youtu.be/q7QSOraFes8,Cüneyt Özdemir,,,2,cuneyt_ozdemir,
https://youtu.be/j6uoNI1IaPg,Cüneyt Özdemir,,,2,cuneyt_ozdemir,
https://youtu.be/EypEBdK0e7Q,Cüneyt Özdemir,,,2,cuneyt_ozdemir,
https://youtu.be/xkke6xy-S8s,Cüneyt Özdemir,,,2,cuneyt_ozdemir,
https://youtu.be/dBaxEpySDik,Cüneyt Özdemir,,,2,cuneyt_ozdemir,
https://youtu.be/_t429ZS1RVE,Cüneyt Özdemir,,,2,cuneyt_ozdemir,
https://youtu.be/ua7lcrYyL6s,Cüneyt Özdemir,,,2,cuneyt_ozdemir,
https://youtu.be/21boz8Aku2U,Cüneyt Özdemir,,,2,cuneyt_ozdemir,
https://youtu.be/F8UxErofs5s,Cüneyt Özdemir,,,2,cuneyt_ozdemir,
https://youtu.be/d-4aFGXmsz8,Cüneyt Özdemir,,,2,cuneyt_ozdemir,
https://youtu.be/bkxtuzD61dg,Cüneyt Özdemir,,,2,cuneyt_ozdemir,
https://youtu.be/kr655Ajuo7s,Cüneyt Özdemir,,,2,cuneyt_ozdemir,
https://youtu.be/-0IZIfPfyuE,Cüneyt Özdemir,,,2,cuneyt_ozdemir,
https://youtu.be/E2Fys2ZBTHA,Cüneyt Özdemir,,,2,cuneyt_ozdemir,
https://youtu.be/qWn0IADSDWc,Cüneyt Özdemir,,,2,cuneyt_ozdemir,
https://youtu.be/akdWtSjpQiE,Cüneyt Özdemir,,,2,cuneyt_ozdemir,
https://youtu.be/x9UDgsZJXaY,Cüneyt Özdemir,,,2,cuneyt_ozdemir,
https://youtu.be/OHSH3F0VR-E,Cüneyt Özdemir,,,2,cuneyt_ozdemir,
https://youtu.be/mP95UuzBkk0,Cüneyt Özdemir,,,2,cuneyt_ozdemir,
https://youtu.be/6i6Bds2a7Co,Cüneyt Özdemir,,,2,cuneyt_ozdemir,
https://youtu.be/1c7WxNBOp4w,Cüneyt Özdemir,,,2,cuneyt_ozdemir,
https://youtu.be/lygpHh94e-E,Cüneyt Özdemir,,,2,cuneyt_ozdemir,
https://youtu.be/YC6TT9xVmxw,Cüneyt Özdemir,,,2,cuneyt_ozdemir,
https://youtu.be/o-40_ictjHI,Cüneyt Özdemir,,,2,cuneyt_ozdemir,
https://youtu.be/9vBT3yUcbQE,Cüneyt Özdemir,,,2,cuneyt_ozdemir,
https://youtu.be/Ra1B52Rsu68,Cüneyt Özdemir,,,2,cuneyt_ozdemir,
https://youtu.be/d9pwwTaB75E,Cüneyt Özdemir,,,2,cuneyt_ozdemir,
https://youtu.be/kWnX23_Loeg,Cüneyt Özdemir,,,2,cuneyt_ozdemir,
https://youtu.be/MXh2OM7OUiA,Cüneyt Özdemir,,,2,cuneyt_ozdemir,
https://youtu.be/DTdslFu0nFs,Cüneyt Özdemir,,,2,cuneyt_ozdemir,
https://youtu.be/__tn2M4oOfg,Cüneyt Özdemir,,,2,cuneyt_ozdemir,
https://youtu.be/2c-U1rQHO6Q,Cüneyt Özdemir,,,2,cuneyt_ozdemir,
https://youtu.be/iN7DAruOyl4,Cüneyt Özdemir,,,2,cuneyt_ozdemir,
https://youtu.be/lJqKG1Hf_68,Cüneyt Özdemir,,,2,cuneyt_ozdemir,
https://youtu.be/cjSqsP_MpZ8,Cüneyt Özdemir,,,2,cuneyt_ozdemir,
https://youtu.be/lwf07VCip_A,Cüneyt Özdemir,,,2,cuneyt_ozdemir,
https://youtu.be/i3QXAupPR_g,Cüneyt Özdemir,,,2,cuneyt_ozdemir,
https://youtu.be/mxuTh1tSEQI,Cüneyt Özdemir,,,2,cuneyt_ozdemir,
https://youtu.be/cSQ21zkJ3Z4,Cüneyt Özdemir,,,2,cuneyt_ozdemir,
https://youtu.be/xAoHYMjpoXM,Cüneyt Özdemir,,,2,cuneyt_ozdemir,
https://youtu.be/Q_qXUspxTfo,Cüneyt Özdemir,,,2,cuneyt_ozdemir,
https://youtu.be/65DXChTrWpM,Cüneyt Özdemir,,,2,cuneyt_ozdemir,
https://youtu.be/jT9Aoa5c7MY,Cüneyt Özdemir,,,2,cuneyt_ozdemir,
https://youtu.be/aVgslyuFAYY,Cüneyt Özdemir,,,2,cuneyt_ozdemir,
https://youtu.be/ER62uu8YqPw,Cüneyt Özdemir,,,2,cuneyt_ozdemir,
https://youtu.be/VzuJlmj1Tvs,Cüneyt Özdemir,,,2,cuneyt_ozdemir,
https://youtu.be/XBLyvyUiM28,Cüneyt Özdemir,,,2,cuneyt_ozdemir,
https://youtu.be/dZFf_zmo9Xc,Cüneyt Özdemir,,,2,cuneyt_ozdemir,
https://youtu.be/C0JMbSS2ZTk,Cüneyt Özdemir,,,2,cuneyt_ozdemir,
https://youtu.be/HBimbnsZotM,Cüneyt Özdemir,,,2,cuneyt_ozdemir,
https://youtu.be/QzPMpNjaR40,Cüneyt Özdemir,,,2,cuneyt_ozdemir,
https://youtu.be/ng9QXG251as,Cüneyt Özdemir,,,2,cuneyt_ozdemir,
https://youtu.be/bffy_Wzhw3U,Cüneyt Özdemir,,,2,cuneyt_ozdemir,
https://youtu.be/8hLjlHXaM74,Cüneyt Özdemir,,,2,cuneyt_ozdemir,
https://youtu.be/xaOee2gA15A,Cüneyt Özdemir,,,2,cuneyt_ozdemir,
https://youtu.be/wLNiKf91oVk,Cüneyt Özdemir,,,2,cuneyt_ozdemir,
https://youtu.be/l9x3KrVBf4w,Cüneyt Özdemir,,,2,cuneyt_ozdemir,
https://youtu.be/2f9XCNFysBc,Cüneyt Özdemir,,,2,cuneyt_ozdemir,
https://youtu.be/4o6Zfaid3xE,Cüneyt Özdemir,,,2,cuneyt_ozdemir,
https://youtu.be/rEz8XETD4To,Cüneyt Özdemir,,,2,cuneyt_ozdemir,
https://youtu.be/D8uyMo_PazM,Cüneyt Özdemir,,,2,cuneyt_ozdemir,
https://youtu.be/RJHSC5WvZ6Y,Cüneyt Özdemir,,,2,cuneyt_ozdemir,
https://youtu.be/sWK7_19KdNU,Cüneyt Özdemir,,,2,cuneyt_ozdemir,
https://youtu.be/4VeeYGBmLA8,Cüneyt Özdemir,,,2,cuneyt_ozdemir,
https://youtu.be/t17KBXs2v8M,Cüneyt Özdemir,,,2,cuneyt_ozdemir,
https://youtu.be/aP0J8mTaXSc,Cüneyt Özdemir,,,2,cuneyt_ozdemir,
https://youtu.be/HMuvaPPzoMc,Cüneyt Özdemir,,,2,cuneyt_ozdemir,
https://youtu.be/Pxfof1KIuWY,Cüneyt Özdemir,,,2,cuneyt_ozdemir,
https://youtu.be/x_zrmG9YtW0,Cüneyt Özdemir,,,2,cuneyt_ozdemir,
https://youtu.be/bd48G9RSfcg,Cüneyt Özdemir,,,2,cuneyt_ozdemir,
https://youtu.be/FfE7cLL8D2E,Cüneyt Özdemir,,,2,cuneyt_ozdemir,
https://youtu.be/Bp1cypj3jDA,Cüneyt Özdemir,,,2,cuneyt_ozdemir,
https://youtu.be/5RY5rUQDqtk,Cüneyt Özdemir,,,2,cuneyt_ozdemir,
https://youtu.be/lt7Th-LEaD0,Cüneyt Özdemir,,,2,cuneyt_ozdemir,
https://youtu.be/v62iL-ksTtg,Cüneyt Özdemir,,,2,cuneyt_ozdemir,
https://youtu.be/qaxsZlf68hE,Cüneyt Özdemir,,,2,cuneyt_ozdemir,
https://youtu.be/DTq2m8qeIRc,Cüneyt Özdemir,,,2,cuneyt_ozdemir,
https://youtu.be/lNVDWVMrNdE,Cüneyt Özdemir,,,2,cuneyt_ozdemir,
https://youtu.be/BfswjOtdVj4,Cüneyt Özdemir,,,2,cuneyt_ozdemir,
https://youtu.be/9gVpmX7xyec,Cüneyt Özdemir,,,2,cuneyt_ozdemir,
https://youtu.be/jppO4eH8AA8,Cüneyt Özdemir,,,2,cuneyt_ozdemir,
https://youtu.be/W1li1OJbx7w,Cüneyt Özdemir,,,2,cuneyt_ozdemir,
https://youtu.be/8TsZaaWDba4,Cüneyt Özdemir,,,2,cuneyt_ozdemir,
https://youtu.be/FdK75BpwIe8,Cüneyt Özdemir,,,2,cuneyt_ozdemir,
https://youtu.be/UgP_w7jg9uY,Cüneyt Özdemir,,,2,cuneyt_ozdemir,
https://youtu.be/hbBT13fA_k0,Cüneyt Özdemir,,,2,cuneyt_ozdemir,
https://youtu.be/UJKmJCpK4SQ,Cüneyt Özdemir,,,2,cuneyt_ozdemir,
https://youtu.be/Jd62dzA2GxU,Cüneyt Özdemir,,,2,cuneyt_ozdemir,
https://youtu.be/05JbyS36sPs,Cüneyt Özdemir,,,2,cuneyt_ozdemir,
https://youtu.be/0dsw3cNbWfU,Cüneyt Özdemir,,,2,cuneyt_ozdemir,
https://youtu.be/k9XQOY5futg,Cüneyt Özdemir,,,2,cuneyt_ozdemir,
https://youtu.be/dp2T-92kHE0,Cüneyt Özdemir,,,2,cuneyt_ozdemir,
https://youtu.be/-9x3O7kc8yw,Cüneyt Özdemir,,,2,cuneyt_ozdemir,
https://youtu.be/4O-AgbNcaTk,Cüneyt Özdemir,,,2,cuneyt_ozdemir,
https://youtu.be/ipCs6TGvHAE,Cüneyt Özdemir,,,2,cuneyt_ozdemir,
https://youtu.be/H0L4FrtP_SU,Cüneyt Özdemir,,,2,cuneyt_ozdemir,
https://youtu.be/tpXFfBPCuj0,Cüneyt Özdemir,,,2,cuneyt_ozdemir,
https://youtu.be/vv4hG0TAj2M,Cüneyt Özdemir,,,2,cuneyt_ozdemir,
https://youtu.be/M58M0H-MRPc,Cüneyt Özdemir,,,2,cuneyt_ozdemir,
https://youtu.be/uP3QXghAfuI,Cüneyt Özdemir,,,2,cuneyt_ozdemir,
https://youtu.be/5ts8eeyhPsc,Cüneyt Özdemir,,,2,cuneyt_ozdemir,
https://youtu.be/-HWbQR_F0kw,Cüneyt Özdemir,,,2,cuneyt_ozdemir,
https://youtu.be/1nsIJX28VIc,Cüneyt Özdemir,,,2,cuneyt_ozdemir,
https://youtu.be/iiAGWEBheac,Cüneyt Özdemir,,,2,cuneyt_ozdemir,
https://youtu.be/mAXmcaujamM,Cüneyt Özdemir,,,2,cuneyt_ozdemir,
https://youtu.be/_24gYVGmlQA,Cüneyt Özdemir,,,2,cuneyt_ozdemir,
https://youtu.be/OO-a8l4Zdl0,Cüneyt Özdemir,,,2,cuneyt_ozdemir,
https://youtu.be/OdS7uiEoWl4,Cüneyt Özdemir,,,2,cuneyt_ozdemir,
https://youtu.be/axYBwqKsJMQ,Cüneyt Özdemir,,,2,cuneyt_ozdemir,
https://youtu.be/zpXfyWJv54w,Cüneyt Özdemir,,,2,cuneyt_ozdemir,
https://youtu.be/fqGozqxQ1QQ,Cüneyt Özdemir,,,2,cuneyt_ozdemir,
https://youtu.be/yJXzQzbLHr8,Cüneyt Özdemir,,,2,cuneyt_ozdemir,
https://youtu.be/DkACdZokthY,Cüneyt Özdemir,,,2,cuneyt_ozdemir,
https://youtu.be/NS0yFrOmiDw,Cüneyt Özdemir,,,2,cuneyt_ozdemir,
https://youtu.be/XhY0RPkRbxw,Cüneyt Özdemir,,,2,cuneyt_ozdemir,
https://youtu.be/bZcmMGnjstk,Cüneyt Özdemir,,,2,cuneyt_ozdemir,
https://youtu.be/iTwtnsnVEYs,Cüneyt Özdemir,,,2,cuneyt_ozdemir,
https://youtu.be/GU7v0f760Jw,Cüneyt Özdemir,,,2,cuneyt_ozdemir,
https://youtu.be/Qa2J3mA_FQA,Cüneyt Özdemir,,,2,cuneyt_ozdemir,
https://youtu.be/Z4xqoe6tqxY,Cüneyt Özdemir,,,2,cuneyt_ozdemir,
https://youtu.be/jCSoG9E1o20,Cüneyt Özdemir,,,2,cuneyt_ozdemir,
https://youtu.be/eDScsFQRAfo,Cüneyt Özdemir,,,2,cuneyt_ozdemir,
https://youtu.be/OgD6KcjfeQ0,Cüneyt Özdemir,,,2,cuneyt_ozdemir,
https://youtu.be/vv2XcVE8SQw,Cüneyt Özdemir,,,2,cuneyt_ozdemir,
https://youtu.be/wjB3FvkKLws,Cüneyt Özdemir,,,2,cuneyt_ozdemir,
https://youtu.be/-RCFOhytW0U,Cüneyt Özdemir,,,2,cuneyt_ozdemir,
https://youtu.be/IIkipMcly6k,Cüneyt Özdemir,,,2,cuneyt_ozdemir,
https://youtu.be/a7J1suV6VQU,Cüneyt Özdemir,,,2,cuneyt_ozdemir,
https://youtu.be/Va-PbGhkjNQ,Cüneyt Özdemir,,,2,cuneyt_ozdemir,
https://youtu.be/o8rrTYooUcM,Cüneyt Özdemir,,,2,cuneyt_ozdemir,
https://youtu.be/AFnJcGMG_rM,Cüneyt Özdemir,,,2,cuneyt_ozdemir,
https://youtu.be/JP8VJQhVoCI,Cüneyt Özdemir,,,2,cuneyt_ozdemir,
https://youtu.be/UwlluH7cE54,Cüneyt Özdemir,,,2,cuneyt_ozdemir,
https://youtu.be/GMc_5Xw_hu0,Cüneyt Özdemir,,,2,cuneyt_ozdemir,
https://youtu.be/7I836SqgGHA,Cüneyt Özdemir,,,2,cuneyt_ozdemir,
https://youtu.be/83eRElDe2tM,Cüneyt Özdemir,,,2,cuneyt_ozdemir,
https://youtu.be/WVqsp4yJ-IY,Cüneyt Özdemir,,,2,cuneyt_ozdemir,
https://youtu.be/j-SJYgkZ2H4,Cüneyt Özdemir,,,2,cuneyt_ozdemir,
https://youtu.be/8vZt0gpHcwQ,Cüneyt Özdemir,,,2,cuneyt_ozdemir,
https://youtu.be/gqqoPPZy5cE,Cüneyt Özdemir,,,2,cuneyt_ozdemir,
https://youtu.be/YPMg8vuA9JA,Cüneyt Özdemir,,,2,cuneyt_ozdemir,
https://youtu.be/dwPN-K8VwOo,Cüneyt Özdemir,,,2,cuneyt_ozdemir,
https://youtu.be/hVwa0WCYc4w,Cüneyt Özdemir,,,2,cuneyt_ozdemir,
https://youtu.be/1UK6s9jfAec,Cüneyt Özdemir,,,2,cuneyt_ozdemir,
https://youtu.be/kmH1Cfn3KzU,Cüneyt Özdemir,,,2,cuneyt_ozdemir,
https://youtu.be/ZpMccvadRmQ,Cüneyt Özdemir,,,2,cuneyt_ozdemir,
https://youtu.be/6wjEHC0F8lA,Cüneyt Özdemir,,,2,cuneyt_ozdemir,
https://youtu.be/jQsN5X-4q4k,Cüneyt Özdemir,,,2,cuneyt_ozdemir,
https://youtu.be/qKHZY1BAx1M,Cüneyt Özdemir,,,2,cuneyt_ozdemir,
https://youtu.be/5DoBIRvuvYg,Cüneyt Özdemir,,,2,cuneyt_ozdemir,
https://youtu.be/1nP6XtLhcPY,Cüneyt Özdemir,,,2,cuneyt_ozdemir,
https://youtu.be/C2771G6s2sg,Cüneyt Özdemir,,,2,cuneyt_ozdemir,
https://youtu.be/2AckyXBChsE,Cüneyt Özdemir,,,2,cuneyt_ozdemir,
https://youtu.be/Ja1tpJFEMH0,Cüneyt Özdemir,,,2,cuneyt_ozdemir,
https://youtu.be/9eO3MpxRodw,Cüneyt Özdemir,,,2,cuneyt_ozdemir,
https://youtu.be/P3RXBXcm0Rs,Cüneyt Özdemir,,,2,cuneyt_ozdemir,
https://youtu.be/7y6UoQNEkKY,Cüneyt Özdemir,,,2,cuneyt_ozdemir,
https://youtu.be/7EG9uL_9TPE,Cüneyt Özdemir,,,2,cuneyt_ozdemir,
https://youtu.be/8RIHIeM5yl4,Cüneyt Özdemir,,,2,cuneyt_ozdemir,
https://youtu.be/cKOLQjUUCdY,Cüneyt Özdemir,,,2,cuneyt_ozdemir,
https://youtu.be/1TFndtyjmWI,Cüneyt Özdemir,,,2,cuneyt_ozdemir,
https://youtu.be/pXcGrI5K9q0,Cüneyt Özdemir,,,2,cuneyt_ozdemir,
https://youtu.be/zBUz9-ERbNY,Cüneyt Özdemir,,,2,cuneyt_ozdemir,
https://youtu.be/EtwG3E3rg1k,Cüneyt Özdemir,,,2,cuneyt_ozdemir,
https://youtu.be/2pV-MlHP2yA,Cüneyt Özdemir,,,2,cuneyt_ozdemir,
https://youtu.be/stInU4A8XSQ,Cüneyt Özdemir,,,2,cuneyt_ozdemir,
https://youtu.be/ypBmX_dJWLA,Cüneyt Özdemir,,,2,cuneyt_ozdemir,
https://youtu.be/cYfsGkWFhdo,Cüneyt Özdemir,,,2,cuneyt_ozdemir,
https://youtu.be/aJIdMipCIME,Cüneyt Özdemir,,,2,cuneyt_ozdemir,
https://youtu.be/RmUcTK1I0Fo,Cüneyt Özdemir,,,2,cuneyt_ozdemir,
https://youtu.be/kExRgp_617U,Cüneyt Özdemir,,,2,cuneyt_ozdemir,
https://youtu.be/rbfhJHx0LXQ,Cüneyt Özdemir,,,2,cuneyt_ozdemir,
https://youtu.be/m6fV1As777E,Cüneyt Özdemir,,,2,cuneyt_ozdemir,
https://youtu.be/4vgKWCfLgNE,Cüneyt Özdemir,,,2,cuneyt_ozdemir,
https://youtu.be/aAjraK-8_XQ,Cüneyt Özdemir,,,2,cuneyt_ozdemir,
https://youtu.be/fj04uifOu5Y,Cüneyt Özdemir,,,2,cuneyt_ozdemir,
https://youtu.be/fAf9GNFmv4s,Cüneyt Özdemir,,,2,cuneyt_ozdemir,
https://youtu.be/I59nlZ1OxAE,Cüneyt Özdemir,,,2,cuneyt_ozdemir,
https://youtu.be/3IOxf71vhqw,Cüneyt Özdemir,,,2,cuneyt_ozdemir,
https://youtu.be/Z7X5lnQROb8,Cüneyt Özdemir,,,2,cuneyt_ozdemir,
https://youtu.be/gIgh23hWZ84,Cüneyt Özdemir,,,2,cuneyt_ozdemir,
https://youtu.be/FDuS5u4TS8U,Cüneyt Özdemir,,,2,cuneyt_ozdemir,
https://youtu.be/1RKJZky9V4E,Cüneyt Özdemir,,,2,cuneyt_ozdemir,
https://youtu.be/_dce-R9MonM,Cüneyt Özdemir,,,2,cuneyt_ozdemir,
https://youtu.be/6oxS0c011Qo,Cüneyt Özdemir,,,2,cuneyt_ozdemir,
https://youtu.be/XCN2WVyrJB8,Cüneyt Özdemir,,,2,cuneyt_ozdemir,
https://youtu.be/p_mS3O6rx_g,Cüneyt Özdemir,,,2,cuneyt_ozdemir,
https://youtu.be/On-xOBSWw4U,Cüneyt Özdemir,,,2,cuneyt_ozdemir,
https://youtu.be/ydPJHlSYmkM,Cüneyt Özdemir,,,2,cuneyt_ozdemir,
https://youtu.be/nP45A2cqQ7g,Cüneyt Özdemir,,,2,cuneyt_ozdemir,
https://youtu.be/MoeD_YzoYdU,Cüneyt Özdemir,,,2,cuneyt_ozdemir,
https://youtu.be/XLbboHiBwBE,Cüneyt Özdemir,,,2,cuneyt_ozdemir,
https://youtu.be/VwquuAL07cA,Cüneyt Özdemir,,,2,cuneyt_ozdemir,
https://youtu.be/M8NMV6VEVAM,Cüneyt Özdemir,,,2,cuneyt_ozdemir,
https://youtu.be/F62oN8lbWs8,Cüneyt Özdemir,,,2,cuneyt_ozdemir,
https://youtu.be/i-x3CtryX10,Cüneyt Özdemir,,,2,cuneyt_ozdemir,
https://youtu.be/biNylxbRcEs,Cüneyt Özdemir,,,2,cuneyt_ozdemir,
https://youtu.be/Zix8ppNB3Rg,Cüneyt Özdemir,,,2,cuneyt_ozdemir,
https://youtu.be/a0aadNGDsLE,Cüneyt Özdemir,,,2,cuneyt_ozdemir,
https://youtu.be/ZCcHbjpXAWo,Cüneyt Özdemir,,,2,cuneyt_ozdemir,
https://youtu.be/Evfqh8PlXaM,Cüneyt Özdemir,,,2,cuneyt_ozdemir,
https://youtu.be/-JtsXBMwWOI,Cüneyt Özdemir,,,2,cuneyt_ozdemir,
https://youtu.be/sSqUwcV4GRc,Cüneyt Özdemir,,,2,cuneyt_ozdemir,
https://youtu.be/CX-cTLHEMhE,Cüneyt Özdemir,,,2,cuneyt_ozdemir,
https://youtu.be/z_OJDH8aFXg,Cüneyt Özdemir,,,2,cuneyt_ozdemir,
https://youtu.be/6jWfFgQDh9Q,Cüneyt Özdemir,,,2,cuneyt_ozdemir,
https://youtu.be/nDK6gEgUTgw,Cüneyt Özdemir,,,2,cuneyt_ozdemir,
https://youtu.be/QT-26E0zjv8,Cüneyt Özdemir,,,2,cuneyt_ozdemir,
https://youtu.be/EmwDT9skyrU,Cüneyt Özdemir,,,2,cuneyt_ozdemir,
https://youtu.be/tBQPsd4UXLo,Cüneyt Özdemir,,,2,cuneyt_ozdemir,
https://youtu.be/MbHoGKN_InA,Cüneyt Özdemir,,,2,cuneyt_ozdemir,
https://youtu.be/xVkIqyXPJaA,Cüneyt Özdemir,,,2,cuneyt_ozdemir,
https://youtu.be/RheJEMtOFPU,Cüneyt Özdemir,,,2,cuneyt_ozdemir,
https://youtu.be/g2yvVum7Fjg,Cüneyt Özdemir,,,2,cuneyt_ozdemir,
https://youtu.be/7b6_FvZoZSE,Cüneyt Özdemir,,,2,cuneyt_ozdemir,
https://youtu.be/kziwerNOvFk,Cüneyt Özdemir,,,2,cuneyt_ozdemir,
https://youtu.be/BDk-XXYZGEc,Cüneyt Özdemir,,,2,cuneyt_ozdemir,
https://youtu.be/TJR7gAbn4KU,Cüneyt Özdemir,,,2,cuneyt_ozdemir,
https://youtu.be/P0IAeWv_xFk,Cüneyt Özdemir,,,2,cuneyt_ozdemir,
https://youtu.be/X9QmzD8OOBA,Cüneyt Özdemir,,,2,cuneyt_ozdemir,
https://youtu.be/4-9e9cVoUiI,Cüneyt Özdemir,,,2,cuneyt_ozdemir,
https://youtu.be/E6hKBPbrndo,Cüneyt Özdemir,,,2,cuneyt_ozdemir,
https://youtu.be/nl36k-kHVbE,Cüneyt Özdemir,,,2,cuneyt_ozdemir,
https://youtu.be/pP-b58wPf2g,Cüneyt Özdemir,,,2,cuneyt_ozdemir,
https://youtu.be/BSBwIXuEOn4,Cüneyt Özdemir,,,2,cuneyt_ozdemir,
https://youtu.be/7Wtp4YeBPz8,Cüneyt Özdemir,,,2,cuneyt_ozdemir,
https://youtu.be/YROZWxxm5rc,Cüneyt Özdemir,,,2,cuneyt_ozdemir,
https://youtu.be/b34dBmOyjqc,Cüneyt Özdemir,,,2,cuneyt_ozdemir,
https://youtu.be/upGyhYaPhtY,Cüneyt Özdemir,,,2,cuneyt_ozdemir,
https://youtu.be/ODfz91hc7iU,Cüneyt Özdemir,,,2,cuneyt_ozdemir,
https://youtu.be/HwiEQWmItJs,Cüneyt Özdemir,,,2,cuneyt_ozdemir,
https://youtu.be/muswqXvMibU,Cüneyt Özdemir,,,2,cuneyt_ozdemir,
https://youtu.be/RcDem0tETnE,Cüneyt Özdemir,,,2,cuneyt_ozdemir,
https://youtu.be/8qdirQL7mV8,Cüneyt Özdemir,,,2,cuneyt_ozdemir,
https://youtu.be/_4-8Z8MaRvA,Cüneyt Özdemir,,,2,cuneyt_ozdemir,
https://youtu.be/RNSDgjyc1D4,Cüneyt Özdemir,,,2,cuneyt_ozdemir,
https://youtu.be/7nQwSGUhPww,Cüneyt Özdemir,,,2,cuneyt_ozdemir,
https://youtu.be/mLukYVxw5m0,Cüneyt Özdemir,,,2,cuneyt_ozdemir,
https://youtu.be/r3sXQhUQmw8,Cüneyt Özdemir,,,2,cuneyt_ozdemir,
https://youtu.be/_Rg2-MIRbDM,Cüneyt Özdemir,,,2,cuneyt_ozdemir,
https://youtu.be/byMxfnHwdUs,Cüneyt Özdemir,,,2,cuneyt_ozdemir,
https://youtu.be/P2rY25clgpk,Cüneyt Özdemir,,,2,cuneyt_ozdemir,
https://youtu.be/ny2_8eWXW8Q,Cüneyt Özdemir,,,2,cuneyt_ozdemir,
https://youtu.be/QCEUkJyXVYA,Cüneyt Özdemir,,,2,cuneyt_ozdemir,
https://youtu.be/rJuMhnscvqI,Cüneyt Özdemir,,,2,cuneyt_ozdemir,
https://youtu.be/t8uRnaWzPQg,Cüneyt Özdemir,,,2,cuneyt_ozdemir,
https://youtu.be/iv-AVP7u68I,Cüneyt Özdemir,,,2,cuneyt_ozdemir,
https://youtu.be/pvLATw9SmBY,Cüneyt Özdemir,,,2,cuneyt_ozdemir,
https://youtu.be/CpirfUQG-D8,Cüneyt Özdemir,,,2,cuneyt_ozdemir,
https://youtu.be/wjRlRnkpNNY,Cüneyt Özdemir,,,2,cuneyt_ozdemir,
https://youtu.be/hKDqKCGqUb8,Cüneyt Özdemir,,,2,cuneyt_ozdemir,
https://youtu.be/CmBdDmnDo08,Cüneyt Özdemir,,,2,cuneyt_ozdemir,
https://youtu.be/qIeDwTgOjxg,Cüneyt Özdemir,,,2,cuneyt_ozdemir,
https://youtu.be/htMxwa-p9og,Cüneyt Özdemir,,,2,cuneyt_ozdemir,
https://youtu.be/PYc3lLW3vEo,Cüneyt Özdemir,,,2,cuneyt_ozdemir,
https://youtu.be/Km6eSJZZNf4,Cüneyt Özdemir,,,2,cuneyt_ozdemir,
https://youtu.be/bD0y2b0R0js,Cüneyt Özdemir,,,2,cuneyt_ozdemir,
https://youtu.be/-x3BgrVOb1M,Cüneyt Özdemir,,,2,cuneyt_ozdemir,
https://youtu.be/7znOf71TjHI,Cüneyt Özdemir,,,2,cuneyt_ozdemir,
https://youtu.be/ZEegcHnTAfE,Cüneyt Özdemir,,,2,cuneyt_ozdemir,
https://youtu.be/ZLZXczeHJAI,Cüneyt Özdemir,,,2,cuneyt_ozdemir,
https://youtu.be/ey-Q3ybbRLU,Cüneyt Özdemir,,,2,cuneyt_ozdemir,
https://youtu.be/AAYBrstIKSw,Cüneyt Özdemir,,,2,cuneyt_ozdemir,
https://youtu.be/h4i-NXGQpIg,Cüneyt Özdemir,,,2,cuneyt_ozdemir,
https://youtu.be/7uIjLLdBcPY,Cüneyt Özdemir,,,2,cuneyt_ozdemir,
https://youtu.be/MSIN4e1w2Co,Cüneyt Özdemir,,,2,cuneyt_ozdemir,
https://youtu.be/sGjD7Xr3ByU,Cüneyt Özdemir,,,2,cuneyt_ozdemir,
https://youtu.be/XKw_avnYmA8,Cüneyt Özdemir,,,2,cuneyt_ozdemir,
https://youtu.be/YpNQL0h9jLA,Cüneyt Özdemir,,,2,cuneyt_ozdemir,
https://youtu.be/IzLwtcV32TQ,Cüneyt Özdemir,,,2,cuneyt_ozdemir,
https://youtu.be/iXQupgJ5CR0,Cüneyt Özdemir,,,2,cuneyt_ozdemir,
https://youtu.be/WgnA6JJp8Bg,Cüneyt Özdemir,,,2,cuneyt_ozdemir,
https://youtu.be/WkzkCYdtSjw,Cüneyt Özdemir,,,2,cuneyt_ozdemir,
https://youtu.be/5WXD_Ov0VqE,Cüneyt Özdemir,,,2,cuneyt_ozdemir,
https://youtu.be/WU27Rds7dJI,Cüneyt Özdemir,,,2,cuneyt_ozdemir,
https://youtu.be/QHI14dOOlzY,Cüneyt Özdemir,,,2,cuneyt_ozdemir,
https://youtu.be/2uNxllCXsqE,Cüneyt Özdemir,,,2,cuneyt_ozdemir,
https://youtu.be/L7S4lfmzCyk,Cüneyt Özdemir,,,2,cuneyt_ozdemir,
https://youtu.be/roRrqzV1t70,Cüneyt Özdemir,,,2,cuneyt_ozdemir,
https://youtu.be/AY3kRJK7cJc,Cüneyt Özdemir,,,2,cuneyt_ozdemir,
https://youtu.be/YVsC9xBus8k,Cüneyt Özdemir,,,2,cuneyt_ozdemir,
https://youtu.be/Vo8QxSXjMRE,Cüneyt Özdemir,,,2,cuneyt_ozdemir,
https://youtu.be/2XwEoWUA0yE,Cüneyt Özdemir,,,2,cuneyt_ozdemir,
https://youtu.be/wdPlRYA5iZc,Cüneyt Özdemir,,,2,cuneyt_ozdemir,
https://youtu.be/jJlhK8LGIjs,Cüneyt Özdemir,,,2,cuneyt_ozdemir,
https://youtu.be/WQ4-Hu9WnYs,Cüneyt Özdemir,,,2,cuneyt_ozdemir,
https://youtu.be/ZRHyn0iaFzI,Cüneyt Özdemir,,,2,cuneyt_ozdemir,
https://youtu.be/IYJ_8GCycSE,Cüneyt Özdemir,,,2,cuneyt_ozdemir,
https://youtu.be/_1kdU9yqyHY,Cüneyt Özdemir,,,2,cuneyt_ozdemir,
https://youtu.be/JTngHBrq0VM,Cüneyt Özdemir,,,2,cuneyt_ozdemir,
https://youtu.be/WONCTkK4AhU,Cüneyt Özdemir,,,2,cuneyt_ozdemir,
https://youtu.be/ypb4GDGD_T0,Cüneyt Özdemir,,,2,cuneyt_ozdemir,
https://youtu.be/i18Vjyh6IYQ,Cüneyt Özdemir,,,2,cuneyt_ozdemir,
https://youtu.be/i2Graur6Ol4,Cüneyt Özdemir,,,2,cuneyt_ozdemir,
https://youtu.be/Um7FwqwVUsI,Cüneyt Özdemir,,,2,cuneyt_ozdemir,
https://youtu.be/_4OkuK19nwU,Cüneyt Özdemir,,,2,cuneyt_ozdemir,
https://youtu.be/titrGp3PyHY,Cüneyt Özdemir,,,2,cuneyt_ozdemir,
https://youtu.be/4izDBJ_UhlE,Cüneyt Özdemir,,,2,cuneyt_ozdemir,
https://youtu.be/hQ8SKo8x5hU,Cüneyt Özdemir,,,2,cuneyt_ozdemir,
https://youtu.be/_P7IMULz8t8,Cüneyt Özdemir,,,2,cuneyt_ozdemir,
https://youtu.be/_J9Gts7Wths,Cüneyt Özdemir,,,2,cuneyt_ozdemir,
https://youtu.be/WQdQO0A6G6M,Cüneyt Özdemir,,,2,cuneyt_ozdemir,
https://youtu.be/5nNp6il6GQw,Cüneyt Özdemir,,,2,cuneyt_ozdemir,
https://youtu.be/KHBEFDE_nDE,Cüneyt Özdemir,,,2,cuneyt_ozdemir,
https://youtu.be/oQTO0IP9zQI,Cüneyt Özdemir,,,2,cuneyt_ozdemir,
https://youtu.be/Kt2y4nHN80E,Cüneyt Özdemir,,,2,cuneyt_ozdemir,
https://youtu.be/g-He9EQCYBA,Cüneyt Özdemir,,,2,cuneyt_ozdemir,
https://youtu.be/yl6mF5Ia8Bo,Cüneyt Özdemir,,,2,cuneyt_ozdemir,
https://youtu.be/MdjT_1ohUVQ,Cüneyt Özdemir,,,2,cuneyt_ozdemir,
https://youtu.be/Z_NIfwSwYBA,Cüneyt Özdemir,,,2,cuneyt_ozdemir,
https://youtu.be/ICKvKqzThz8,Cüneyt Özdemir,,,2,cuneyt_ozdemir,
https://youtu.be/PhhvLus_EX0,Cüneyt Özdemir,,,2,cuneyt_ozdemir,
https://youtu.be/eXEcJhneEwI,Cüneyt Özdemir,,,2,cuneyt_ozdemir,
https://youtu.be/DdNWAy6wJys,Cüneyt Özdemir,,,2,cuneyt_ozdemir,
https://youtu.be/Jq8XvPg9rps,Cüneyt Özdemir,,,2,cuneyt_ozdemir,
https://youtu.be/P30M2CzaiUc,Cüneyt Özdemir,,,2,cuneyt_ozdemir,
https://youtu.be/r7SGY1fOwTg,Cüneyt Özdemir,,,2,cuneyt_ozdemir,
https://youtu.be/4nUDFj84Khw,Cüneyt Özdemir,,,2,cuneyt_ozdemir,
https://youtu.be/M4CkJ8ULNLQ,Cüneyt Özdemir,,,2,cuneyt_ozdemir,
https://youtu.be/ZEFDZYw97UU,Cüneyt Özdemir,,,2,cuneyt_ozdemir,
https://youtu.be/cquziEytXF0,Cüneyt Özdemir,,,2,cuneyt_ozdemir,
https://youtu.be/oWj5mj86PfU,Cüneyt Özdemir,,,2,cuneyt_ozdemir,
https://youtu.be/JILLk-dnPdg,Cüneyt Özdemir,,,2,cuneyt_ozdemir,
https://youtu.be/WU0u9KyjY98,Cüneyt Özdemir,,,2,cuneyt_ozdemir,
https://youtu.be/2FTrJPUDoX8,Cüneyt Özdemir,,,2,cuneyt_ozdemir,
https://youtu.be/87JfhQtk3Eo,Cüneyt Özdemir,,,2,cuneyt_ozdemir,
https://youtu.be/VP2HmJtUvKA,Cüneyt Özdemir,,,2,cuneyt_ozdemir,
https://youtu.be/_ImnlzvMD3g,Cüneyt Özdemir,,,2,cuneyt_ozdemir,
https://youtu.be/fm8L59_SKx0,Cüneyt Özdemir,,,2,cuneyt_ozdemir,
https://youtu.be/FJcTdL57z-Q,Cüneyt Özdemir,,,2,cuneyt_ozdemir,
https://youtu.be/WZrboWvTRuA,Cüneyt Özdemir,,,2,cuneyt_ozdemir,
https://youtu.be/myy5uvQvITE,Cüneyt Özdemir,,,2,cuneyt_ozdemir,
https://youtu.be/_lxNE6Nbq_M,Cüneyt Özdemir,,,2,cuneyt_ozdemir,
https://youtu.be/rXGDVFQjYxY,Cüneyt Özdemir,,,2,cuneyt_ozdemir,
https://youtu.be/3HuPWoVNieI,Cüneyt Özdemir,,,2,cuneyt_ozdemir,
https://youtu.be/Kqe58kQTt3A,Cüneyt Özdemir,,,2,cuneyt_ozdemir,
https://youtu.be/_454qEe145c,Cüneyt Özdemir,,,2,cuneyt_ozdemir,
https://youtu.be/NR39NB5YywA,Cüneyt Özdemir,,,2,cuneyt_ozdemir,
https://youtu.be/qP_nvtqM2ok,Cüneyt Özdemir,,,2,cuneyt_ozdemir,
https://youtu.be/iN0FtOXIXRM,Cüneyt Özdemir,,,2,cuneyt_ozdemir,
https://youtu.be/RNyjOZ962JE,Cüneyt Özdemir,,,2,cuneyt_ozdemir,
https://youtu.be/hgYwho9WLTg,Cüneyt Özdemir,,,2,cuneyt_ozdemir,
https://youtu.be/1yNlMDQSEaI,Cüneyt Özdemir,,,2,cuneyt_ozdemir,
https://youtu.be/1bfqSGIHGM8,Cüneyt Özdemir,,,2,cuneyt_ozdemir,
https://youtu.be/SAWs7TuCeJc,Cüneyt Özdemir,,,2,cuneyt_ozdemir,
https://youtu.be/hBWNedhEEQo,Cüneyt Özdemir,,,2,cuneyt_ozdemir,
https://youtu.be/TbfVQ0V3f_U,Cüneyt Özdemir,,,2,cuneyt_ozdemir,
https://youtu.be/hrJEIyXexeE,Cüneyt Özdemir,,,2,cuneyt_ozdemir,
https://youtu.be/mEw-hk_CTMY,Cüneyt Özdemir,,,2,cuneyt_ozdemir,
https://youtu.be/61SwvPgQ__U,Cüneyt Özdemir,,,2,cuneyt_ozdemir,
https://youtu.be/DxdSoT4b_us,Cüneyt Özdemir,,,2,cuneyt_ozdemir,
https://youtu.be/ELoa6Urpm2I,Cüneyt Özdemir,,,2,cuneyt_ozdemir,
https://youtu.be/g5jbNx9x1Do,Cüneyt Özdemir,,,2,cuneyt_ozdemir,
https://youtu.be/eXTkoLqzFEw,Cüneyt Özdemir,,,2,cuneyt_ozdemir,
https://youtu.be/zE2wSmti3vs,Cüneyt Özdemir,,,2,cuneyt_ozdemir,
https://youtu.be/hb9X4onWVf8,Cüneyt Özdemir,,,2,cuneyt_ozdemir,
https://youtu.be/yPK8YoKzXsI,Cüneyt Özdemir,,,2,cuneyt_ozdemir,
https://youtu.be/ROApJxnmM44,Cüneyt Özdemir,,,2,cuneyt_ozdemir,
https://youtu.be/J6cRCyI5Aao,Cüneyt Özdemir,,,2,cuneyt_ozdemir,
https://youtu.be/qwARcs0uIyA,Cüneyt Özdemir,,,2,cuneyt_ozdemir,
https://youtu.be/97wqsY1R794,Cüneyt Özdemir,,,2,cuneyt_ozdemir,
https://youtu.be/m3V6QhiyDrU,Cüneyt Özdemir,,,2,cuneyt_ozdemir,
https://youtu.be/0HG92urvQd8,Cüneyt Özdemir,,,2,cuneyt_ozdemir,
https://youtu.be/9RLvI6AUlMI,Cüneyt Özdemir,,,2,cuneyt_ozdemir,
https://youtu.be/yjLK3DiJNNI,Cüneyt Özdemir,,,2,cuneyt_ozdemir,
https://youtu.be/_sd30QtmUE0,Cüneyt Özdemir,,,2,cuneyt_ozdemir,
https://youtu.be/FxNR4D2w1mk,Cüneyt Özdemir,,,2,cuneyt_ozdemir,
https://youtu.be/gb4lED1uF6M,Cüneyt Özdemir,,,2,cuneyt_ozdemir,
https://youtu.be/7HrFAmNw31Q,Cüneyt Özdemir,,,2,cuneyt_ozdemir,
https://youtu.be/BK-wdenkPCg,Cüneyt Özdemir,,,2,cuneyt_ozdemir,
https://youtu.be/WgXGvss2noQ,Cüneyt Özdemir,,,2,cuneyt_ozdemir,
https://youtu.be/AxiTH-PyU7c,Cüneyt Özdemir,,,2,cuneyt_ozdemir,
https://youtu.be/OoNwL4c70zs,Cüneyt Özdemir,,,2,cuneyt_ozdemir,
https://youtu.be/UD6eIarTO1A,Cüneyt Özdemir,,,2,cuneyt_ozdemir,
https://youtu.be/jG8oqGjbx2E,Cüneyt Özdemir,,,2,cuneyt_ozdemir,
https://youtu.be/3J06kInIWgw,Cüneyt Özdemir,,,2,cuneyt_ozdemir,
https://youtu.be/sNWUk0wDp6o,Cüneyt Özdemir,,,2,cuneyt_ozdemir,
https://youtu.be/7r7g_SOMoo0,Cüneyt Özdemir,,,2,cuneyt_ozdemir,
https://youtu.be/e4epqITSZlc,Cüneyt Özdemir,,,2,cuneyt_ozdemir,
https://youtu.be/DQmX7ZmcPdM,Cüneyt Özdemir,,,2,cuneyt_ozdemir,
https://youtu.be/6h5_Qtj_GEI,Cüneyt Özdemir,,,2,cuneyt_ozdemir,
https://youtu.be/78e1NWc1CpU,Cüneyt Özdemir,,,2,cuneyt_ozdemir,
https://youtu.be/aCWHdHZxorE,Cüneyt Özdemir,,,2,cuneyt_ozdemir,
https://youtu.be/wkp20lolzdg,Cüneyt Özdemir,,,2,cuneyt_ozdemir,
https://youtu.be/hR1McrwEPIo,Cüneyt Özdemir,,,2,cuneyt_ozdemir,
https://youtu.be/rvLIzWKRWmg,Cüneyt Özdemir,,,2,cuneyt_ozdemir,
https://youtu.be/NjPeqj7_Fa0,Cüneyt Özdemir,,,2,cuneyt_ozdemir,
https://youtu.be/iIOveiGBOAE,Cüneyt Özdemir,,,2,cuneyt_ozdemir,
https://youtu.be/A-C9QsmEm5A,Cüneyt Özdemir,,,2,cuneyt_ozdemir,
https://youtu.be/ZLNpJvPFL0M,Cüneyt Özdemir,,,2,cuneyt_ozdemir,
https://youtu.be/U8Bu1Z0iTp4,Cüneyt Özdemir,,,2,cuneyt_ozdemir,
https://youtu.be/ALA3ejL9OsE,Cüneyt Özdemir,,,2,cuneyt_ozdemir,
https://youtu.be/dbXg_0-2cEA,Cüneyt Özdemir,,,2,cuneyt_ozdemir,
https://youtu.be/16AZlozgKsY,Cüneyt Özdemir,,,2,cuneyt_ozdemir,
https://youtu.be/fsawOSxpb2o,Cüneyt Özdemir,,,2,cuneyt_ozdemir,
https://youtu.be/BnsbGAPZoMo,Cüneyt Özdemir,,,2,cuneyt_ozdemir,
https://youtu.be/aCE8vx88x0E,Cüneyt Özdemir,,,2,cuneyt_ozdemir,
https://youtu.be/Y02IDLB1b1s,Cüneyt Özdemir,,,2,cuneyt_ozdemir,
https://youtu.be/tpynpJoiRZM,Cüneyt Özdemir,,,2,cuneyt_ozdemir,
https://youtu.be/m7y5KHuspYQ,Cüneyt Özdemir,,,2,cuneyt_ozdemir,
https://youtu.be/pcSwY6oVsyI,Cüneyt Özdemir,,,2,cuneyt_ozdemir,
https://youtu.be/NJSfoNYjSDA,Cüneyt Özdemir,,,2,cuneyt_ozdemir,
https://youtu.be/_FF2BWOOLS4,Cüneyt Özdemir,,,2,cuneyt_ozdemir,
https://youtu.be/G4ZRLZzBmls,Cüneyt Özdemir,,,2,cuneyt_ozdemir,
https://youtu.be/YsKOPiGlnZQ,Cüneyt Özdemir,,,2,cuneyt_ozdemir,
https://youtu.be/mLsZ2gNhCF0,Cüneyt Özdemir,,,2,cuneyt_ozdemir,
https://youtu.be/Rp0FfvIObuM,Cüneyt Özdemir,,,2,cuneyt_ozdemir,
https://youtu.be/bI-DiGlor5c,Cüneyt Özdemir,,,2,cuneyt_ozdemir,
https://youtu.be/t37wxEvxNbg,Cüneyt Özdemir,,,2,cuneyt_ozdemir,
https://youtu.be/RmC56FzD4O4,Cüneyt Özdemir,,,2,cuneyt_ozdemir,
https://youtu.be/ZZ6y010KW50,Cüneyt Özdemir,,,2,cuneyt_ozdemir,
https://youtu.be/Ii2hMa5Af9o,Cüneyt Özdemir,,,2,cuneyt_ozdemir,
https://youtu.be/D03M2Nkpsx8,Cüneyt Özdemir,,,2,cuneyt_ozdemir,
https://youtu.be/0oRXuXZfBxc,Cüneyt Özdemir,,,2,cuneyt_ozdemir,
https://youtu.be/v9z1T6ET7bM,Cüneyt Özdemir,,,2,cuneyt_ozdemir,
https://youtu.be/U7Un6gX2kWI,Cüneyt Özdemir,,,2,cuneyt_ozdemir,
https://youtu.be/MBIYtH2JDx8,Cüneyt Özdemir,,,2,cuneyt_ozdemir,
https://youtu.be/0zcJlrTy_OY,Cüneyt Özdemir,,,2,cuneyt_ozdemir,
https://youtu.be/CA2dEl_MWVA,Cüneyt Özdemir,,,2,cuneyt_ozdemir,
https://youtu.be/YTwFeD6Hr0Y,Cüneyt Özdemir,,,2,cuneyt_ozdemir,
https://youtu.be/vBCzstY9PeA,Cüneyt Özdemir,,,2,cuneyt_ozdemir,
https://youtu.be/Gi-rHy2CWA8,Cüneyt Özdemir,,,2,cuneyt_ozdemir,
https://youtu.be/NAQx3PjCCCs,Cüneyt Özdemir,,,2,cuneyt_ozdemir,
https://youtu.be/BWHMfcr9ZhI,Cüneyt Özdemir,,,2,cuneyt_ozdemir,
https://youtu.be/qmtxV_L3Xs0,Cüneyt Özdemir,,,2,cuneyt_ozdemir,
https://youtu.be/uQb1aE3k6zc,Cüneyt Özdemir,,,2,cuneyt_ozdemir,
https://youtu.be/KfpM-myVV1s,Cüneyt Özdemir,,,2,cuneyt_ozdemir,
https://youtu.be/XPLwwNAjpaw,Cüneyt Özdemir,,,2,cuneyt_ozdemir,
https://youtu.be/V7Z-NPAJ-rc,Cüneyt Özdemir,,,2,cuneyt_ozdemir,
https://youtu.be/n9nlS_uyyWE,Cüneyt Özdemir,,,2,cuneyt_ozdemir,
https://youtu.be/DEIxqbBIZn8,Cüneyt Özdemir,,,2,cuneyt_ozdemir,
https://youtu.be/kwt1fK8dMKI,Cüneyt Özdemir,,,2,cuneyt_ozdemir,
https://youtu.be/yeEXLOpulZo,Cüneyt Özdemir,,,2,cuneyt_ozdemir,
https://youtu.be/QUqiqnckNJE,Cüneyt Özdemir,,,2,cuneyt_ozdemir,
https://youtu.be/LZT4TYe10LY,Cüneyt Özdemir,,,2,cuneyt_ozdemir,
https://youtu.be/DOtgYI-uYSM,Cüneyt Özdemir,,,2,cuneyt_ozdemir,
https://youtu.be/QmvKLvxuRpc,Cüneyt Özdemir,,,2,cuneyt_ozdemir,
https://youtu.be/B3uesFlXVxM,Cüneyt Özdemir,,,2,cuneyt_ozdemir,
https://youtu.be/xVxUnIei9Fw,Cüneyt Özdemir,,,2,cuneyt_ozdemir,
https://youtu.be/CLzmO_gKSRc,Cüneyt Özdemir,,,2,cuneyt_ozdemir,
https://youtu.be/2WUXYZYnJPQ,Cüneyt Özdemir,,,2,cuneyt_ozdemir,
https://youtu.be/d7IkUNwXw_Q,Cüneyt Özdemir,,,2,cuneyt_ozdemir,
https://youtu.be/D0hsEK7LpK8,Cüneyt Özdemir,,,2,cuneyt_ozdemir,
https://youtu.be/taw05IeGU4w,Cüneyt Özdemir,,,2,cuneyt_ozdemir,
https://youtu.be/zKaQjsyI64s,Cüneyt Özdemir,,,2,cuneyt_ozdemir,
https://youtu.be/5boDFAuszmw,Cüneyt Özdemir,,,2,cuneyt_ozdemir,
https://youtu.be/48DPU2AHlpE,Cüneyt Özdemir,,,2,cuneyt_ozdemir,
https://youtu.be/EiJeM9Y3kvM,Cüneyt Özdemir,,,2,cuneyt_ozdemir,
https://youtu.be/OQNbqvERyAs,Cüneyt Özdemir,,,2,cuneyt_ozdemir,
https://youtu.be/teB0SuChRvQ,Cüneyt Özdemir,,,2,cuneyt_ozdemir,
https://youtu.be/mwihUGcz8gk,Cüneyt Özdemir,,,2,cuneyt_ozdemir,
https://youtu.be/HmZS1bL3GxM,Cüneyt Özdemir,,,2,cuneyt_ozdemir,
https://youtu.be/fWe5ql7V-Bw,Cüneyt Özdemir,,,2,cuneyt_ozdemir,
https://youtu.be/eX4U8q7bGJ8,Cüneyt Özdemir,,,2,cuneyt_ozdemir,
https://youtu.be/-8eSi9GbnFY,Cüneyt Özdemir,,,2,cuneyt_ozdemir,
https://youtu.be/yoTkbhq2D_Y,Cüneyt Özdemir,,,2,cuneyt_ozdemir,
https://youtu.be/fUVndba1B5Y,Cüneyt Özdemir,,,2,cuneyt_ozdemir,
https://youtu.be/8wHDcRjm1HM,Cüneyt Özdemir,,,2,cuneyt_ozdemir,
https://youtu.be/T2tz5-pK19Q,Cüneyt Özdemir,,,2,cuneyt_ozdemir,
https://youtu.be/J1_boVXxjjs,Cüneyt Özdemir,,,2,cuneyt_ozdemir,
https://youtu.be/Ys3J6wLYt0s,Cüneyt Özdemir,,,2,cuneyt_ozdemir,
https://youtu.be/UQU5qTW8vqA,Cüneyt Özdemir,,,2,cuneyt_ozdemir,
https://youtu.be/QdP4GhNaU1w,Cüneyt Özdemir,,,2,cuneyt_ozdemir,
https://youtu.be/pUKJ6VBshaM,Cüneyt Özdemir,,,2,cuneyt_ozdemir,
https://youtu.be/nPlYRoAcDQI,Cüneyt Özdemir,,,2,cuneyt_ozdemir,
https://youtu.be/1NVdkOBVsuM,Cüneyt Özdemir,,,2,cuneyt_ozdemir,
https://youtu.be/Slp6jajRT8M,Cüneyt Özdemir,,,2,cuneyt_ozdemir,
https://youtu.be/mUrZUZDgob0,Cüneyt Özdemir,,,2,cuneyt_ozdemir,
https://youtu.be/1qEvmUy8Doc,Cüneyt Özdemir,,,2,cuneyt_ozdemir,
https://youtu.be/h2KstCmXYfk,Cüneyt Özdemir,,,2,cuneyt_ozdemir,
https://youtu.be/B8K29fGHp1Y,Cüneyt Özdemir,,,2,cuneyt_ozdemir,
https://youtu.be/4Y4HKtjBHdM,Cüneyt Özdemir,,,2,cuneyt_ozdemir,
https://youtu.be/P2XRHHm6vjk,Cüneyt Özdemir,,,2,cuneyt_ozdemir,
https://youtu.be/qgs10Cqj2XA,Cüneyt Özdemir,,,2,cuneyt_ozdemir,
https://youtu.be/f6yL21mk1ZI,Cüneyt Özdemir,,,2,cuneyt_ozdemir,
https://youtu.be/oeFWiVK1nvE,Cüneyt Özdemir,,,2,cuneyt_ozdemir,
https://youtu.be/JXGH1sZPykU,Cüneyt Özdemir,,,2,cuneyt_ozdemir,
https://youtu.be/TY_jwUbM9dQ,Cüneyt Özdemir,,,2,cuneyt_ozdemir,
https://youtu.be/ZywHyXLeXxc,Cüneyt Özdemir,,,2,cuneyt_ozdemir,
https://youtu.be/E4rik9oiJE4,Cüneyt Özdemir,,,2,cuneyt_ozdemir,
https://youtu.be/IpCQMdtJuHk,Cüneyt Özdemir,,,2,cuneyt_ozdemir,
https://youtu.be/k12r5orUDsw,Cüneyt Özdemir,,,2,cuneyt_ozdemir,
https://youtu.be/NQkjHPZljdA,Cüneyt Özdemir,,,2,cuneyt_ozdemir,
https://youtu.be/Pe7LwRvrh2c,Cüneyt Özdemir,,,2,cuneyt_ozdemir,
https://youtu.be/YqD4ZQVfXNs,Cüneyt Özdemir,,,2,cuneyt_ozdemir,
https://youtu.be/easIjkqbOxQ,Cüneyt Özdemir,,,2,cuneyt_ozdemir,
https://youtu.be/wwrRYbP60n8,Cüneyt Özdemir,,,2,cuneyt_ozdemir,
https://youtu.be/wx4mtDDxHfk,Cüneyt Özdemir,,,2,cuneyt_ozdemir,
https://youtu.be/k6vvOVQMNeY,Cüneyt Özdemir,,,2,cuneyt_ozdemir,
https://youtu.be/NLuUIvlYltM,Cüneyt Özdemir,,,2,cuneyt_ozdemir,
https://youtu.be/3XLObiea4R4,Cüneyt Özdemir,,,2,cuneyt_ozdemir,
https://youtu.be/BTQGyks82ws,Cüneyt Özdemir,,,2,cuneyt_ozdemir,
https://youtu.be/-COGK_jNrCk,Cüneyt Özdemir,,,2,cuneyt_ozdemir,
https://youtu.be/NKXMtbQc6JA,Cüneyt Özdemir,,,2,cuneyt_ozdemir,
https://youtu.be/XheYWFkSQq4,Cüneyt Özdemir,,,2,cuneyt_ozdemir,
https://youtu.be/e6AyRswXBCk,Cüneyt Özdemir,,,2,cuneyt_ozdemir,
https://youtu.be/mfmffQ-MSvQ,Cüneyt Özdemir,,,2,cuneyt_ozdemir,
https://youtu.be/C6sxRDwjWbc,Cüneyt Özdemir,,,2,cuneyt_ozdemir,
https://youtu.be/xJTHzIK7kLw,Cüneyt Özdemir,,,2,cuneyt_ozdemir,
https://youtu.be/frMryi5DD6U,Cüneyt Özdemir,,,2,cuneyt_ozdemir,
https://youtu.be/3FSwaFV9zwA,Cüneyt Özdemir,,,2,cuneyt_ozdemir,
https://youtu.be/lXq7bdIgCXs,Cüneyt Özdemir,,,2,cuneyt_ozdemir,
https://youtu.be/fQ302yiQdJM,Cüneyt Özdemir,,,2,cuneyt_ozdemir,
https://youtu.be/Bw4YvmxKJ9Y,Cüneyt Özdemir,,,2,cuneyt_ozdemir,
https://youtu.be/xc90WYd7928,Cüneyt Özdemir,,,2,cuneyt_ozdemir,
https://youtu.be/MxTGPXSEiQA,Cüneyt Özdemir,,,2,cuneyt_ozdemir,
https://youtu.be/2ejz6OSqAf8,Cüneyt Özdemir,,,2,cuneyt_ozdemir,
https://youtu.be/KxzX4NLaqaI,Cüneyt Özdemir,,,2,cuneyt_ozdemir,
https://youtu.be/--g3-NDZXe4,Cüneyt Özdemir,,,2,cuneyt_ozdemir,
https://youtu.be/3B68lN8mFYI,Cüneyt Özdemir,,,2,cuneyt_ozdemir,
https://youtu.be/o923P_EJkIo,Cüneyt Özdemir,,,2,cuneyt_ozdemir,
https://youtu.be/YFkLjKvjyhM,Cüneyt Özdemir,,,2,cuneyt_ozdemir,
https://youtu.be/ohvKCrf6te4,Cüneyt Özdemir,,,2,cuneyt_ozdemir,
https://youtu.be/KQlgvGfsRwQ,Cüneyt Özdemir,,,2,cuneyt_ozdemir,
https://youtu.be/4ajLhGbO0NY,Cüneyt Özdemir,,,2,cuneyt_ozdemir,
https://youtu.be/aiiesJNSOR0,Cüneyt Özdemir,,,2,cuneyt_ozdemir,
https://youtu.be/J9aL3y8d0eY,Cüneyt Özdemir,,,2,cuneyt_ozdemir,
https://youtu.be/j_4lKJcy4-c,Cüneyt Özdemir,,,2,cuneyt_ozdemir,
https://youtu.be/0lWoRMugp_c,Cüneyt Özdemir,,,2,cuneyt_ozdemir,
https://youtu.be/hk26CMjMhVQ,Cüneyt Özdemir,,,2,cuneyt_ozdemir,
https://youtu.be/a3zIhecv_Ko,Cüneyt Özdemir,,,2,cuneyt_ozdemir,
https://youtu.be/x4od9Kxgw4A,Cüneyt Özdemir,,,2,cuneyt_ozdemir,
https://youtu.be/S-qms2hNStw,Cüneyt Özdemir,,,2,cuneyt_ozdemir,
https://youtu.be/18P8yK6lFzE,Cüneyt Özdemir,,,2,cuneyt_ozdemir,
https://youtu.be/5iJNKOefHoI,Cüneyt Özdemir,,,2,cuneyt_ozdemir,
https://youtu.be/GNA7h4Mqv0E,Cüneyt Özdemir,,,2,cuneyt_ozdemir,
https://youtu.be/IOR3jlCd77w,Cüneyt Özdemir,,,2,cuneyt_ozdemir,
https://youtu.be/_N_mlUXkH4A,Cüneyt Özdemir,,,2,cuneyt_ozdemir,
https://youtu.be/2ji10Vu_lXQ,Cüneyt Özdemir,,,2,cuneyt_ozdemir,
https://youtu.be/aipi4BUhZL4,Cüneyt Özdemir,,,2,cuneyt_ozdemir,
https://youtu.be/XLCCzDrE1tQ,Cüneyt Özdemir,,,2,cuneyt_ozdemir,
https://youtu.be/wlL6LjZiltY,Cüneyt Özdemir,,,2,cuneyt_ozdemir,
https://youtu.be/E14a7sRjcVg,Cüneyt Özdemir,,,2,cuneyt_ozdemir,
https://youtu.be/CdF1vE9n0xU,Cüneyt Özdemir,,,2,cuneyt_ozdemir,
https://youtu.be/zVxHJJZsWrE,Cüneyt Özdemir,,,2,cuneyt_ozdemir,
https://youtu.be/eaDhwcLDjKA,Cüneyt Özdemir,,,2,cuneyt_ozdemir,
https://youtu.be/L7zTbeISTZk,Cüneyt Özdemir,,,2,cuneyt_ozdemir,
https://youtu.be/DMlxwwlJ9VY,Cüneyt Özdemir,,,2,cuneyt_ozdemir,
https://youtu.be/YC3vu9cORFI,Cüneyt Özdemir,,,2,cuneyt_ozdemir,
https://youtu.be/PdimeybB5Q8,Cüneyt Özdemir,,,2,cuneyt_ozdemir,
https://youtu.be/rJibVqy1R3I,Cüneyt Özdemir,,,2,cuneyt_ozdemir,
https://youtu.be/3bK0cPpX2dc,Cüneyt Özdemir,,,2,cuneyt_ozdemir,
https://youtu.be/Q_2TbViJb0w,Cüneyt Özdemir,,,2,cuneyt_ozdemir,
https://youtu.be/LdaXmTMdMv8,Cüneyt Özdemir,,,2,cuneyt_ozdemir,
https://youtu.be/bXBjivBTwfk,Cüneyt Özdemir,,,2,cuneyt_ozdemir,
https://youtu.be/w_3FevLa9nM,Cüneyt Özdemir,,,2,cuneyt_ozdemir,
https://youtu.be/--xga8UAGkg,Cüneyt Özdemir,,,2,cuneyt_ozdemir,
https://youtu.be/SUx2IZC928A,Cüneyt Özdemir,,,2,cuneyt_ozdemir,
https://youtu.be/WpqFesyWDdM,Cüneyt Özdemir,,,2,cuneyt_ozdemir,
https://youtu.be/q-v5JqJvVm8,Cüneyt Özdemir,,,2,cuneyt_ozdemir,
https://youtu.be/QwKtUwHnR4I,Cüneyt Özdemir,,,2,cuneyt_ozdemir,
https://youtu.be/x8PbxJlOVxk,Cüneyt Özdemir,,,2,cuneyt_ozdemir,
https://youtu.be/1KwF-RoRpy4,Cüneyt Özdemir,,,2,cuneyt_ozdemir,
https://youtu.be/0l8L7U5T2mE,Cüneyt Özdemir,,,2,cuneyt_ozdemir,
https://youtu.be/KD1PPTA8bHU,Cüneyt Özdemir,,,2,cuneyt_ozdemir,
https://youtu.be/Q3H2glFt8_I,Cüneyt Özdemir,,,2,cuneyt_ozdemir,
https://youtu.be/Lg3MAyjO0o0,Cüneyt Özdemir,,,2,cuneyt_ozdemir,
https://youtu.be/BEBbqOrBFgE,Cüneyt Özdemir,,,2,cuneyt_ozdemir,
https://youtu.be/mZ1sZe5cKpg,Cüneyt Özdemir,,,2,cuneyt_ozdemir,
https://youtu.be/OeZJFuN5N8s,Cüneyt Özdemir,,,2,cuneyt_ozdemir,
https://youtu.be/BXvXE78CKSs,Cüneyt Özdemir,,,2,cuneyt_ozdemir,
https://youtu.be/qujnMSgrd_M,Cüneyt Özdemir,,,2,cuneyt_ozdemir,
https://youtu.be/I3-iU4tnhC8,Cüneyt Özdemir,,,2,cuneyt_ozdemir,
https://youtu.be/Cd-t97eCEDs,Cüneyt Özdemir,,,2,cuneyt_ozdemir,
https://youtu.be/y1Dw9DLkFZk,Cüneyt Özdemir,,,2,cuneyt_ozdemir,
https://youtu.be/ahS6KIviT8U,Cüneyt Özdemir,,,2,cuneyt_ozdemir,
https://youtu.be/QMetoNlawng,Cüneyt Özdemir,,,2,cuneyt_ozdemir,
https://youtu.be/wBzrhW4ti64,Cüneyt Özdemir,,,2,cuneyt_ozdemir,
https://youtu.be/EfaO8AIrQf8,Cüneyt Özdemir,,,2,cuneyt_ozdemir,
https://youtu.be/rPSkOBcpS4M,Cüneyt Özdemir,,,2,cuneyt_ozdemir,
https://youtu.be/ejC8UYgMIoY,Cüneyt Özdemir,,,2,cuneyt_ozdemir,
https://youtu.be/gumqCHAIQ7E,Cüneyt Özdemir,,,2,cuneyt_ozdemir,
https://youtu.be/bKHGiFDyMJY,Cüneyt Özdemir,,,2,cuneyt_ozdemir,
https://youtu.be/qJ_4eK9Vps8,Cüneyt Özdemir,,,2,cuneyt_ozdemir,
https://youtu.be/Ykau0KfLEME,Cüneyt Özdemir,,,2,cuneyt_ozdemir,
https://youtu.be/kRY-ZbvSO2M,Cüneyt Özdemir,,,2,cuneyt_ozdemir,
https://youtu.be/NfkwL64FrVo,Cüneyt Özdemir,,,2,cuneyt_ozdemir,
https://youtu.be/nYksDhPS_aQ,Cüneyt Özdemir,,,2,cuneyt_ozdemir,
https://youtu.be/rn0ceNNcrWU,Cüneyt Özdemir,,,2,cuneyt_ozdemir,
https://youtu.be/4V6vGwhNiH8,Cüneyt Özdemir,,,2,cuneyt_ozdemir,
https://youtu.be/-ER3s0Nq2u8,Cüneyt Özdemir,,,2,cuneyt_ozdemir,
https://youtu.be/bO660ILVTA0,Cüneyt Özdemir,,,2,cuneyt_ozdemir,
https://youtu.be/tQgxbbyil7Q,Cüneyt Özdemir,,,2,cuneyt_ozdemir,
https://youtu.be/6W31woiWLDI,Cüneyt Özdemir,,,2,cuneyt_ozdemir,
https://youtu.be/WHmRofZny0Q,Cüneyt Özdemir,,,2,cuneyt_ozdemir,
https://youtu.be/TZfCIA5wGAw,Cüneyt Özdemir,,,2,cuneyt_ozdemir,
https://youtu.be/tVZt1TvK-HA,Cüneyt Özdemir,,,2,cuneyt_ozdemir,
https://youtu.be/TIgZF2HTdBQ,Cüneyt Özdemir,,,2,cuneyt_ozdemir,
https://youtu.be/VriNBoyR3ew,Cüneyt Özdemir,,,2,cuneyt_ozdemir,
https://youtu.be/5DpbZIPeNMQ,Cüneyt Özdemir,,,2,cuneyt_ozdemir,
https://youtu.be/dhMUVXjLng4,Cüneyt Özdemir,,,2,cuneyt_ozdemir,
https://youtu.be/-ftzw0QT734,Cüneyt Özdemir,,,2,cuneyt_ozdemir,
https://youtu.be/41qtC75UrqA,Cüneyt Özdemir,,,2,cuneyt_ozdemir,
https://youtu.be/FxahsZdRjDI,Cüneyt Özdemir,,,2,cuneyt_ozdemir,
https://youtu.be/kjDs_552tCc,Cüneyt Özdemir,,,2,cuneyt_ozdemir,
https://youtu.be/dmTEsprLuvU,Cüneyt Özdemir,,,2,cuneyt_ozdemir,
https://youtu.be/xmhdttCoNlM,Cüneyt Özdemir,,,2,cuneyt_ozdemir,
https://youtu.be/iQuOZDqigtk,Cüneyt Özdemir,,,2,cuneyt_ozdemir,
https://youtu.be/hZzbhjGfJHA,Cüneyt Özdemir,,,2,cuneyt_ozdemir,
https://youtu.be/I41S5I51UCI,Cüneyt Özdemir,,,2,cuneyt_ozdemir,
https://youtu.be/uYEOOEjIMj0,Cüneyt Özdemir,,,2,cuneyt_ozdemir,
https://youtu.be/xLxhY2JVScQ,Cüneyt Özdemir,,,2,cuneyt_ozdemir,
https://youtu.be/ijrP_UBuYfQ,Cüneyt Özdemir,,,2,cuneyt_ozdemir,
https://youtu.be/Iks_6cNk2co,Cüneyt Özdemir,,,2,cuneyt_ozdemir,
https://youtu.be/56cQcvfXv14,Cüneyt Özdemir,,,2,cuneyt_ozdemir,
https://youtu.be/Ihwx-cWh0xc,Cüneyt Özdemir,,,2,cuneyt_ozdemir,
https://youtu.be/rRPvM-nKtyM,Cüneyt Özdemir,,,2,cuneyt_ozdemir,
https://youtu.be/Dg1tzJ6x55g,Cüneyt Özdemir,,,2,cuneyt_ozdemir,
https://youtu.be/wMkSczat8SI,Cüneyt Özdemir,,,2,cuneyt_ozdemir,
https://youtu.be/wZIEMFsmMn8,Cüneyt Özdemir,,,2,cuneyt_ozdemir,
https://youtu.be/Sem6q7NzbAA,Cüneyt Özdemir,,,2,cuneyt_ozdemir,
https://youtu.be/LAqFNL8F4q4,Cüneyt Özdemir,,,2,cuneyt_ozdemir,
https://youtu.be/li6UBh2Y5gE,Cüneyt Özdemir,,,2,cuneyt_ozdemir,
https://youtu.be/3Z2nUVbFogs,Cüneyt Özdemir,,,2,cuneyt_ozdemir,
https://youtu.be/ZilhvjNpOzA,Cüneyt Özdemir,,,2,cuneyt_ozdemir,
https://youtu.be/--53loWa464,Cüneyt Özdemir,,,2,cuneyt_ozdemir,
https://youtu.be/9o7WkFX-6H8,Cüneyt Özdemir,,,2,cuneyt_ozdemir,
https://youtu.be/qFHjdc1A7JQ,Cüneyt Özdemir,,,2,cuneyt_ozdemir,
https://youtu.be/0suZSmSWZCM,Cüneyt Özdemir,,,2,cuneyt_ozdemir,
https://youtu.be/okkqMcZTxG0,Cüneyt Özdemir,,,2,cuneyt_ozdemir,
https://youtu.be/4J6gfRhoAnM,Cüneyt Özdemir,,,2,cuneyt_ozdemir,
https://youtu.be/Xb7pgk1FpXk,Cüneyt Özdemir,,,2,cuneyt_ozdemir,
https://youtu.be/BJzSavXZYSU,Cüneyt Özdemir,,,2,cuneyt_ozdemir,
https://youtu.be/U7tNZnWIfPM,Cüneyt Özdemir,,,2,cuneyt_ozdemir,
https://youtu.be/IIAcOd-5JGE,Cüneyt Özdemir,,,2,cuneyt_ozdemir,
https://youtu.be/R1p0U7S7w0E,Cüneyt Özdemir,,,2,cuneyt_ozdemir,
https://youtu.be/mSqLesuvQzY,Cüneyt Özdemir,,,2,cuneyt_ozdemir,
https://youtu.be/NjI5XXHogss,Cüneyt Özdemir,,,2,cuneyt_ozdemir,
https://youtu.be/ogPCs16lAw4,Cüneyt Özdemir,,,2,cuneyt_ozdemir,
https://youtu.be/R-znXtwyO4w,Cüneyt Özdemir,,,2,cuneyt_ozdemir,
https://youtu.be/f-6GPz86mu8,Cüneyt Özdemir,,,2,cuneyt_ozdemir,
https://youtu.be/3RfimoZ81Mo,Cüneyt Özdemir,,,2,cuneyt_ozdemir,
https://youtu.be/Lura-EyBs9k,Cüneyt Özdemir,,,2,cuneyt_ozdemir,
https://youtu.be/4cYcIwC_f9E,Cüneyt Özdemir,,,2,cuneyt_ozdemir,
https://youtu.be/w5UHE4f9XFU,Cüneyt Özdemir,,,2,cuneyt_ozdemir,
https://youtu.be/cG9xucg1Tso,Cüneyt Özdemir,,,2,cuneyt_ozdemir,
https://youtu.be/2nn0IUKE6nk,Cüneyt Özdemir,,,2,cuneyt_ozdemir,
https://youtu.be/w_wO18tfk7E,Cüneyt Özdemir,,,2,cuneyt_ozdemir,
https://youtu.be/f71lOnc50y4,Cüneyt Özdemir,,,2,cuneyt_ozdemir,
https://youtu.be/aY2IbSILhgQ,Cüneyt Özdemir,,,2,cuneyt_ozdemir,
https://youtu.be/sHItf41Lyq0,Cüneyt Özdemir,,,2,cuneyt_ozdemir,
https://youtu.be/mjsZs5B0dck,Cüneyt Özdemir,,,2,cuneyt_ozdemir,
https://youtu.be/-xiw34WsHFw,Cüneyt Özdemir,,,2,cuneyt_ozdemir,
https://youtu.be/Xvr68ElJgdk,Cüneyt Özdemir,,,2,cuneyt_ozdemir,
https://youtu.be/DmPQwEvbGac,Cüneyt Özdemir,,,2,cuneyt_ozdemir,
https://youtu.be/fgXzfxFcjC0,Cüneyt Özdemir,,,2,cuneyt_ozdemir,
https://youtu.be/BeGGMOwB6Kk,Cüneyt Özdemir,,,2,cuneyt_ozdemir,
https://youtu.be/ZwZe_ulxqHs,Cüneyt Özdemir,,,2,cuneyt_ozdemir,
https://youtu.be/kBVzupCTOcQ,Cüneyt Özdemir,,,2,cuneyt_ozdemir,
https://youtu.be/icHForTJczM,Cüneyt Özdemir,,,2,cuneyt_ozdemir,
https://youtu.be/wlYG0u6eWPY,Cüneyt Özdemir,,,2,cuneyt_ozdemir,
https://youtu.be/U3WI9O6Cpcs,Cüneyt Özdemir,,,2,cuneyt_ozdemir,
https://youtu.be/mHKC8FWiP2Q,Cüneyt Özdemir,,,2,cuneyt_ozdemir,
https://youtu.be/Tpm6J57MRRw,Cüneyt Özdemir,,,2,cuneyt_ozdemir,
https://youtu.be/6wyPxXxqnkI,Cüneyt Özdemir,,,2,cuneyt_ozdemir,
https://youtu.be/tgYwp35_DLk,Cüneyt Özdemir,,,2,cuneyt_ozdemir,
https://youtu.be/YoDqVWAvvcQ,Cüneyt Özdemir,,,2,cuneyt_ozdemir,
https://youtu.be/v3eqtH9eYjM,Cüneyt Özdemir,,,2,cuneyt_ozdemir,
https://youtu.be/iRKnbFbIWao,Cüneyt Özdemir,,,2,cuneyt_ozdemir,
https://youtu.be/Na8wZDHg7Wk,Cüneyt Özdemir,,,2,cuneyt_ozdemir,
https://youtu.be/-a856qzLmu8,Cüneyt Özdemir,,,2,cuneyt_ozdemir,
https://youtu.be/Q_pL-MGUUPI,Cüneyt Özdemir,,,2,cuneyt_ozdemir,
https://youtu.be/aMnXFbzAtjE,Cüneyt Özdemir,,,2,cuneyt_ozdemir,
https://youtu.be/AJwj7OnIHcI,Cüneyt Özdemir,,,2,cuneyt_ozdemir,
https://youtu.be/-4W4L_QWRyk,Cüneyt Özdemir,,,2,cuneyt_ozdemir,
https://youtu.be/EiAqVjrrb_Y,Cüneyt Özdemir,,,2,cuneyt_ozdemir,
https://youtu.be/ozftTYpmHd0,Cüneyt Özdemir,,,2,cuneyt_ozdemir,
https://youtu.be/UKR2nR_ZNKw,Cüneyt Özdemir,,,2,cuneyt_ozdemir,
https://youtu.be/Y6fKD3L6VDY,Cüneyt Özdemir,,,2,cuneyt_ozdemir,
https://youtu.be/8q4F3UEVX-Q,Cüneyt Özdemir,,,2,cuneyt_ozdemir,
https://youtu.be/Q-iY_a0TgjE,Cüneyt Özdemir,,,2,cuneyt_ozdemir,
https://youtu.be/7JBuQfsfwTc,Cüneyt Özdemir,,,2,cuneyt_ozdemir,
https://youtu.be/Bm9lY_eD26k,Cüneyt Özdemir,,,2,cuneyt_ozdemir,
https://youtu.be/joOG8yglHHs,Cüneyt Özdemir,,,2,cuneyt_ozdemir,
https://youtu.be/kQfYnZc6d5w,Cüneyt Özdemir,,,2,cuneyt_ozdemir,
https://youtu.be/Gwihzqy-VbI,Cüneyt Özdemir,,,2,cuneyt_ozdemir,
https://youtu.be/SiQ_fMKiy4A,Cüneyt Özdemir,,,2,cuneyt_ozdemir,
https://youtu.be/xHLaAQHK8Ds,Cüneyt Özdemir,,,2,cuneyt_ozdemir,
https://youtu.be/WQFUI8xuLpo,Cüneyt Özdemir,,,2,cuneyt_ozdemir,
https://youtu.be/2nIy8KD641c,Cüneyt Özdemir,,,2,cuneyt_ozdemir,
https://youtu.be/gmrifWQZGhc,Cüneyt Özdemir,,,2,cuneyt_ozdemir,
https://youtu.be/EcLQecVsL3A,Cüneyt Özdemir,,,2,cuneyt_ozdemir,
https://youtu.be/TKPCPBW47D8,Cüneyt Özdemir,,,2,cuneyt_ozdemir,
https://youtu.be/S4gFLg4a-yE,Cüneyt Özdemir,,,2,cuneyt_ozdemir,
https://youtu.be/u1t2_IBkEWs,Cüneyt Özdemir,,,2,cuneyt_ozdemir,
https://youtu.be/EvsJ_LRyuHE,Cüneyt Özdemir,,,2,cuneyt_ozdemir,
https://youtu.be/ND3GLIE8Neg,Cüneyt Özdemir,,,2,cuneyt_ozdemir,
https://youtu.be/Zq8if5Zn_6M,Cüneyt Özdemir,,,2,cuneyt_ozdemir,
https://youtu.be/zJXwLEZ4hAo,Cüneyt Özdemir,,,2,cuneyt_ozdemir,
https://youtu.be/sD-npIPuO50,Cüneyt Özdemir,,,2,cuneyt_ozdemir,
https://youtu.be/8-B8Po_WR5E,Cüneyt Özdemir,,,2,cuneyt_ozdemir,
https://youtu.be/1pFSa-BPo2Y,Cüneyt Özdemir,,,2,cuneyt_ozdemir,
https://youtu.be/p7-71jFFESA,Cüneyt Özdemir,,,2,cuneyt_ozdemir,
https://youtu.be/uWYJlDBC4rY,Cüneyt Özdemir,,,2,cuneyt_ozdemir,
https://youtu.be/dWyfCXE5kU4,Cüneyt Özdemir,,,2,cuneyt_ozdemir,
https://youtu.be/q2LmJdeYfvk,Cüneyt Özdemir,,,2,cuneyt_ozdemir,
https://youtu.be/29C2Bweei4M,Cüneyt Özdemir,,,2,cuneyt_ozdemir,
https://youtu.be/5YXrzVZxIC8,Cüneyt Özdemir,,,2,cuneyt_ozdemir,
https://youtu.be/a85lNvt_8sM,Cüneyt Özdemir,,,2,cuneyt_ozdemir,
https://youtu.be/NdzgTe74ylE,Cüneyt Özdemir,,,2,cuneyt_ozdemir,
https://youtu.be/e1GGd2SUQkQ,Cüneyt Özdemir,,,2,cuneyt_ozdemir,
https://youtu.be/jmRiSns0wvU,Cüneyt Özdemir,,,2,cuneyt_ozdemir,
https://youtu.be/3FUTYL-G414,Cüneyt Özdemir,,,2,cuneyt_ozdemir,
https://youtu.be/XZcFSmCu9W0,Cüneyt Özdemir,,,2,cuneyt_ozdemir,
https://youtu.be/kF6V1P3bO-w,Cüneyt Özdemir,,,2,cuneyt_ozdemir,
https://youtu.be/XWAysJmIPzE,Cüneyt Özdemir,,,2,cuneyt_ozdemir,
https://youtu.be/H-IZSX6YA4Q,Cüneyt Özdemir,,,2,cuneyt_ozdemir,
https://youtu.be/nH7eNly1LgQ,Cüneyt Özdemir,,,2,cuneyt_ozdemir,
https://youtu.be/8CAX_VmRsVg,Cüneyt Özdemir,,,2,cuneyt_ozdemir,
https://youtu.be/DIAEqtxVcCM,Cüneyt Özdemir,,,2,cuneyt_ozdemir,
https://youtu.be/YjO-vvVDDt8,Cüneyt Özdemir,,,2,cuneyt_ozdemir,
https://youtu.be/QkRgPIHvcUA,Cüneyt Özdemir,,,2,cuneyt_ozdemir,
https://youtu.be/9nRz7YdsGYs,Cüneyt Özdemir,,,2,cuneyt_ozdemir,
https://youtu.be/b0IaVu7UdiE,Cüneyt Özdemir,,,2,cuneyt_ozdemir,
https://youtu.be/PVPM_qO04wI,Cüneyt Özdemir,,,2,cuneyt_ozdemir,
https://youtu.be/I_D11hgK7jU,Cüneyt Özdemir,,,2,cuneyt_ozdemir,
https://youtu.be/OOPLYIPErSA,Cüneyt Özdemir,,,2,cuneyt_ozdemir,
https://youtu.be/0jafLgtthmw,Cüneyt Özdemir,,,2,cuneyt_ozdemir,
https://youtu.be/RkGFV2ruoSg,Cüneyt Özdemir,,,2,cuneyt_ozdemir,
https://youtu.be/jXe-4N19pyk,Cüneyt Özdemir,,,2,cuneyt_ozdemir,
https://youtu.be/hPWasHREdG4,Cüneyt Özdemir,,,2,cuneyt_ozdemir,
https://youtu.be/VxtHL0Hu9u0,Cüneyt Özdemir,,,2,cuneyt_ozdemir,
https://youtu.be/wum4RiK0UUY,Cüneyt Özdemir,,,2,cuneyt_ozdemir,
https://youtu.be/BzxGSQu_c6g,Cüneyt Özdemir,,,2,cuneyt_ozdemir,
https://youtu.be/mye8l7pErWw,Cüneyt Özdemir,,,2,cuneyt_ozdemir,
https://youtu.be/M9XsXB6EcRE,Cüneyt Özdemir,,,2,cuneyt_ozdemir,
https://youtu.be/Yjzl7aY5oeM,Cüneyt Özdemir,,,2,cuneyt_ozdemir,
https://youtu.be/7To2cvzTqvY,Cüneyt Özdemir,,,2,cuneyt_ozdemir,
https://youtu.be/DGNJDbrBvw8,Cüneyt Özdemir,,,2,cuneyt_ozdemir,
https://youtu.be/mQYQ0xg-lGU,Cüneyt Özdemir,,,2,cuneyt_ozdemir,
https://youtu.be/sIRFeby7Sps,Cüneyt Özdemir,,,2,cuneyt_ozdemir,
https://youtu.be/RZN-RlRyyng,Cüneyt Özdemir,,,2,cuneyt_ozdemir,
https://youtu.be/XADsf2m9p7Y,Cüneyt Özdemir,,,2,cuneyt_ozdemir,
https://youtu.be/t2WrzVgvTgg,Cüneyt Özdemir,,,2,cuneyt_ozdemir,
https://youtu.be/9-oVofHslnc,Cüneyt Özdemir,,,2,cuneyt_ozdemir,
https://youtu.be/6prGVgSc7I8,Cüneyt Özdemir,,,2,cuneyt_ozdemir,
https://youtu.be/dRCyizc9EkM,Cüneyt Özdemir,,,2,cuneyt_ozdemir,
https://youtu.be/clwfUuwsW2w,Cüneyt Özdemir,,,2,cuneyt_ozdemir,
https://youtu.be/W966JRD3tT8,Cüneyt Özdemir,,,2,cuneyt_ozdemir,
https://youtu.be/_lsbZ321-8A,Cüneyt Özdemir,,,2,cuneyt_ozdemir,
https://youtu.be/lc3QTDhL274,Cüneyt Özdemir,,,2,cuneyt_ozdemir,
https://youtu.be/yiOWswVRPaw,Cüneyt Özdemir,,,2,cuneyt_ozdemir,
https://youtu.be/hek-5KUe2UI,Cüneyt Özdemir,,,2,cuneyt_ozdemir,
https://youtu.be/34VZiL_37UQ,Cüneyt Özdemir,,,2,cuneyt_ozdemir,
https://youtu.be/lTIC5d4h62Q,Cüneyt Özdemir,,,2,cuneyt_ozdemir,
https://youtu.be/KM_gP24TjfE,Cüneyt Özdemir,,,2,cuneyt_ozdemir,
https://youtu.be/g_qtv_IZI58,Cüneyt Özdemir,,,2,cuneyt_ozdemir,
https://youtu.be/bXf0lMijMQQ,Cüneyt Özdemir,,,2,cuneyt_ozdemir,
https://youtu.be/ryeUBobiA44,Cüneyt Özdemir,,,2,cuneyt_ozdemir,
https://youtu.be/LoE9EMmnHgQ,Cüneyt Özdemir,,,2,cuneyt_ozdemir,
https://youtu.be/fgXU9V2PdGA,Cüneyt Özdemir,,,2,cuneyt_ozdemir,
https://youtu.be/lqIBpC4Whyg,Cüneyt Özdemir,,,2,cuneyt_ozdemir,
https://youtu.be/LzV9uBTjGpA,Cüneyt Özdemir,,,2,cuneyt_ozdemir,
https://youtu.be/gxtLcRYYnS4,Cüneyt Özdemir,,,2,cuneyt_ozdemir,
https://youtu.be/3HBnqzJj0wU,Cüneyt Özdemir,,,2,cuneyt_ozdemir,
https://youtu.be/WVOBMtNJF4g,Cüneyt Özdemir,,,2,cuneyt_ozdemir,
https://youtu.be/Zz5WBoRYlww,Cüneyt Özdemir,,,2,cuneyt_ozdemir,
https://youtu.be/ygvDegVtxQg,Cüneyt Özdemir,,,2,cuneyt_ozdemir,
https://youtu.be/A5VWJQqio0I,Cüneyt Özdemir,,,2,cuneyt_ozdemir,
https://youtu.be/h52ZTx201cg,Cüneyt Özdemir,,,2,cuneyt_ozdemir,
https://youtu.be/ag96pt_0W5E,Cüneyt Özdemir,,,2,cuneyt_ozdemir,
https://youtu.be/JJi16JGS1h8,Cüneyt Özdemir,,,2,cuneyt_ozdemir,
https://youtu.be/G8EFABtSK_g,Cüneyt Özdemir,,,2,cuneyt_ozdemir,
https://youtu.be/JiFo3vljIRQ,Cüneyt Özdemir,,,2,cuneyt_ozdemir,
https://youtu.be/VfNai4hdQSs,Cüneyt Özdemir,,,2,cuneyt_ozdemir,
https://youtu.be/SPnNLRYwCRo,Cüneyt Özdemir,,,2,cuneyt_ozdemir,
https://youtu.be/Hu5yjPrEqXc,Cüneyt Özdemir,,,2,cuneyt_ozdemir,
https://youtu.be/fzo7MXlJYI4,Cüneyt Özdemir,,,2,cuneyt_ozdemir,
https://youtu.be/K2Wie_A24d4,Cüneyt Özdemir,,,2,cuneyt_ozdemir,
https://youtu.be/9DBwzPandiQ,Cüneyt Özdemir,,,2,cuneyt_ozdemir,
https://youtu.be/oR1MbOLTt4I,Cüneyt Özdemir,,,2,cuneyt_ozdemir,
https://youtu.be/k9VwYlM2WCQ,Cüneyt Özdemir,,,2,cuneyt_ozdemir,
https://youtu.be/QSQH-7rMHYo,Cüneyt Özdemir,,,2,cuneyt_ozdemir,
https://youtu.be/N_nKvA6nMoY,Cüneyt Özdemir,,,2,cuneyt_ozdemir,
https://youtu.be/RPPztUvoVmk,Cüneyt Özdemir,,,2,cuneyt_ozdemir,
https://youtu.be/bQ0G3H2i6xo,Cüneyt Özdemir,,,2,cuneyt_ozdemir,
https://youtu.be/0FrrH1EOzCo,Cüneyt Özdemir,,,2,cuneyt_ozdemir,
https://youtu.be/CkcXm75gX_4,Cüneyt Özdemir,,,2,cuneyt_ozdemir,
https://youtu.be/8RDYm6PdzfY,Cüneyt Özdemir,,,2,cuneyt_ozdemir,
https://youtu.be/CX2BVrbKK7M,Cüneyt Özdemir,,,2,cuneyt_ozdemir,
https://youtu.be/9ISwR6LPi9s,Cüneyt Özdemir,,,2,cuneyt_ozdemir,
https://youtu.be/iuAdKvTsjnk,Cüneyt Özdemir,,,2,cuneyt_ozdemir,
https://youtu.be/96iWy0Tu2Aw,Cüneyt Özdemir,,,2,cuneyt_ozdemir,
https://youtu.be/vlWugzzy4lg,Cüneyt Özdemir,,,2,cuneyt_ozdemir,
https://youtu.be/Vf2C742_hjg,Cüneyt Özdemir,,,2,cuneyt_ozdemir,
https://youtu.be/XyBeM2MZM3k,Cüneyt Özdemir,,,2,cuneyt_ozdemir,
https://youtu.be/HzBVo-Z7fKI,Cüneyt Özdemir,,,2,cuneyt_ozdemir,
https://youtu.be/LzL-mn9C9D0,Cüneyt Özdemir,,,2,cuneyt_ozdemir,
https://youtu.be/S8_pVxkYFNY,Cüneyt Özdemir,,,2,cuneyt_ozdemir,
https://youtu.be/gf_dNyk_buY,Cüneyt Özdemir,,,2,cuneyt_ozdemir,
https://youtu.be/4hAqQWq16lI,Cüneyt Özdemir,,,2,cuneyt_ozdemir,
https://youtu.be/3NsQ4ITkhtI,Cüneyt Özdemir,,,2,cuneyt_ozdemir,
https://youtu.be/IX94Bh1ZoZU,Cüneyt Özdemir,,,2,cuneyt_ozdemir,
https://youtu.be/u-5vkoxilSI,Cüneyt Özdemir,,,2,cuneyt_ozdemir,
https://youtu.be/DsyZM6I6Kkc,Cüneyt Özdemir,,,2,cuneyt_ozdemir,
https://youtu.be/je0FUjZMERc,Cüneyt Özdemir,,,2,cuneyt_ozdemir,
https://youtu.be/2lm_edx387w,Cüneyt Özdemir,,,2,cuneyt_ozdemir,
https://youtu.be/KxWYqNnFOL0,Cüneyt Özdemir,,,2,cuneyt_ozdemir,
https://youtu.be/ZCgGtiYU9gk,Cüneyt Özdemir,,,2,cuneyt_ozdemir,
https://youtu.be/0KdJ-z6kTww,Cüneyt Özdemir,,,2,cuneyt_ozdemir,
https://youtu.be/TqhHQpHnPTE,Cüneyt Özdemir,,,2,cuneyt_ozdemir,
https://youtu.be/qCEdjt9_De4,Cüneyt Özdemir,,,2,cuneyt_ozdemir,
https://youtu.be/6XLi-OX9Fdg,Cüneyt Özdemir,,,2,cuneyt_ozdemir,
https://youtu.be/s_1EehpvMic,Cüneyt Özdemir,,,2,cuneyt_ozdemir,
https://youtu.be/khWPiJFDGcU,Cüneyt Özdemir,,,2,cuneyt_ozdemir,
https://youtu.be/aELjelI0ESw,Cüneyt Özdemir,,,2,cuneyt_ozdemir,
https://youtu.be/qrFniWj7mvE,Cüneyt Özdemir,,,2,cuneyt_ozdemir,
https://youtu.be/4a5tYxJhhU8,Cüneyt Özdemir,,,2,cuneyt_ozdemir,
https://youtu.be/_h8wDP-59qQ,Cüneyt Özdemir,,,2,cuneyt_ozdemir,
https://youtu.be/m5F9yN2e_EI,Cüneyt Özdemir,,,2,cuneyt_ozdemir,
https://youtu.be/BlFG9XXLLI4,Cüneyt Özdemir,,,2,cuneyt_ozdemir,
https://youtu.be/weKjoeJcqRg,Cüneyt Özdemir,,,2,cuneyt_ozdemir,
https://youtu.be/6CDqOxwjqOY,Cüneyt Özdemir,,,2,cuneyt_ozdemir,
https://youtu.be/TFNiomVoa-8,Cüneyt Özdemir,,,2,cuneyt_ozdemir,
https://youtu.be/E1nBCkFPc-k,Cüneyt Özdemir,,,2,cuneyt_ozdemir,
https://youtu.be/LKCKoXg6VZE,Cüneyt Özdemir,,,2,cuneyt_ozdemir,
https://youtu.be/oLxgokxnj4U,Cüneyt Özdemir,,,2,cuneyt_ozdemir,
https://youtu.be/K5v-OTWx_1A,Cüneyt Özdemir,,,2,cuneyt_ozdemir,
https://youtu.be/zFUIIKoC2JU,Cüneyt Özdemir,,,2,cuneyt_ozdemir,
https://youtu.be/0yPY6QztRuo,Cüneyt Özdemir,,,2,cuneyt_ozdemir,
https://youtu.be/-7RA8lDHzfI,Cüneyt Özdemir,,,2,cuneyt_ozdemir,
https://youtu.be/SGWHKX1nIBM,Cüneyt Özdemir,,,2,cuneyt_ozdemir,
https://youtu.be/bveOCosMw3c,Cüneyt Özdemir,,,2,cuneyt_ozdemir,
https://youtu.be/BKtDK5q-4aU,Cüneyt Özdemir,,,2,cuneyt_ozdemir,
https://youtu.be/tN8ub_Jjxfg,Cüneyt Özdemir,,,2,cuneyt_ozdemir,
https://youtu.be/s2WfQe00vTc,Cüneyt Özdemir,,,2,cuneyt_ozdemir,
https://youtu.be/zFM4pRpnvHc,Cüneyt Özdemir,,,2,cuneyt_ozdemir,
https://youtu.be/eUOyLFhFqSU,Cüneyt Özdemir,,,2,cuneyt_ozdemir,
https://youtu.be/AIlsi1OXikE,Cüneyt Özdemir,,,2,cuneyt_ozdemir,
https://youtu.be/IadLcyPMXdw,Cüneyt Özdemir,,,2,cuneyt_ozdemir,
https://youtu.be/pQU7g5_ACts,Cüneyt Özdemir,,,2,cuneyt_ozdemir,
https://youtu.be/YOnD2y6dBsI,Cüneyt Özdemir,,,2,cuneyt_ozdemir,
https://youtu.be/TEOz4YvzwqM,Cüneyt Özdemir,,,2,cuneyt_ozdemir,
https://youtu.be/gyHBJQcb9GU,Cüneyt Özdemir,,,2,cuneyt_ozdemir,
https://youtu.be/QqTVN-kD8oM,Cüneyt Özdemir,,,2,cuneyt_ozdemir,
https://youtu.be/OLlpS4uHixU,Cüneyt Özdemir,,,2,cuneyt_ozdemir,
https://youtu.be/1qMbIZo-Bgw,Cüneyt Özdemir,,,2,cuneyt_ozdemir,
https://youtu.be/Uvf3BaqIwvk,Cüneyt Özdemir,,,2,cuneyt_ozdemir,
https://youtu.be/MQkqlbKua_k,Cüneyt Özdemir,,,2,cuneyt_ozdemir,
https://youtu.be/Yv7diM1r-BI,Cüneyt Özdemir,,,2,cuneyt_ozdemir,
https://youtu.be/1WKUPyqHRYk,Cüneyt Özdemir,,,2,cuneyt_ozdemir,
https://youtu.be/B7buj4xkqi0,Cüneyt Özdemir,,,2,cuneyt_ozdemir,
https://youtu.be/GSUm2RQ1fQE,Cüneyt Özdemir,,,2,cuneyt_ozdemir,
https://youtu.be/A4_pwgnK8hk,Cüneyt Özdemir,,,2,cuneyt_ozdemir,
https://youtu.be/T-Le-lEzENA,Cüneyt Özdemir,,,2,cuneyt_ozdemir,
https://youtu.be/dQCzIQURJkU,Cüneyt Özdemir,,,2,cuneyt_ozdemir,
https://youtu.be/lwXFlr_N8pc,Cüneyt Özdemir,,,2,cuneyt_ozdemir,
https://youtu.be/yufmhitSzMA,Cüneyt Özdemir,,,2,cuneyt_ozdemir,
https://youtu.be/Jj_fabYeE_c,Cüneyt Özdemir,,,2,cuneyt_ozdemir,
https://youtu.be/XFlXo1FS_yM,Cüneyt Özdemir,,,2,cuneyt_ozdemir,
https://youtu.be/nJOW38OECVQ,Cüneyt Özdemir,,,2,cuneyt_ozdemir,
https://youtu.be/LpuBdGTGcUA,Cüneyt Özdemir,,,2,cuneyt_ozdemir,
https://youtu.be/hTsMtjbz4ew,Cüneyt Özdemir,,,2,cuneyt_ozdemir,
https://youtu.be/wIVqjce60BE,Cüneyt Özdemir,,,2,cuneyt_ozdemir,
https://youtu.be/KUGBv-sf_r8,Cüneyt Özdemir,,,2,cuneyt_ozdemir,
https://youtu.be/xEvFbBpxtjE,Cüneyt Özdemir,,,2,cuneyt_ozdemir,
https://youtu.be/ibdOevRh_zo,Cüneyt Özdemir,,,2,cuneyt_ozdemir,
https://youtu.be/0j-AoUsbePo,Cüneyt Özdemir,,,2,cuneyt_ozdemir,
https://youtu.be/bqI2-Rz--3I,Cüneyt Özdemir,,,2,cuneyt_ozdemir,
https://youtu.be/ksuVXvTdmR4,Cüneyt Özdemir,,,2,cuneyt_ozdemir,
https://youtu.be/yzkalS0h_O8,Cüneyt Özdemir,,,2,cuneyt_ozdemir,
https://youtu.be/ma0xsULsw6A,Cüneyt Özdemir,,,2,cuneyt_ozdemir,
https://youtu.be/o0OFaD3TXXA,Cüneyt Özdemir,,,2,cuneyt_ozdemir,
https://youtu.be/F9a18mlYAhE,Cüneyt Özdemir,,,2,cuneyt_ozdemir,
https://youtu.be/1jb31omzRWA,Cüneyt Özdemir,,,2,cuneyt_ozdemir,
https://youtu.be/NINZrS5H1x0,Cüneyt Özdemir,,,2,cuneyt_ozdemir,
https://youtu.be/H5p6GtKd6ig,Cüneyt Özdemir,,,2,cuneyt_ozdemir,
https://youtu.be/R6CF6StSiYo,Cüneyt Özdemir,,,2,cuneyt_ozdemir,
https://youtu.be/j7Vf0rtbW1g,Cüneyt Özdemir,,,2,cuneyt_ozdemir,
https://youtu.be/OaniCc0qroo,Cüneyt Özdemir,,,2,cuneyt_ozdemir,
https://youtu.be/IehQvh-i7xA,Cüneyt Özdemir,,,2,cuneyt_ozdemir,
https://youtu.be/rqdH1D5nYek,Cüneyt Özdemir,,,2,cuneyt_ozdemir,
https://youtu.be/5Azi2BwUJiI,Cüneyt Özdemir,,,2,cuneyt_ozdemir,
https://youtu.be/1b9qCXBiQXo,Cüneyt Özdemir,,,2,cuneyt_ozdemir,
https://youtu.be/qi_xvh9wsJU,Cüneyt Özdemir,,,2,cuneyt_ozdemir,
https://youtu.be/xT3dRG4Dby0,Cüneyt Özdemir,,,2,cuneyt_ozdemir,
https://youtu.be/uMfW7M5x6PM,Cüneyt Özdemir,,,2,cuneyt_ozdemir,
https://youtu.be/3piiAwyyPlk,Cüneyt Özdemir,,,2,cuneyt_ozdemir,
https://youtu.be/KFWCxsvSfm4,Cüneyt Özdemir,,,2,cuneyt_ozdemir,
https://youtu.be/zUzgiJ1k75U,Cüneyt Özdemir,,,2,cuneyt_ozdemir,
https://youtu.be/BtNJ4O-Ph1A,Cüneyt Özdemir,,,2,cuneyt_ozdemir,
https://youtu.be/bywbjG0i2fY,Cüneyt Özdemir,,,2,cuneyt_ozdemir,
https://youtu.be/sOST5nwkGlE,Cüneyt Özdemir,,,2,cuneyt_ozdemir,
https://youtu.be/bEFsFMqy3TI,Cüneyt Özdemir,,,2,cuneyt_ozdemir,
https://youtu.be/j9EJqVGALGA,Cüneyt Özdemir,,,2,cuneyt_ozdemir,
https://youtu.be/fRYEO_O_EnU,Cüneyt Özdemir,,,2,cuneyt_ozdemir,
https://youtu.be/vg05uo_qkLo,Cüneyt Özdemir,,,2,cuneyt_ozdemir,
https://youtu.be/WgptmOeIL7k,Cüneyt Özdemir,,,2,cuneyt_ozdemir,
https://youtu.be/4GrL3WhF_nc,Cüneyt Özdemir,,,2,cuneyt_ozdemir,
https://youtu.be/z5rnaBN8CNY,Cüneyt Özdemir,,,2,cuneyt_ozdemir,
https://youtu.be/szdTgrxo_Xo,Cüneyt Özdemir,,,2,cuneyt_ozdemir,
https://youtu.be/KSvqpA6WnDY,Cüneyt Özdemir,,,2,cuneyt_ozdemir,
https://youtu.be/l6LxSjr0nVM,Cüneyt Özdemir,,,2,cuneyt_ozdemir,
https://youtu.be/7ezEJgAl9IY,Cüneyt Özdemir,,,2,cuneyt_ozdemir,
https://youtu.be/4dPjVCwbQow,Cüneyt Özdemir,,,2,cuneyt_ozdemir,
https://youtu.be/YPxd3Gx4-aw,Cüneyt Özdemir,,,2,cuneyt_ozdemir,
https://youtu.be/wkfiG_zTWyI,Cüneyt Özdemir,,,2,cuneyt_ozdemir,
https://youtu.be/ZKBsNywLMyY,Cüneyt Özdemir,,,2,cuneyt_ozdemir,
https://youtu.be/jU3s5XNb9SY,Cüneyt Özdemir,,,2,cuneyt_ozdemir,
https://youtu.be/VN8lSh2J-pc,Cüneyt Özdemir,,,2,cuneyt_ozdemir,
https://youtu.be/gHVknUkFLgg,Cüneyt Özdemir,,,2,cuneyt_ozdemir,
https://youtu.be/WE_RNzykGLw,Cüneyt Özdemir,,,2,cuneyt_ozdemir,
https://youtu.be/PftSYN-7hF0,Cüneyt Özdemir,,,2,cuneyt_ozdemir,
https://youtu.be/2_3Db0l2z3k,Cüneyt Özdemir,,,2,cuneyt_ozdemir,
https://youtu.be/L7el_A3B7SI,Cüneyt Özdemir,,,2,cuneyt_ozdemir,
https://youtu.be/hGWz3ta26q0,Cüneyt Özdemir,,,2,cuneyt_ozdemir,
https://youtu.be/Kt56kXIMog4,Cüneyt Özdemir,,,2,cuneyt_ozdemir,
https://youtu.be/GDX16kPHx4A,Cüneyt Özdemir,,,2,cuneyt_ozdemir,
https://youtu.be/fgYEfM13BnE,Cüneyt Özdemir,,,2,cuneyt_ozdemir,
https://youtu.be/XF-b6Hehbq4,Cüneyt Özdemir,,,2,cuneyt_ozdemir,
https://youtu.be/fz8b14PdbSc,Cüneyt Özdemir,,,2,cuneyt_ozdemir,
https://youtu.be/o6FiMhrFvr8,Cüneyt Özdemir,,,2,cuneyt_ozdemir,
https://youtu.be/EU0rHOviqmU,Cüneyt Özdemir,,,2,cuneyt_ozdemir,
https://youtu.be/KBseJtu6ZhE,Cüneyt Özdemir,,,2,cuneyt_ozdemir,
https://youtu.be/T6j_kc6VtfE,Cüneyt Özdemir,,,2,cuneyt_ozdemir,
https://youtu.be/IXzsAhPlAbw,Cüneyt Özdemir,,,2,cuneyt_ozdemir,
https://youtu.be/lbOAzs4vZ3A,Cüneyt Özdemir,,,2,cuneyt_ozdemir,
https://youtu.be/p8SMCAh05Bs,Cüneyt Özdemir,,,2,cuneyt_ozdemir,
https://youtu.be/CHyqS8uTa48,Cüneyt Özdemir,,,2,cuneyt_ozdemir,
https://youtu.be/UOGk4oUrQf0,Cüneyt Özdemir,,,2,cuneyt_ozdemir,
https://youtu.be/gHK9tVwzzVY,Cüneyt Özdemir,,,2,cuneyt_ozdemir,
https://youtu.be/qsERPePODa0,Cüneyt Özdemir,,,2,cuneyt_ozdemir,
https://youtu.be/78AUNfQQG0A,Cüneyt Özdemir,,,2,cuneyt_ozdemir,
https://youtu.be/mk1IKRWsdOg,Cüneyt Özdemir,,,2,cuneyt_ozdemir,
https://youtu.be/wCjAdEoev3E,Cüneyt Özdemir,,,2,cuneyt_ozdemir,
https://youtu.be/jbxLY1CZLDQ,Cüneyt Özdemir,,,2,cuneyt_ozdemir,
https://youtu.be/8fReGJFFOew,Cüneyt Özdemir,,,2,cuneyt_ozdemir,
https://youtu.be/O3W0PuyEDX4,Cüneyt Özdemir,,,2,cuneyt_ozdemir,
https://youtu.be/Fc-2x1oZu1k,Cüneyt Özdemir,,,2,cuneyt_ozdemir,
https://youtu.be/_AG56rWTrXI,Cüneyt Özdemir,,,2,cuneyt_ozdemir,
https://youtu.be/X_Q_Wv_bKsk,Cüneyt Özdemir,,,2,cuneyt_ozdemir,
https://youtu.be/u_WvhjVDarU,Cüneyt Özdemir,,,2,cuneyt_ozdemir,
https://youtu.be/mc5_D6kUzpM,Cüneyt Özdemir,,,2,cuneyt_ozdemir,
https://youtu.be/NIcnqmMnSog,Cüneyt Özdemir,,,2,cuneyt_ozdemir,
https://youtu.be/eCAHHtW9Eoc,Cüneyt Özdemir,,,2,cuneyt_ozdemir,
https://youtu.be/J7HfMH3yz68,Cüneyt Özdemir,,,2,cuneyt_ozdemir,
https://youtu.be/8xWdv84QFtM,Cüneyt Özdemir,,,2,cuneyt_ozdemir,
https://youtu.be/G60VlAcVTUI,Cüneyt Özdemir,,,2,cuneyt_ozdemir,
https://youtu.be/zm7VGpfLJI4,Cüneyt Özdemir,,,2,cuneyt_ozdemir,
https://youtu.be/8ilDyjevQDw,Cüneyt Özdemir,,,2,cuneyt_ozdemir,
https://youtu.be/jkv8U9k_waU,Cüneyt Özdemir,,,2,cuneyt_ozdemir,
https://youtu.be/qTAzhZz4MBs,Cüneyt Özdemir,,,2,cuneyt_ozdemir,
https://youtu.be/Zs8BmyWFoQk,Cüneyt Özdemir,,,2,cuneyt_ozdemir,
https://youtu.be/gHGFgnt9ZpU,Cüneyt Özdemir,,,2,cuneyt_ozdemir,
https://youtu.be/4mQ0NkZ084Q,Cüneyt Özdemir,,,2,cuneyt_ozdemir,
https://youtu.be/VvmOi9sUXJ0,Cüneyt Özdemir,,,2,cuneyt_ozdemir,
https://youtu.be/qoO-xLGEyHU,Cüneyt Özdemir,,,2,cuneyt_ozdemir,
https://youtu.be/EQehG1gE-p0,Cüneyt Özdemir,,,2,cuneyt_ozdemir,
https://youtu.be/1upfESgyb3E,Cüneyt Özdemir,,,2,cuneyt_ozdemir,
https://youtu.be/NACOEtaNmpQ,Cüneyt Özdemir,,,2,cuneyt_ozdemir,
https://youtu.be/XENESNUsuLE,Cüneyt Özdemir,,,2,cuneyt_ozdemir,
https://youtu.be/jZFqaVVcVm8,Cüneyt Özdemir,,,2,cuneyt_ozdemir,
https://youtu.be/We5WoZNGtJc,Cüneyt Özdemir,,,2,cuneyt_ozdemir,
https://youtu.be/19Ubs-8RVqI,Cüneyt Özdemir,,,2,cuneyt_ozdemir,
https://youtu.be/VfF17mNmiR8,Cüneyt Özdemir,,,2,cuneyt_ozdemir,
https://youtu.be/Hh4_1BC2yxo,Cüneyt Özdemir,,,2,cuneyt_ozdemir,
https://youtu.be/LY1tVpD9HRM,Cüneyt Özdemir,,,2,cuneyt_ozdemir,
https://youtu.be/48X86vb10q0,Cüneyt Özdemir,,,2,cuneyt_ozdemir,
https://youtu.be/e_BS_9LAyeE,Cüneyt Özdemir,,,2,cuneyt_ozdemir,
https://youtu.be/tnnJ1NA8u4g,Cüneyt Özdemir,,,2,cuneyt_ozdemir,
https://youtu.be/StB0AQD8_cA,Cüneyt Özdemir,,,2,cuneyt_ozdemir,
https://youtu.be/v7g6EL_J3IE,Cüneyt Özdemir,,,2,cuneyt_ozdemir,
https://youtu.be/ZsGA544ZUWo,Cüneyt Özdemir,,,2,cuneyt_ozdemir,
https://youtu.be/2Y0fqjNZRY8,Cüneyt Özdemir,,,2,cuneyt_ozdemir,
https://youtu.be/2cBiZyBdr-U,Cüneyt Özdemir,,,2,cuneyt_ozdemir,
https://youtu.be/cn-X_oz-qkc,Cüneyt Özdemir,,,2,cuneyt_ozdemir,
https://youtu.be/iQuP-sZGCik,Cüneyt Özdemir,,,2,cuneyt_ozdemir,
https://youtu.be/32X1n4rk1Tc,Cüneyt Özdemir,,,2,cuneyt_ozdemir,
https://youtu.be/LyBrBCF_tes,Cüneyt Özdemir,,,2,cuneyt_ozdemir,
https://youtu.be/JdJiAxvF6bA,Cüneyt Özdemir,,,2,cuneyt_ozdemir,
https://youtu.be/j-GsEi2wBrI,Cüneyt Özdemir,,,2,cuneyt_ozdemir,
https://youtu.be/_clG_rvufJQ,Cüneyt Özdemir,,,2,cuneyt_ozdemir,
https://youtu.be/RV5NSPPeENE,Cüneyt Özdemir,,,2,cuneyt_ozdemir,
https://youtu.be/nsfDeD6IfTo,Cüneyt Özdemir,,,2,cuneyt_ozdemir,
https://youtu.be/QXSAHebqymE,Cüneyt Özdemir,,,2,cuneyt_ozdemir,
https://youtu.be/hm1k6ob4HV4,Cüneyt Özdemir,,,2,cuneyt_ozdemir,
https://youtu.be/o1o01W79Lv8,Cüneyt Özdemir,,,2,cuneyt_ozdemir,
https://youtu.be/3dn7dq52SCs,Cüneyt Özdemir,,,2,cuneyt_ozdemir,
https://youtu.be/ptoTRMtIn3c,Cüneyt Özdemir,,,2,cuneyt_ozdemir,
https://youtu.be/vlcDUXAarbc,Cüneyt Özdemir,,,2,cuneyt_ozdemir,
https://youtu.be/VEaAUuE7lhk,Cüneyt Özdemir,,,2,cuneyt_ozdemir,
https://youtu.be/hJPAtwzMbFs,Cüneyt Özdemir,,,2,cuneyt_ozdemir,
https://youtu.be/3W8TwF5p9yk,Cüneyt Özdemir,,,2,cuneyt_ozdemir,
https://youtu.be/U1M1aEHUtZs,Cüneyt Özdemir,,,2,cuneyt_ozdemir,
https://youtu.be/b-SlHbM1I_Y,Cüneyt Özdemir,,,2,cuneyt_ozdemir,
https://youtu.be/bOtEgaySuSI,Cüneyt Özdemir,,,2,cuneyt_ozdemir,
https://youtu.be/h2gorScgpWk,Cüneyt Özdemir,,,2,cuneyt_ozdemir,
https://youtu.be/bDh21Uz0lWo,Cüneyt Özdemir,,,2,cuneyt_ozdemir,
https://youtu.be/ncEMiI6v_Lc,Cüneyt Özdemir,,,2,cuneyt_ozdemir,
https://youtu.be/GXCxD_WIB9s,Cüneyt Özdemir,,,2,cuneyt_ozdemir,
https://youtu.be/lNeWlmCHdNc,Cüneyt Özdemir,,,2,cuneyt_ozdemir,
https://youtu.be/DVTVVA8o3v0,Cüneyt Özdemir,,,2,cuneyt_ozdemir,
https://youtu.be/0AJsBGk_jm4,Cüneyt Özdemir,,,2,cuneyt_ozdemir,
https://youtu.be/vXVsa90yyDs,Cüneyt Özdemir,,,2,cuneyt_ozdemir,
https://youtu.be/jgw0RoHZXvw,Cüneyt Özdemir,,,2,cuneyt_ozdemir,
https://youtu.be/EZzW0OdkqN4,Cüneyt Özdemir,,,2,cuneyt_ozdemir,
https://youtu.be/LMPJwC14tUk,Cüneyt Özdemir,,,2,cuneyt_ozdemir,
https://youtu.be/iR-LccSETig,Cüneyt Özdemir,,,2,cuneyt_ozdemir,
https://youtu.be/_J8Gs7Wy2I8,Cüneyt Özdemir,,,2,cuneyt_ozdemir,
https://youtu.be/vUFMgOsF9ZI,Cüneyt Özdemir,,,2,cuneyt_ozdemir,
https://youtu.be/xB_uwjERB0o,Cüneyt Özdemir,,,2,cuneyt_ozdemir,
https://youtu.be/M-dpA5RxlVY,Cüneyt Özdemir,,,2,cuneyt_ozdemir,
https://youtu.be/SiNoeRCOEq4,Cüneyt Özdemir,,,2,cuneyt_ozdemir,
https://youtu.be/GkOSp-3fH4A,Cüneyt Özdemir,,,2,cuneyt_ozdemir,
https://youtu.be/eljWC3-x6SU,Cüneyt Özdemir,,,2,cuneyt_ozdemir,
https://youtu.be/qwbqx-8XPFg,Cüneyt Özdemir,,,2,cuneyt_ozdemir,
https://youtu.be/vIhu4up8u74,Cüneyt Özdemir,,,2,cuneyt_ozdemir,
https://youtu.be/GhMF0CczcjQ,Cüneyt Özdemir,,,2,cuneyt_ozdemir,
https://youtu.be/nuji8pY3JdQ,Cüneyt Özdemir,,,2,cuneyt_ozdemir,
https://youtu.be/HF7QEgr-BxI,Cüneyt Özdemir,,,2,cuneyt_ozdemir,
https://youtu.be/zjyEhU30oNE,Cüneyt Özdemir,,,2,cuneyt_ozdemir,
https://youtu.be/R2iVbw4w-ic,Cüneyt Özdemir,,,2,cuneyt_ozdemir,
https://youtu.be/p7eonCiprYc,Cüneyt Özdemir,,,2,cuneyt_ozdemir,
https://youtu.be/6iZfHaosyMg,Cüneyt Özdemir,,,2,cuneyt_ozdemir,
https://youtu.be/bDEyB6Ol4qg,Cüneyt Özdemir,,,2,cuneyt_ozdemir,
https://youtu.be/GZP370QEae4,Cüneyt Özdemir,,,2,cuneyt_ozdemir,
https://youtu.be/KYIJV5bo-dY,Cüneyt Özdemir,,,2,cuneyt_ozdemir,
https://youtu.be/OQltC5BDMgc,Cüneyt Özdemir,,,2,cuneyt_ozdemir,
https://youtu.be/nkwjBGpcHNU,Cüneyt Özdemir,,,2,cuneyt_ozdemir,
https://youtu.be/3gypT3sBGl0,Cüneyt Özdemir,,,2,cuneyt_ozdemir,
https://youtu.be/54kq5vPcYsE,Cüneyt Özdemir,,,2,cuneyt_ozdemir,
https://youtu.be/wsL_0KfPqiU,Cüneyt Özdemir,,,2,cuneyt_ozdemir,
https://youtu.be/r7-AQeWuj8g,Cüneyt Özdemir,,,2,cuneyt_ozdemir,
https://youtu.be/KTIbfbNlPzM,Cüneyt Özdemir,,,2,cuneyt_ozdemir,
https://youtu.be/XpiVw9FI5_Q,Cüneyt Özdemir,,,2,cuneyt_ozdemir,
https://youtu.be/hcC7mhUAaAI,Cüneyt Özdemir,,,2,cuneyt_ozdemir,
https://youtu.be/WKseFZ5lv6M,Cüneyt Özdemir,,,2,cuneyt_ozdemir,
https://youtu.be/U9E4S47kUEI,Cüneyt Özdemir,,,2,cuneyt_ozdemir,
https://youtu.be/saXUuExgtvA,Cüneyt Özdemir,,,2,cuneyt_ozdemir,
https://youtu.be/zT7GHwMu9L4,Cüneyt Özdemir,,,2,cuneyt_ozdemir,
https://youtu.be/pZ1kJVX49mA,Cüneyt Özdemir,,,2,cuneyt_ozdemir,
https://youtu.be/S2ClAUVvU3I,Cüneyt Özdemir,,,2,cuneyt_ozdemir,
https://youtu.be/aOskkPtPjUI,Cüneyt Özdemir,,,2,cuneyt_ozdemir,
https://youtu.be/Eud4NfSqVY4,Cüneyt Özdemir,,,2,cuneyt_ozdemir,
https://youtu.be/f8nBrKchFtM,Cüneyt Özdemir,,,2,cuneyt_ozdemir,
https://youtu.be/6IduGYTsoGs,Cüneyt Özdemir,,,2,cuneyt_ozdemir,
https://youtu.be/sLGcNUDrTn0,Cüneyt Özdemir,,,2,cuneyt_ozdemir,
https://youtu.be/DJSs5zNGfk4,Cüneyt Özdemir,,,2,cuneyt_ozdemir,
https://youtu.be/obdGr67vivY,Cüneyt Özdemir,,,2,cuneyt_ozdemir,
https://youtu.be/lwuLFrQqEBs,Cüneyt Özdemir,,,2,cuneyt_ozdemir,
https://youtu.be/1Mxqax92DN8,Cüneyt Özdemir,,,2,cuneyt_ozdemir,
https://youtu.be/5UmwWD8QaZM,Cüneyt Özdemir,,,2,cuneyt_ozdemir,
https://youtu.be/1jryJwj-aFc,Cüneyt Özdemir,,,2,cuneyt_ozdemir,
https://youtu.be/pGAMcOropF0,Cüneyt Özdemir,,,2,cuneyt_ozdemir,
https://youtu.be/WoPuu8oRbXc,Cüneyt Özdemir,,,2,cuneyt_ozdemir,
https://youtu.be/U6Y76flF8fk,Cüneyt Özdemir,,,2,cuneyt_ozdemir,
https://youtu.be/wfF3gevoo4U,Cüneyt Özdemir,,,2,cuneyt_ozdemir,
https://youtu.be/lsSaoY7K7zQ,Cüneyt Özdemir,,,2,cuneyt_ozdemir,
https://youtu.be/M-XL4L44jp0,Cüneyt Özdemir,,,2,cuneyt_ozdemir,
https://youtu.be/X9H41YmvRIQ,Cüneyt Özdemir,,,2,cuneyt_ozdemir,
https://youtu.be/S9U1UieHa7Y,Cüneyt Özdemir,,,2,cuneyt_ozdemir,
https://youtu.be/ZLhn85nvnPE,Cüneyt Özdemir,,,2,cuneyt_ozdemir,
https://youtu.be/zb7vxtfNcko,Cüneyt Özdemir,,,2,cuneyt_ozdemir,
https://youtu.be/VEOvMSMVY_g,Cüneyt Özdemir,,,2,cuneyt_ozdemir,
https://youtu.be/VLnMiA6mCjw,Cüneyt Özdemir,,,2,cuneyt_ozdemir,
https://youtu.be/HBwlqwZq2sc,Cüneyt Özdemir,,,2,cuneyt_ozdemir,
https://youtu.be/VxOeZgSU44A,Cüneyt Özdemir,,,2,cuneyt_ozdemir,
https://youtu.be/TI4MDx_oOnI,Cüneyt Özdemir,,,2,cuneyt_ozdemir,
https://youtu.be/jXf2mWH17X0,Cüneyt Özdemir,,,2,cuneyt_ozdemir,
https://youtu.be/PIftjVfQmKU,Cüneyt Özdemir,,,2,cuneyt_ozdemir,
https://youtu.be/PfRtNpkXiao,Cüneyt Özdemir,,,2,cuneyt_ozdemir,
https://youtu.be/-Pts5nnK3As,Cüneyt Özdemir,,,2,cuneyt_ozdemir,
https://youtu.be/iG1yV1s4mT0,Cüneyt Özdemir,,,2,cuneyt_ozdemir,
https://youtu.be/Ar6Kn7lKgNU,Cüneyt Özdemir,,,2,cuneyt_ozdemir,
https://youtu.be/yWAWWxw9KYc,Cüneyt Özdemir,,,2,cuneyt_ozdemir,
https://youtu.be/q2BXn8tG1sk,Cüneyt Özdemir,,,2,cuneyt_ozdemir,
https://youtu.be/zzssJ6VZEZQ,Cüneyt Özdemir,,,2,cuneyt_ozdemir,
https://youtu.be/MxuDtkx1vVU,Cüneyt Özdemir,,,2,cuneyt_ozdemir,
https://youtu.be/cHeffN5QpP0,Cüneyt Özdemir,,,2,cuneyt_ozdemir,
https://youtu.be/yDTzrYkrW6s,Cüneyt Özdemir,,,2,cuneyt_ozdemir,
https://youtu.be/L_QsRYZJZak,Cüneyt Özdemir,,,2,cuneyt_ozdemir,
https://youtu.be/ZpqB6KfcJNA,Cüneyt Özdemir,,,2,cuneyt_ozdemir,
https://youtu.be/HnXtsmfWHKQ,Cüneyt Özdemir,,,2,cuneyt_ozdemir,
https://youtu.be/NSmrMiuteU0,Cüneyt Özdemir,,,2,cuneyt_ozdemir,
https://youtu.be/yBqJQmpS40c,Cüneyt Özdemir,,,2,cuneyt_ozdemir,
https://youtu.be/pCB1yuSSfYQ,Cüneyt Özdemir,,,2,cuneyt_ozdemir,
https://youtu.be/WaMvjsF-ShI,Cüneyt Özdemir,,,2,cuneyt_ozdemir,
https://youtu.be/bYPDeF7xTog,Cüneyt Özdemir,,,2,cuneyt_ozdemir,
https://youtu.be/GIuTz2FNJpM,Cüneyt Özdemir,,,2,cuneyt_ozdemir,
https://youtu.be/K4O21CJbA6k,Cüneyt Özdemir,,,2,cuneyt_ozdemir,
https://youtu.be/XNKlAdmhS5Y,Cüneyt Özdemir,,,2,cuneyt_ozdemir,
https://youtu.be/Kvh-u6facKM,Cüneyt Özdemir,,,2,cuneyt_ozdemir,
https://youtu.be/NfrDHiFMy1U,Cüneyt Özdemir,,,2,cuneyt_ozdemir,
https://youtu.be/rSvnYwNNzII,Cüneyt Özdemir,,,2,cuneyt_ozdemir,
https://youtu.be/PFSutdGVMPU,Cüneyt Özdemir,,,2,cuneyt_ozdemir,
https://youtu.be/hNiiPW4IVa8,Cüneyt Özdemir,,,2,cuneyt_ozdemir,
https://youtu.be/jNA93cTOkzY,Cüneyt Özdemir,,,2,cuneyt_ozdemir,
https://youtu.be/aflTUF8ZQPI,Cüneyt Özdemir,,,2,cuneyt_ozdemir,
https://youtu.be/FZu9PiOzgco,Cüneyt Özdemir,,,2,cuneyt_ozdemir,
https://youtu.be/nNOiYAyatO4,Cüneyt Özdemir,,,2,cuneyt_ozdemir,
https://youtu.be/1Xya0pBOlvA,Cüneyt Özdemir,,,2,cuneyt_ozdemir,
https://youtu.be/1u0fEzS1kDo,Cüneyt Özdemir,,,2,cuneyt_ozdemir,
https://youtu.be/e7IULkv6dac,Cüneyt Özdemir,,,2,cuneyt_ozdemir,
https://youtu.be/4YwNmpdTg9g,Cüneyt Özdemir,,,2,cuneyt_ozdemir,
https://youtu.be/KS00pcyc3nQ,Cüneyt Özdemir,,,2,cuneyt_ozdemir,
https://youtu.be/pulwPvcElPI,Cüneyt Özdemir,,,2,cuneyt_ozdemir,
https://youtu.be/rd_yDRWb9oc,Cüneyt Özdemir,,,2,cuneyt_ozdemir,
https://youtu.be/WVE-UBTvM8I,Cüneyt Özdemir,,,2,cuneyt_ozdemir,
https://youtu.be/dpK4gamyJrQ,Cüneyt Özdemir,,,2,cuneyt_ozdemir,
https://youtu.be/Ox2v-LD5s9s,Cüneyt Özdemir,,,2,cuneyt_ozdemir,
https://youtu.be/h1hlZ1IRqk8,Cüneyt Özdemir,,,2,cuneyt_ozdemir,
https://youtu.be/cxkqCJVQOm8,Cüneyt Özdemir,,,2,cuneyt_ozdemir,
https://youtu.be/GCTLH7CtqzY,Cüneyt Özdemir,,,2,cuneyt_ozdemir,
https://youtu.be/C46LHiH8MUs,Cüneyt Özdemir,,,2,cuneyt_ozdemir,
https://youtu.be/NhWTLwPC10U,Cüneyt Özdemir,,,2,cuneyt_ozdemir,
https://youtu.be/jIq01l0fzfs,Cüneyt Özdemir,,,2,cuneyt_ozdemir,
https://youtu.be/lwTLXThUFFY,Cüneyt Özdemir,,,2,cuneyt_ozdemir,
https://youtu.be/KBUvHydj31Q,Cüneyt Özdemir,,,2,cuneyt_ozdemir,
https://youtu.be/9JmQoxOEN-M,Cüneyt Özdemir,,,2,cuneyt_ozdemir,
https://youtu.be/2492pBpjCDE,Cüneyt Özdemir,,,2,cuneyt_ozdemir,
https://youtu.be/C1LDl3s5juA,Cüneyt Özdemir,,,2,cuneyt_ozdemir,
https://youtu.be/hLqV8gYULRU,Cüneyt Özdemir,,,2,cuneyt_ozdemir,
https://youtu.be/pg6U71tK4w8,Cüneyt Özdemir,,,2,cuneyt_ozdemir,
https://youtu.be/FEBIaiKlvcg,Cüneyt Özdemir,,,2,cuneyt_ozdemir,
https://youtu.be/t0ETbGKFF_0,Cüneyt Özdemir,,,2,cuneyt_ozdemir,
https://youtu.be/_nwXqCKAmSE,Cüneyt Özdemir,,,2,cuneyt_ozdemir,
https://youtu.be/z-aCHSpHwbI,Cüneyt Özdemir,,,2,cuneyt_ozdemir,
https://youtu.be/iSy1l_GOYVI,Cüneyt Özdemir,,,2,cuneyt_ozdemir,
https://youtu.be/TUUofVzdTCw,Cüneyt Özdemir,,,2,cuneyt_ozdemir,
https://youtu.be/0FPs0uPaa34,Cüneyt Özdemir,,,2,cuneyt_ozdemir,
https://youtu.be/ReCgtJYU8YU,Cüneyt Özdemir,,,2,cuneyt_ozdemir,
https://youtu.be/5PhTcPNviQI,Cüneyt Özdemir,,,2,cuneyt_ozdemir,
https://youtu.be/TaG9T3yHJe4,Cüneyt Özdemir,,,2,cuneyt_ozdemir,
https://youtu.be/EE7kGgGp7E4,Cüneyt Özdemir,,,2,cuneyt_ozdemir,
https://youtu.be/LAhjWQ16l0Q,Cüneyt Özdemir,,,2,cuneyt_ozdemir,
https://youtu.be/_kHKFeIpTPA,Cüneyt Özdemir,,,2,cuneyt_ozdemir,
https://youtu.be/qY64EBi4Mn0,Cüneyt Özdemir,,,2,cuneyt_ozdemir,
https://youtu.be/pFU2_RuCA44,Cüneyt Özdemir,,,2,cuneyt_ozdemir,
https://youtu.be/RZmb4qk43Rs,Cüneyt Özdemir,,,2,cuneyt_ozdemir,
https://youtu.be/UsZ8VAPIpdU,Cüneyt Özdemir,,,2,cuneyt_ozdemir,
https://youtu.be/_JTO-8fssGI,Cüneyt Özdemir,,,2,cuneyt_ozdemir,
https://youtu.be/Cs6p5t7PF8c,Cüneyt Özdemir,,,2,cuneyt_ozdemir,
https://youtu.be/KvbLG_UsHjA,Cüneyt Özdemir,,,2,cuneyt_ozdemir,
https://youtu.be/MRLDCUFYJj4,Cüneyt Özdemir,,,2,cuneyt_ozdemir,
https://youtu.be/ud9OQxOKVoE,Cüneyt Özdemir,,,2,cuneyt_ozdemir,
https://youtu.be/r8n_ucHiT1o,Cüneyt Özdemir,,,2,cuneyt_ozdemir,
https://youtu.be/wzGg8ceLRpI,Cüneyt Özdemir,,,2,cuneyt_ozdemir,
https://youtu.be/y71vcxBUuKQ,Cüneyt Özdemir,,,2,cuneyt_ozdemir,
https://youtu.be/Ne6_vDjnoiQ,Cüneyt Özdemir,,,2,cuneyt_ozdemir,
https://youtu.be/TNcVmrIeINs,Cüneyt Özdemir,,,2,cuneyt_ozdemir,
https://youtu.be/6P_eydQxk1s,Cüneyt Özdemir,,,2,cuneyt_ozdemir,
https://youtu.be/nxYKYNdhPvA,Cüneyt Özdemir,,,2,cuneyt_ozdemir,
https://youtu.be/cka7Q3mLS-w,Cüneyt Özdemir,,,2,cuneyt_ozdemir,
https://youtu.be/bWqJ8M8J4H8,Cüneyt Özdemir,,,2,cuneyt_ozdemir,
https://youtu.be/qPA4VQeckXE,Cüneyt Özdemir,,,2,cuneyt_ozdemir,
https://youtu.be/RnxVDEw0Y60,Cüneyt Özdemir,,,2,cuneyt_ozdemir,
https://youtu.be/EpR7Emf21Ig,Cüneyt Özdemir,,,2,cuneyt_ozdemir,
https://youtu.be/-P2JFEUULtk,Cüneyt Özdemir,,,2,cuneyt_ozdemir,
https://youtu.be/zX3adRwuvLI,Cüneyt Özdemir,,,2,cuneyt_ozdemir,
https://youtu.be/SD896uEVjlM,Cüneyt Özdemir,,,2,cuneyt_ozdemir,
https://youtu.be/y2FNgKLoGCA,Cüneyt Özdemir,,,2,cuneyt_ozdemir,
https://youtu.be/ldc7ownrbdQ,Cüneyt Özdemir,,,2,cuneyt_ozdemir,
https://youtu.be/cGGvMGdY7Hc,Cüneyt Özdemir,,,2,cuneyt_ozdemir,
https://youtu.be/d1KNPX-jypM,Cüneyt Özdemir,,,2,cuneyt_ozdemir,
https://youtu.be/J4DB0EWrwt0,Cüneyt Özdemir,,,2,cuneyt_ozdemir,
https://youtu.be/rrWdzu_F5qM,Cüneyt Özdemir,,,2,cuneyt_ozdemir,
https://youtu.be/6lt-cqm31fM,Cüneyt Özdemir,,,2,cuneyt_ozdemir,
https://youtu.be/DtBwyza6LCE,Cüneyt Özdemir,,,2,cuneyt_ozdemir,
https://youtu.be/qEsbxBofDkY,Cüneyt Özdemir,,,2,cuneyt_ozdemir,
https://youtu.be/l3wlL7GX7_A,Cüneyt Özdemir,,,2,cuneyt_ozdemir,
https://youtu.be/tnGRovzmoHA,Cüneyt Özdemir,,,2,cuneyt_ozdemir,
https://youtu.be/2TbuD-p6e7s,Cüneyt Özdemir,,,2,cuneyt_ozdemir,
https://youtu.be/4fkuQFXeYXc,Cüneyt Özdemir,,,2,cuneyt_ozdemir,
https://youtu.be/iRYGRR8XGcs,Cüneyt Özdemir,,,2,cuneyt_ozdemir,
https://youtu.be/zGeVhBB_VHI,Cüneyt Özdemir,,,2,cuneyt_ozdemir,
https://youtu.be/YG8gqEVLFZg,Cüneyt Özdemir,,,2,cuneyt_ozdemir,
https://youtu.be/K-CDnIqOrNY,Cüneyt Özdemir,,,2,cuneyt_ozdemir,
https://youtu.be/fURmz5xf1pM,Cüneyt Özdemir,,,2,cuneyt_ozdemir,
https://youtu.be/3kNXx-2Ee0U,Cüneyt Özdemir,,,2,cuneyt_ozdemir,
https://youtu.be/VcX5NVlzI7I,Cüneyt Özdemir,,,2,cuneyt_ozdemir,
https://youtu.be/15DZ-MvtXdo,Cüneyt Özdemir,,,2,cuneyt_ozdemir,
https://youtu.be/OczdD9A7QaM,Cüneyt Özdemir,,,2,cuneyt_ozdemir,
https://youtu.be/wTUaiC1Dt14,Cüneyt Özdemir,,,2,cuneyt_ozdemir,
https://youtu.be/0A4PmvYc9_0,Cüneyt Özdemir,,,2,cuneyt_ozdemir,
https://youtu.be/YP78vg7p_OU,Cüneyt Özdemir,,,2,cuneyt_ozdemir,
https://youtu.be/2nDNMXp8FVM,Cüneyt Özdemir,,,2,cuneyt_ozdemir,
https://youtu.be/dqnFHFAtG_8,Cüneyt Özdemir,,,2,cuneyt_ozdemir,
https://youtu.be/DZNKb5PwHBM,Cüneyt Özdemir,,,2,cuneyt_ozdemir,
https://youtu.be/-Pm3BHhJgro,Cüneyt Özdemir,,,2,cuneyt_ozdemir,
https://youtu.be/x5FGPq7tOrs,Cüneyt Özdemir,,,2,cuneyt_ozdemir,
https://youtu.be/V9EWwi4rkwM,Cüneyt Özdemir,,,2,cuneyt_ozdemir,
https://youtu.be/Vf5O7N9WPMA,Cüneyt Özdemir,,,2,cuneyt_ozdemir,
https://youtu.be/s1DkZ_JRM1A,Cüneyt Özdemir,,,2,cuneyt_ozdemir,
https://youtu.be/m_r6aacNpY8,Cüneyt Özdemir,,,2,cuneyt_ozdemir,
https://youtu.be/l6sIwUKCjw8,Cüneyt Özdemir,,,2,cuneyt_ozdemir,
https://youtu.be/uSQKhGrzsuQ,Cüneyt Özdemir,,,2,cuneyt_ozdemir,
https://youtu.be/NLjO47rV_Zo,Cüneyt Özdemir,,,2,cuneyt_ozdemir,
https://youtu.be/MpXHvhLTa7g,Cüneyt Özdemir,,,2,cuneyt_ozdemir,
https://youtu.be/7KRqpxVGUEM,Cüneyt Özdemir,,,2,cuneyt_ozdemir,
https://youtu.be/Bb2cgtnyQ5w,Cüneyt Özdemir,,,2,cuneyt_ozdemir,
https://youtu.be/vWXxYSWo5xU,Cüneyt Özdemir,,,2,cuneyt_ozdemir,
https://youtu.be/n2qlKoqBvZ8,Cüneyt Özdemir,,,2,cuneyt_ozdemir,
https://youtu.be/7y4QWb_ND-4,Cüneyt Özdemir,,,2,cuneyt_ozdemir,
https://youtu.be/zCwPyIA-W2Q,Cüneyt Özdemir,,,2,cuneyt_ozdemir,
https://youtu.be/cAJbjUGiXJA,Cüneyt Özdemir,,,2,cuneyt_ozdemir,
https://youtu.be/VY3vIADld2o,Cüneyt Özdemir,,,2,cuneyt_ozdemir,
https://youtu.be/irIWHdtRtXk,Cüneyt Özdemir,,,2,cuneyt_ozdemir,
https://youtu.be/S9psJIUwwm0,Cüneyt Özdemir,,,2,cuneyt_ozdemir,
https://youtu.be/P1BUfpv1V2c,Cüneyt Özdemir,,,2,cuneyt_ozdemir,
https://youtu.be/9YIcA-55HR4,Cüneyt Özdemir,,,2,cuneyt_ozdemir,
https://youtu.be/P_ESUxMaVoQ,Cüneyt Özdemir,,,2,cuneyt_ozdemir,
https://youtu.be/4NSWuYHP9s0,Cüneyt Özdemir,,,2,cuneyt_ozdemir,
https://youtu.be/qpunNkiILXE,Cüneyt Özdemir,,,2,cuneyt_ozdemir,
https://youtu.be/NCevhlTAVwY,Cüneyt Özdemir,,,2,cuneyt_ozdemir,
https://youtu.be/GPFt3KbtNfE,Cüneyt Özdemir,,,2,cuneyt_ozdemir,
https://youtu.be/75XF9dqs9iQ,Cüneyt Özdemir,,,2,cuneyt_ozdemir,
https://youtu.be/3bdYos4KI-E,Cüneyt Özdemir,,,2,cuneyt_ozdemir,
https://youtu.be/qoVd941PciU,Cüneyt Özdemir,,,2,cuneyt_ozdemir,
https://youtu.be/puBB9YQglmU,Cüneyt Özdemir,,,2,cuneyt_ozdemir,
https://youtu.be/_AEK_6P77j8,Cüneyt Özdemir,,,2,cuneyt_ozdemir,
https://youtu.be/CItkAVoudAg,Cüneyt Özdemir,,,2,cuneyt_ozdemir,
https://youtu.be/-Q5BVJOAwVQ,Cüneyt Özdemir,,,2,cuneyt_ozdemir,
https://youtu.be/ldwXNNdVPao,Cüneyt Özdemir,,,2,cuneyt_ozdemir,
https://youtu.be/1Ij63uOufQc,Cüneyt Özdemir,,,2,cuneyt_ozdemir,
https://youtu.be/FSj7WwFOVR8,Cüneyt Özdemir,,,2,cuneyt_ozdemir,
https://youtu.be/slrg6JuFODA,Cüneyt Özdemir,,,2,cuneyt_ozdemir,
https://youtu.be/-AAuj1Bpl_I,Cüneyt Özdemir,,,2,cuneyt_ozdemir,
https://youtu.be/3xSRjoX0xuI,Cüneyt Özdemir,,,2,cuneyt_ozdemir,
https://youtu.be/64itdObv1PM,Cüneyt Özdemir,,,2,cuneyt_ozdemir,
https://youtu.be/QSLMLCfoMCs,Cüneyt Özdemir,,,2,cuneyt_ozdemir,
https://youtu.be/TxHUKdwvjFQ,Cüneyt Özdemir,,,2,cuneyt_ozdemir,
https://youtu.be/MCmIVPwinIc,Cüneyt Özdemir,,,2,cuneyt_ozdemir,
https://youtu.be/IidQFaj4tOY,Cüneyt Özdemir,,,2,cuneyt_ozdemir,
https://youtu.be/2JEiGANEV48,Cüneyt Özdemir,,,2,cuneyt_ozdemir,
https://youtu.be/QRBFJvlj6b4,Cüneyt Özdemir,,,2,cuneyt_ozdemir,
https://youtu.be/id62JgsKQ0E,Cüneyt Özdemir,,,2,cuneyt_ozdemir,
https://youtu.be/1V8lbLy7IuI,Cüneyt Özdemir,,,2,cuneyt_ozdemir,
https://youtu.be/dCnLRNMsqVw,Cüneyt Özdemir,,,2,cuneyt_ozdemir,
https://youtu.be/QKh1hxcKd2k,Cüneyt Özdemir,,,2,cuneyt_ozdemir,
https://youtu.be/81xBs1TMyV0,Cüneyt Özdemir,,,2,cuneyt_ozdemir,
https://youtu.be/hl8TNFPrZlY,Cüneyt Özdemir,,,2,cuneyt_ozdemir,
https://youtu.be/x3JyQ6K-7oI,Cüneyt Özdemir,,,2,cuneyt_ozdemir,
https://youtu.be/e9ZrGcil_L8,Cüneyt Özdemir,,,2,cuneyt_ozdemir,
https://youtu.be/n7HDYHA-IoA,Cüneyt Özdemir,,,2,cuneyt_ozdemir,
https://youtu.be/YiV1znSOtrE,Cüneyt Özdemir,,,2,cuneyt_ozdemir,
https://youtu.be/JZRER3n7o8U,Cüneyt Özdemir,,,2,cuneyt_ozdemir,
https://youtu.be/iuB1FTAZB_U,Cüneyt Özdemir,,,2,cuneyt_ozdemir,
https://youtu.be/9TZKSqratPc,Cüneyt Özdemir,,,2,cuneyt_ozdemir,
https://youtu.be/Jbk5flx_trY,Cüneyt Özdemir,,,2,cuneyt_ozdemir,
https://youtu.be/8ytVtYIZ4mU,Cüneyt Özdemir,,,2,cuneyt_ozdemir,
https://youtu.be/YooGrQejIK0,Cüneyt Özdemir,,,2,cuneyt_ozdemir,
https://youtu.be/Nx1EX7tPSZc,Cüneyt Özdemir,,,2,cuneyt_ozdemir,
https://youtu.be/z0euzxI8wgY,Cüneyt Özdemir,,,2,cuneyt_ozdemir,
https://youtu.be/fDYSU-PM3-o,Cüneyt Özdemir,,,2,cuneyt_ozdemir,
https://youtu.be/Ne4Ak4tQ8wc,Cüneyt Özdemir,,,2,cuneyt_ozdemir,
https://youtu.be/kU-3lY5Ox5Y,Cüneyt Özdemir,,,2,cuneyt_ozdemir,
https://youtu.be/pxF5FyE5lRE,Cüneyt Özdemir,,,2,cuneyt_ozdemir,
https://youtu.be/uxYD1We2tOA,Cüneyt Özdemir,,,2,cuneyt_ozdemir,
https://youtu.be/YHIEzSEC-Pg,Cüneyt Özdemir,,,2,cuneyt_ozdemir,
https://youtu.be/bObKbLJLfmY,Cüneyt Özdemir,,,2,cuneyt_ozdemir,
https://youtu.be/1nlbTEg3QAs,Cüneyt Özdemir,,,2,cuneyt_ozdemir,
https://youtu.be/zUtF0yRPNII,Cüneyt Özdemir,,,2,cuneyt_ozdemir,
https://youtu.be/aCzon2yml3A,Cüneyt Özdemir,,,2,cuneyt_ozdemir,
https://youtu.be/KjHlNzbm17Q,Cüneyt Özdemir,,,2,cuneyt_ozdemir,
https://youtu.be/YHA5crq2f0Y,Cüneyt Özdemir,,,2,cuneyt_ozdemir,
https://youtu.be/kRYKUTtHwuw,Cüneyt Özdemir,,,2,cuneyt_ozdemir,
https://youtu.be/s_uxKOPmYfA,Cüneyt Özdemir,,,2,cuneyt_ozdemir,
https://youtu.be/crwXq-X9IXY,Cüneyt Özdemir,,,2,cuneyt_ozdemir,
https://youtu.be/mNxcSk2C_ns,Cüneyt Özdemir,,,2,cuneyt_ozdemir,
https://youtu.be/tjEXw2u12AA,Cüneyt Özdemir,,,2,cuneyt_ozdemir,
https://youtu.be/-WAIRD7hp9s,Cüneyt Özdemir,,,2,cuneyt_ozdemir,
https://youtu.be/9YFjwlutNIM,Cüneyt Özdemir,,,2,cuneyt_ozdemir,
https://youtu.be/rH1nLM-0ANc,Cüneyt Özdemir,,,2,cuneyt_ozdemir,
https://youtu.be/Hy495dofNb0,Cüneyt Özdemir,,,2,cuneyt_ozdemir,
https://youtu.be/PtyQaZHHGwY,Cüneyt Özdemir,,,2,cuneyt_ozdemir,
https://youtu.be/HE1he9uqIjk,Cüneyt Özdemir,,,2,cuneyt_ozdemir,
https://youtu.be/H2MHjRWhVNI,Cüneyt Özdemir,,,2,cuneyt_ozdemir,
https://youtu.be/NZmmYwssLs4,Cüneyt Özdemir,,,2,cuneyt_ozdemir,
https://youtu.be/_ws1tKmBSOg,Cüneyt Özdemir,,,2,cuneyt_ozdemir,
https://youtu.be/dvOiZxR2fHA,Cüneyt Özdemir,,,2,cuneyt_ozdemir,
https://youtu.be/eDmjplJwD7M,Cüneyt Özdemir,,,2,cuneyt_ozdemir,
https://youtu.be/cFSPIZEPTBo,Cüneyt Özdemir,,,2,cuneyt_ozdemir,
https://youtu.be/ss3xQ9_Vla0,Cüneyt Özdemir,,,2,cuneyt_ozdemir,
https://youtu.be/lEbADeTuP74,Cüneyt Özdemir,,,2,cuneyt_ozdemir,
https://youtu.be/y64cco_FGEM,Cüneyt Özdemir,,,2,cuneyt_ozdemir,
https://youtu.be/_5smaEcJIaI,Cüneyt Özdemir,,,2,cuneyt_ozdemir,
https://youtu.be/_yLTdCXP2PI,Cüneyt Özdemir,,,2,cuneyt_ozdemir,
https://youtu.be/G1shaD0G2RQ,Cüneyt Özdemir,,,2,cuneyt_ozdemir,
https://youtu.be/zQoHnpaNp-A,Cüneyt Özdemir,,,2,cuneyt_ozdemir,
https://youtu.be/cNzn_MnAJw0,Cüneyt Özdemir,,,2,cuneyt_ozdemir,
https://youtu.be/VNBM23GZjDE,Cüneyt Özdemir,,,2,cuneyt_ozdemir,
https://youtu.be/KeomcbuPfrY,Cüneyt Özdemir,,,2,cuneyt_ozdemir,
https://youtu.be/fWtWFCgcBDU,Cüneyt Özdemir,,,2,cuneyt_ozdemir,
https://youtu.be/-EPLONCHIl8,Cüneyt Özdemir,,,2,cuneyt_ozdemir,
https://youtu.be/ng0MtaRywj4,Cüneyt Özdemir,,,2,cuneyt_ozdemir,
https://youtu.be/sYRDDLmtRlo,Cüneyt Özdemir,,,2,cuneyt_ozdemir,
https://youtu.be/2qc7HhCRf3Y,Cüneyt Özdemir,,,2,cuneyt_ozdemir,
https://youtu.be/nP8UBJl4Cq0,Cüneyt Özdemir,,,2,cuneyt_ozdemir,
https://youtu.be/jXrpgMWvBo4,Cüneyt Özdemir,,,2,cuneyt_ozdemir,
https://youtu.be/CsKymilmUa8,Cüneyt Özdemir,,,2,cuneyt_ozdemir,
https://youtu.be/1cY7bkPVX0I,Cüneyt Özdemir,,,2,cuneyt_ozdemir,
https://youtu.be/mBCAIxBVnig,Cüneyt Özdemir,,,2,cuneyt_ozdemir,
https://youtu.be/VJxZCC8FxNA,Cüneyt Özdemir,,,2,cuneyt_ozdemir,
https://youtu.be/mDK_1SyabmQ,Cüneyt Özdemir,,,2,cuneyt_ozdemir,
https://youtu.be/DwmD1_TppnE,Cüneyt Özdemir,,,2,cuneyt_ozdemir,
https://youtu.be/EHIv-35_hag,Cüneyt Özdemir,,,2,cuneyt_ozdemir,
https://youtu.be/ejqMq-SKf_A,Cüneyt Özdemir,,,2,cuneyt_ozdemir,
https://youtu.be/ZrBeKl6QYMw,Cüneyt Özdemir,,,2,cuneyt_ozdemir,
https://youtu.be/an-o4tVceeA,Cüneyt Özdemir,,,2,cuneyt_ozdemir,
https://youtu.be/UZBxKDxKSzY,Cüneyt Özdemir,,,2,cuneyt_ozdemir,
https://youtu.be/7FE31TflZn0,Cüneyt Özdemir,,,2,cuneyt_ozdemir,
https://youtu.be/r33uOg7a9pU,Cüneyt Özdemir,,,2,cuneyt_ozdemir,
https://youtu.be/MkJ1zUJDzy8,Cüneyt Özdemir,,,2,cuneyt_ozdemir,
https://youtu.be/eWaRnNHSMqM,Cüneyt Özdemir,,,2,cuneyt_ozdemir,
https://youtu.be/NtFbcn9giqo,Cüneyt Özdemir,,,2,cuneyt_ozdemir,
https://youtu.be/0Gp6ZlTmKSw,Cüneyt Özdemir,,,2,cuneyt_ozdemir,
https://youtu.be/R7mSahebDNE,Cüneyt Özdemir,,,2,cuneyt_ozdemir,
https://youtu.be/qD3kXGcUcho,Cüneyt Özdemir,,,2,cuneyt_ozdemir,
https://youtu.be/xIeA6IGxZ_0,Cüneyt Özdemir,,,2,cuneyt_ozdemir,
https://youtu.be/FdeH4dI0Cj8,Cüneyt Özdemir,,,2,cuneyt_ozdemir,
https://youtu.be/uXZ8-nJcpYk,Cüneyt Özdemir,,,2,cuneyt_ozdemir,
https://youtu.be/RTLlfGilw24,Cüneyt Özdemir,,,2,cuneyt_ozdemir,
https://youtu.be/3ld_99h_d5Q,Cüneyt Özdemir,,,2,cuneyt_ozdemir,
https://youtu.be/8YMT-ZYX72U,Cüneyt Özdemir,,,2,cuneyt_ozdemir,
https://youtu.be/1qytKxCkGAM,Cüneyt Özdemir,,,2,cuneyt_ozdemir,
https://youtu.be/H8xbgdUayjk,Cüneyt Özdemir,,,2,cuneyt_ozdemir,
https://youtu.be/ewSbrL1o3Pg,Cüneyt Özdemir,,,2,cuneyt_ozdemir,
https://youtu.be/zKWbOZjXMb8,Cüneyt Özdemir,,,2,cuneyt_ozdemir,
https://youtu.be/PX9MyXew52g,Cüneyt Özdemir,,,2,cuneyt_ozdemir,
https://youtu.be/bAaPMhWITA0,Cüneyt Özdemir,,,2,cuneyt_ozdemir,
https://youtu.be/mTFVMHiV9Jg,Cüneyt Özdemir,,,2,cuneyt_ozdemir,
https://youtu.be/9iBFbOdvcbI,Cüneyt Özdemir,,,2,cuneyt_ozdemir,
https://youtu.be/-HbolGp-5Ho,Cüneyt Özdemir,,,2,cuneyt_ozdemir,
https://youtu.be/ByuaER7lECI,Cüneyt Özdemir,,,2,cuneyt_ozdemir,
https://youtu.be/mTByXmf5qxo,Cüneyt Özdemir,,,2,cuneyt_ozdemir,
https://youtu.be/cGflDBKhxB4,Cüneyt Özdemir,,,2,cuneyt_ozdemir,
https://youtu.be/WrOit0fnw_A,Cüneyt Özdemir,,,2,cuneyt_ozdemir,
https://youtu.be/XcDr6QdQDgE,Cüneyt Özdemir,,,2,cuneyt_ozdemir,
https://youtu.be/JE3WeX0JSSY,Cüneyt Özdemir,,,2,cuneyt_ozdemir,
https://youtu.be/-W8mbzWmSKY,Cüneyt Özdemir,,,2,cuneyt_ozdemir,
https://youtu.be/XwjR-Fv9bwU,Cüneyt Özdemir,,,2,cuneyt_ozdemir,
https://youtu.be/J76YNRlpz6k,Cüneyt Özdemir,,,2,cuneyt_ozdemir,
https://youtu.be/gOgT_EISgRE,Cüneyt Özdemir,,,2,cuneyt_ozdemir,
https://youtu.be/NxQK-yf-6N8,Cüneyt Özdemir,,,2,cuneyt_ozdemir,
https://youtu.be/NutTa0Q9y08,Cüneyt Özdemir,,,2,cuneyt_ozdemir,
https://youtu.be/Qn3fqC_U5mI,Cüneyt Özdemir,,,2,cuneyt_ozdemir,
https://youtu.be/b_wbQb_5ePc,Cüneyt Özdemir,,,2,cuneyt_ozdemir,
https://youtu.be/-EXk_DMflFg,Cüneyt Özdemir,,,2,cuneyt_ozdemir,
https://youtu.be/Ih1fakfOk7w,Cüneyt Özdemir,,,2,cuneyt_ozdemir,
https://youtu.be/SugxeYc3gFU,Cüneyt Özdemir,,,2,cuneyt_ozdemir,
https://youtu.be/TjbYg8EqFvs,Cüneyt Özdemir,,,2,cuneyt_ozdemir,
https://youtu.be/6RmljS_U6-A,Cüneyt Özdemir,,,2,cuneyt_ozdemir,
https://youtu.be/3krj6382Fh0,Cüneyt Özdemir,,,2,cuneyt_ozdemir,
https://youtu.be/tXRMJJ2uJ8o,Cüneyt Özdemir,,,2,cuneyt_ozdemir,
https://youtu.be/ykAbnWBTEfw,Cüneyt Özdemir,,,2,cuneyt_ozdemir,
https://youtu.be/hsBrFsN1THA,Cüneyt Özdemir,,,2,cuneyt_ozdemir,
https://youtu.be/fWFe1Sx_SHs,Cüneyt Özdemir,,,2,cuneyt_ozdemir,
https://youtu.be/o3IGSz9dZd8,Cüneyt Özdemir,,,2,cuneyt_ozdemir,
https://youtu.be/_HKTiRdudJw,Cüneyt Özdemir,,,2,cuneyt_ozdemir,
https://youtu.be/9Y0kk9cwjxE,Cüneyt Özdemir,,,2,cuneyt_ozdemir,
https://youtu.be/NAaO7LfzOdo,Cüneyt Özdemir,,,2,cuneyt_ozdemir,
https://youtu.be/z0T3K1DDd9M,Cüneyt Özdemir,,,2,cuneyt_ozdemir,
https://youtu.be/eH9moNph9m0,Cüneyt Özdemir,,,2,cuneyt_ozdemir,
https://youtu.be/T16B17zaQwM,Cüneyt Özdemir,,,2,cuneyt_ozdemir,
https://youtu.be/oUdeoMdH6eE,Cüneyt Özdemir,,,2,cuneyt_ozdemir,
https://youtu.be/MaAhWOTgZ8E,Cüneyt Özdemir,,,2,cuneyt_ozdemir,
https://youtu.be/D2xa3H9LXOo,Cüneyt Özdemir,,,2,cuneyt_ozdemir,
https://youtu.be/L0PYVJrBhdE,Cüneyt Özdemir,,,2,cuneyt_ozdemir,
https://youtu.be/79ActQ0cNbQ,Cüneyt Özdemir,,,2,cuneyt_ozdemir,
https://youtu.be/e5Gv3CVyR0o,Cüneyt Özdemir,,,2,cuneyt_ozdemir,
https://youtu.be/lBvzXEK_Uxs,Cüneyt Özdemir,,,2,cuneyt_ozdemir,
https://youtu.be/bdDwkyLEjW0,Cüneyt Özdemir,,,2,cuneyt_ozdemir,
https://youtu.be/EIzlJ3zYIAM,Cüneyt Özdemir,,,2,cuneyt_ozdemir,
https://youtu.be/yIMEPScNEvQ,Cüneyt Özdemir,,,2,cuneyt_ozdemir,
https://youtu.be/Qc7fm2CHUj8,Cüneyt Özdemir,,,2,cuneyt_ozdemir,
https://youtu.be/8-vkL_7acpw,Cüneyt Özdemir,,,2,cuneyt_ozdemir,
https://youtu.be/v_8K0APzQwI,Cüneyt Özdemir,,,2,cuneyt_ozdemir,
https://youtu.be/4qos6bILMqI,Cüneyt Özdemir,,,2,cuneyt_ozdemir,
https://youtu.be/kxiilJsgSu8,Cüneyt Özdemir,,,2,cuneyt_ozdemir,
https://youtu.be/Aw7vMQIZjUY,Cüneyt Özdemir,,,2,cuneyt_ozdemir,
https://youtu.be/74YSqBJsub0,Cüneyt Özdemir,,,2,cuneyt_ozdemir,
https://youtu.be/iRs31pUBpuM,Cüneyt Özdemir,,,2,cuneyt_ozdemir,
https://youtu.be/YPwU-H02Fg4,Cüneyt Özdemir,,,2,cuneyt_ozdemir,
https://youtu.be/P1yAei-nrCM,Cüneyt Özdemir,,,2,cuneyt_ozdemir,
https://youtu.be/ngjBeskF-yc,Cüneyt Özdemir,,,2,cuneyt_ozdemir,
https://youtu.be/1s6sw40EOYM,Cüneyt Özdemir,,,2,cuneyt_ozdemir,
https://youtu.be/hg9ECgagWOI,Cüneyt Özdemir,,,2,cuneyt_ozdemir,
https://youtu.be/uwjOZ4CxW3E,Cüneyt Özdemir,,,2,cuneyt_ozdemir,
https://youtu.be/D21DWnKCB_o,Cüneyt Özdemir,,,2,cuneyt_ozdemir,
https://youtu.be/rkd1o8YhBqM,Cüneyt Özdemir,,,2,cuneyt_ozdemir,
https://youtu.be/NdIpCZnvB5Q,Cüneyt Özdemir,,,2,cuneyt_ozdemir,
https://youtu.be/DtowISthxYk,Cüneyt Özdemir,,,2,cuneyt_ozdemir,
https://youtu.be/IhAGYEMWmYo,Cüneyt Özdemir,,,2,cuneyt_ozdemir,
https://youtu.be/Irf_Q0Rba6I,Cüneyt Özdemir,,,2,cuneyt_ozdemir,
https://youtu.be/XXvL8AZ6M84,Cüneyt Özdemir,,,2,cuneyt_ozdemir,
https://youtu.be/2kXZx24DBgY,Cüneyt Özdemir,,,2,cuneyt_ozdemir,
https://youtu.be/TBRSWnszEf8,Cüneyt Özdemir,,,2,cuneyt_ozdemir,
https://youtu.be/tyu0_efy9Zw,Cüneyt Özdemir,,,2,cuneyt_ozdemir,
https://youtu.be/ry2UsZjA48k,Cüneyt Özdemir,,,2,cuneyt_ozdemir,
https://youtu.be/IRqh6XYxY-o,Cüneyt Özdemir,,,2,cuneyt_ozdemir,
https://youtu.be/CnU3o0LFMNQ,Cüneyt Özdemir,,,2,cuneyt_ozdemir,
https://youtu.be/GwF6ezmGlPg,Cüneyt Özdemir,,,2,cuneyt_ozdemir,
https://youtu.be/KJkRmWPGVRs,Cüneyt Özdemir,,,2,cuneyt_ozdemir,
https://youtu.be/VBdKLj9IbTw,Cüneyt Özdemir,,,2,cuneyt_ozdemir,
https://youtu.be/kqFRPdWQ8Jw,Cüneyt Özdemir,,,2,cuneyt_ozdemir,
https://youtu.be/-DxJO8wgfQU,Cüneyt Özdemir,,,2,cuneyt_ozdemir,
https://youtu.be/rxxIEOVmAnI,Cüneyt Özdemir,,,2,cuneyt_ozdemir,
https://youtu.be/rRuE8vRybvg,Cüneyt Özdemir,,,2,cuneyt_ozdemir,
https://youtu.be/1IS2j_BMT3E,Cüneyt Özdemir,,,2,cuneyt_ozdemir,
https://youtu.be/_ea3zAp1Bf0,Cüneyt Özdemir,,,2,cuneyt_ozdemir,
https://youtu.be/biSSGM1eqeg,Cüneyt Özdemir,,,2,cuneyt_ozdemir,
https://youtu.be/wEOHTQs5S6A,Cüneyt Özdemir,,,2,cuneyt_ozdemir,
https://youtu.be/y65DuGvCI_s,Cüneyt Özdemir,,,2,cuneyt_ozdemir,
https://youtu.be/rIuM0GZx5kU,Cüneyt Özdemir,,,2,cuneyt_ozdemir,
https://youtu.be/h-Psh1O_hgc,Cüneyt Özdemir,,,2,cuneyt_ozdemir,
https://youtu.be/cXwiaI8RHXQ,Cüneyt Özdemir,,,2,cuneyt_ozdemir,
https://youtu.be/IsIbcwdPpUc,Cüneyt Özdemir,,,2,cuneyt_ozdemir,
https://youtu.be/GonNztQ-mdY,Cüneyt Özdemir,,,2,cuneyt_ozdemir,
https://youtu.be/RetO6iAmeHo,Cüneyt Özdemir,,,2,cuneyt_ozdemir,
https://youtu.be/ysnPpZ39n64,Cüneyt Özdemir,,,2,cuneyt_ozdemir,
https://youtu.be/dMfGFkPB2wo,Cüneyt Özdemir,,,2,cuneyt_ozdemir,
https://youtu.be/xbT1NUNFQwE,Cüneyt Özdemir,,,2,cuneyt_ozdemir,
https://youtu.be/Al6nsf3RCp4,Cüneyt Özdemir,,,2,cuneyt_ozdemir,
https://youtu.be/COUoYzVqo4s,Cüneyt Özdemir,,,2,cuneyt_ozdemir,
https://youtu.be/nzGM8U6k20M,Cüneyt Özdemir,,,2,cuneyt_ozdemir,
https://youtu.be/rD4OEF5DyRo,Cüneyt Özdemir,,,2,cuneyt_ozdemir,
https://youtu.be/v_VPu1dJ1c0,Cüneyt Özdemir,,,2,cuneyt_ozdemir,
https://youtu.be/USsumQKWuYQ,Cüneyt Özdemir,,,2,cuneyt_ozdemir,
https://youtu.be/R7l-hmXUgSI,Cüneyt Özdemir,,,2,cuneyt_ozdemir,
https://youtu.be/XJ5JT-YSzUM,Cüneyt Özdemir,,,2,cuneyt_ozdemir,
https://youtu.be/hdyWlt0i1kU,Cüneyt Özdemir,,,2,cuneyt_ozdemir,
https://youtu.be/xc-UKctqxQw,Cüneyt Özdemir,,,2,cuneyt_ozdemir,
https://youtu.be/JG4T5dtRtUM,Cüneyt Özdemir,,,2,cuneyt_ozdemir,
https://youtu.be/uBIcNhkJFIE,Cüneyt Özdemir,,,2,cuneyt_ozdemir,
https://youtu.be/Vwg1ssH9ixs,Cüneyt Özdemir,,,2,cuneyt_ozdemir,
https://youtu.be/j7f5ftsrbRE,Cüneyt Özdemir,,,2,cuneyt_ozdemir,
https://youtu.be/p1H_vLXtrvo,Cüneyt Özdemir,,,2,cuneyt_ozdemir,
https://youtu.be/syLNcWZJIIk,Cüneyt Özdemir,,,2,cuneyt_ozdemir,
https://youtu.be/9aHAzS4lo7Y,Cüneyt Özdemir,,,2,cuneyt_ozdemir,
https://youtu.be/LCR07w4fu-s,Cüneyt Özdemir,,,2,cuneyt_ozdemir,
https://youtu.be/iDWtiopbdi4,Cüneyt Özdemir,,,2,cuneyt_ozdemir,
https://youtu.be/hJvgDvy5PWs,Cüneyt Özdemir,,,2,cuneyt_ozdemir,
https://youtu.be/5hqfEWyEqug,Cüneyt Özdemir,,,2,cuneyt_ozdemir,
https://youtu.be/k8a1g1sZNWE,Cüneyt Özdemir,,,2,cuneyt_ozdemir,
https://youtu.be/MRMwQnpZvfw,Cüneyt Özdemir,,,2,cuneyt_ozdemir,
https://youtu.be/48eO7JlXQpA,Cüneyt Özdemir,,,2,cuneyt_ozdemir,
https://youtu.be/LqEJp2vmv4E,Cüneyt Özdemir,,,2,cuneyt_ozdemir,
https://youtu.be/HtIX92A5GYc,Cüneyt Özdemir,,,2,cuneyt_ozdemir,
https://youtu.be/Akq1jo8VTvg,Cüneyt Özdemir,,,2,cuneyt_ozdemir,
https://youtu.be/o8Qd25lx7hg,Cüneyt Özdemir,,,2,cuneyt_ozdemir,
https://youtu.be/m2hPd52p2kQ,Cüneyt Özdemir,,,2,cuneyt_ozdemir,
https://youtu.be/CnXQJrNR2HI,Cüneyt Özdemir,,,2,cuneyt_ozdemir,
https://youtu.be/UB5fupWU3Hs,Cüneyt Özdemir,,,2,cuneyt_ozdemir,
https://youtu.be/cc3OpfxSS-E,Cüneyt Özdemir,,,2,cuneyt_ozdemir,
https://youtu.be/8iiBuipTX20,Cüneyt Özdemir,,,2,cuneyt_ozdemir,
https://youtu.be/wVa7_dRdQQ4,Cüneyt Özdemir,,,2,cuneyt_ozdemir,
https://youtu.be/1P_eNxejp_8,Cüneyt Özdemir,,,2,cuneyt_ozdemir,
https://youtu.be/k8Zw65IFSjE,Cüneyt Özdemir,,,2,cuneyt_ozdemir,
https://youtu.be/8Hu0Ro8tqBU,Cüneyt Özdemir,,,2,cuneyt_ozdemir,
https://youtu.be/NePhM6GFFQ0,Cüneyt Özdemir,,,2,cuneyt_ozdemir,
https://youtu.be/MCP4XGisiow,Cüneyt Özdemir,,,2,cuneyt_ozdemir,
https://youtu.be/E5alMcwsJ64,Cüneyt Özdemir,,,2,cuneyt_ozdemir,
https://youtu.be/gGuIC6UGRKw,Cüneyt Özdemir,,,2,cuneyt_ozdemir,
https://youtu.be/HqeUJQpOc0Y,Cüneyt Özdemir,,,2,cuneyt_ozdemir,
https://youtu.be/RCCLsXgPeGs,Cüneyt Özdemir,,,2,cuneyt_ozdemir,
https://youtu.be/8uWGf_wR4M4,Cüneyt Özdemir,,,2,cuneyt_ozdemir,
https://youtu.be/A0ckCD-QPUg,Cüneyt Özdemir,,,2,cuneyt_ozdemir,
https://youtu.be/PC4dtDhrfdQ,Cüneyt Özdemir,,,2,cuneyt_ozdemir,
https://youtu.be/6PW0okXlECQ,Cüneyt Özdemir,,,2,cuneyt_ozdemir,
https://youtu.be/d0TCpLO-Fqw,Cüneyt Özdemir,,,2,cuneyt_ozdemir,
https://youtu.be/Q7I6iUKz3dk,Cüneyt Özdemir,,,2,cuneyt_ozdemir,
https://youtu.be/Dk4tPDQaE1Y,Cüneyt Özdemir,,,2,cuneyt_ozdemir,
https://youtu.be/uBNUHnVvU7M,Cüneyt Özdemir,,,2,cuneyt_ozdemir,
https://youtu.be/VIUYQ0xKCyU,Cüneyt Özdemir,,,2,cuneyt_ozdemir,
https://youtu.be/odmukRwuBZo,Cüneyt Özdemir,,,2,cuneyt_ozdemir,
https://youtu.be/FLjk17Ts7sw,Cüneyt Özdemir,,,2,cuneyt_ozdemir,
https://youtu.be/_IfuxBFGnKc,Cüneyt Özdemir,,,2,cuneyt_ozdemir,
https://youtu.be/P8dt3qJBNmQ,Cüneyt Özdemir,,,2,cuneyt_ozdemir,
https://youtu.be/J5B7E9mBDTE,Cüneyt Özdemir,,,2,cuneyt_ozdemir,
https://youtu.be/IxrQGB6xxwQ,Cüneyt Özdemir,,,2,cuneyt_ozdemir,
https://youtu.be/J_4dhZIGaSk,Cüneyt Özdemir,,,2,cuneyt_ozdemir,
https://youtu.be/zgV2MKnvnas,Cüneyt Özdemir,,,2,cuneyt_ozdemir,
https://youtu.be/r7K2Qvk5h-I,Cüneyt Özdemir,,,2,cuneyt_ozdemir,
https://youtu.be/U_ycXbTnLy0,Cüneyt Özdemir,,,2,cuneyt_ozdemir,
https://youtu.be/Fc-mYsGZ0Ps,Cüneyt Özdemir,,,2,cuneyt_ozdemir,
https://youtu.be/eEha51wDGOU,Cüneyt Özdemir,,,2,cuneyt_ozdemir,
https://youtu.be/CBC8q9mUkGY,Cüneyt Özdemir,,,2,cuneyt_ozdemir,
https://youtu.be/uMhjROnPlQ8,Cüneyt Özdemir,,,2,cuneyt_ozdemir,
https://youtu.be/ohYG5etgSts,Cüneyt Özdemir,,,2,cuneyt_ozdemir,
https://youtu.be/ZMWJNw0nLUQ,Cüneyt Özdemir,,,2,cuneyt_ozdemir,
https://youtu.be/5HIDS3Qsc1A,Cüneyt Özdemir,,,2,cuneyt_ozdemir,
https://youtu.be/dPFTkoZN4jM,Cüneyt Özdemir,,,2,cuneyt_ozdemir,
https://youtu.be/_mZGxmaQ7O4,Cüneyt Özdemir,,,2,cuneyt_ozdemir,
https://youtu.be/Bmnl65WmCaw,Cüneyt Özdemir,,,2,cuneyt_ozdemir,
https://youtu.be/QnX27KqPoAU,Cüneyt Özdemir,,,2,cuneyt_ozdemir,
https://youtu.be/6EKo6iqjXUQ,Cüneyt Özdemir,,,2,cuneyt_ozdemir,
https://youtu.be/a8TLs5tt96I,Cüneyt Özdemir,,,2,cuneyt_ozdemir,
https://youtu.be/kM2ojSz10EY,Cüneyt Özdemir,,,2,cuneyt_ozdemir,
https://youtu.be/2W8O7ayiDsE,Cüneyt Özdemir,,,2,cuneyt_ozdemir,
https://youtu.be/es-kJvOQ1G8,Cüneyt Özdemir,,,2,cuneyt_ozdemir,
https://youtu.be/gHolMe6h9Bs,Cüneyt Özdemir,,,2,cuneyt_ozdemir,
https://youtu.be/du6hsYdeYDc,Cüneyt Özdemir,,,2,cuneyt_ozdemir,
https://youtu.be/EIDuvetb7w8,Cüneyt Özdemir,,,2,cuneyt_ozdemir,
https://youtu.be/2mk_dy4b7jM,Cüneyt Özdemir,,,2,cuneyt_ozdemir,
https://youtu.be/mXakD3T9JXM,Cüneyt Özdemir,,,2,cuneyt_ozdemir,
https://youtu.be/ntvKXy1aN70,Cüneyt Özdemir,,,2,cuneyt_ozdemir,
https://youtu.be/eCiE7xXY73M,Cüneyt Özdemir,,,2,cuneyt_ozdemir,
https://youtu.be/Etp6F00odYg,Cüneyt Özdemir,,,2,cuneyt_ozdemir,
https://youtu.be/meA8RPCA9qI,Cüneyt Özdemir,,,2,cuneyt_ozdemir,
https://youtu.be/cZUPGTf8fvY,Cüneyt Özdemir,,,2,cuneyt_ozdemir,
https://youtu.be/l0Xh5gslZQs,Cüneyt Özdemir,,,2,cuneyt_ozdemir,
https://youtu.be/JZA2ahIQbfg,Cüneyt Özdemir,,,2,cuneyt_ozdemir,
https://youtu.be/ZtgiFjrxSgI,Cüneyt Özdemir,,,2,cuneyt_ozdemir,
https://youtu.be/tFuMtKqF0NU,Cüneyt Özdemir,,,2,cuneyt_ozdemir,
https://youtu.be/g8O7CPHiheM,Cüneyt Özdemir,,,2,cuneyt_ozdemir,
https://youtu.be/TY1np1iGMoA,Cüneyt Özdemir,,,2,cuneyt_ozdemir,
https://youtu.be/QbniCBCwa_A,Cüneyt Özdemir,,,2,cuneyt_ozdemir,
https://youtu.be/bQ1y9jmIvGQ,Cüneyt Özdemir,,,2,cuneyt_ozdemir,
https://youtu.be/_fyjuW8ihn4,Cüneyt Özdemir,,,2,cuneyt_ozdemir,
https://youtu.be/o3FmEugcCOU,Cüneyt Özdemir,,,2,cuneyt_ozdemir,
https://youtu.be/tlWqDmPSkAQ,Cüneyt Özdemir,,,2,cuneyt_ozdemir,
https://youtu.be/rNfhOd70t2o,Cüneyt Özdemir,,,2,cuneyt_ozdemir,
https://youtu.be/Ikvyo2Kebb8,Cüneyt Özdemir,,,2,cuneyt_ozdemir,
https://youtu.be/q2No_-PoQsw,Cüneyt Özdemir,,,2,cuneyt_ozdemir,
https://youtu.be/ecgvgkeZXdY,Cüneyt Özdemir,,,2,cuneyt_ozdemir,
https://youtu.be/-pJCsFeZJgE,Cüneyt Özdemir,,,2,cuneyt_ozdemir,
https://youtu.be/kzdmnVZDAgw,Cüneyt Özdemir,,,2,cuneyt_ozdemir,
https://youtu.be/dcbOys9vJh4,Cüneyt Özdemir,,,2,cuneyt_ozdemir,
https://youtu.be/-xRDvdenJ00,Cüneyt Özdemir,,,2,cuneyt_ozdemir,
https://youtu.be/Hbe6TRyoO7s,Cüneyt Özdemir,,,2,cuneyt_ozdemir,
https://youtu.be/l9H6iiGUgAc,Cüneyt Özdemir,,,2,cuneyt_ozdemir,
https://youtu.be/VK-rDpSG3pU,Cüneyt Özdemir,,,2,cuneyt_ozdemir,
https://youtu.be/AMr3xk9JEfc,Cüneyt Özdemir,,,2,cuneyt_ozdemir,
https://youtu.be/Pzyl_rS3JCk,Cüneyt Özdemir,,,2,cuneyt_ozdemir,
https://youtu.be/8e2Rs1m96OQ,Cüneyt Özdemir,,,2,cuneyt_ozdemir,
https://youtu.be/emspGKP77Sg,Cüneyt Özdemir,,,2,cuneyt_ozdemir,
https://youtu.be/JzOT7c_a6-4,Cüneyt Özdemir,,,2,cuneyt_ozdemir,
https://youtu.be/0-gp4zEg-S4,Cüneyt Özdemir,,,2,cuneyt_ozdemir,
https://youtu.be/TfUuJLob1zo,Cüneyt Özdemir,,,2,cuneyt_ozdemir,
https://youtu.be/8SypPwzy8H8,Cüneyt Özdemir,,,2,cuneyt_ozdemir,
https://youtu.be/I9lRmYXu5c8,Cüneyt Özdemir,,,2,cuneyt_ozdemir,
https://youtu.be/tOB2_VH3A9s,Cüneyt Özdemir,,,2,cuneyt_ozdemir,
https://youtu.be/3LsKaFqYxF4,Cüneyt Özdemir,,,2,cuneyt_ozdemir,
https://youtu.be/w3Um9dSnhso,Cüneyt Özdemir,,,2,cuneyt_ozdemir,
https://youtu.be/a-O3KowKWPM,Cüneyt Özdemir,,,2,cuneyt_ozdemir,
https://youtu.be/eA1TRjlTy00,Cüneyt Özdemir,,,2,cuneyt_ozdemir,
https://youtu.be/6osypf8OcQE,Cüneyt Özdemir,,,2,cuneyt_ozdemir,
https://youtu.be/cVmpSVCVDEs,Cüneyt Özdemir,,,2,cuneyt_ozdemir,
https://youtu.be/ePchb6BjHD4,Cüneyt Özdemir,,,2,cuneyt_ozdemir,
https://youtu.be/NU6eGJKiOa0,Cüneyt Özdemir,,,2,cuneyt_ozdemir,
https://youtu.be/m-muElqBIkQ,Cüneyt Özdemir,,,2,cuneyt_ozdemir,
https://youtu.be/AU-Q9BStHCs,Cüneyt Özdemir,,,2,cuneyt_ozdemir,
https://youtu.be/nsMwMhOxl0g,Cüneyt Özdemir,,,2,cuneyt_ozdemir,
https://youtu.be/pTs7qLVFlyk,Cüneyt Özdemir,,,2,cuneyt_ozdemir,
https://youtu.be/zYmCWqtDb1Q,Cüneyt Özdemir,,,2,cuneyt_ozdemir,
https://youtu.be/RfyQLfgo1Rw,Cüneyt Özdemir,,,2,cuneyt_ozdemir,
https://youtu.be/pRedrncoT5I,Cüneyt Özdemir,,,2,cuneyt_ozdemir,
https://youtu.be/g75XD-6Cwic,Cüneyt Özdemir,,,2,cuneyt_ozdemir,
https://youtu.be/KraIe7w-v4c,Cüneyt Özdemir,,,2,cuneyt_ozdemir,
https://youtu.be/iaeyL5OujHM,Cüneyt Özdemir,,,2,cuneyt_ozdemir,
https://youtu.be/EMOe-NUMYIc,Cüneyt Özdemir,,,2,cuneyt_ozdemir,
https://youtu.be/KpX2HNgmPs0,Cüneyt Özdemir,,,2,cuneyt_ozdemir,
https://youtu.be/g606qxM8uYg,Cüneyt Özdemir,,,2,cuneyt_ozdemir,
https://youtu.be/UDkwUyVpN7o,Cüneyt Özdemir,,,2,cuneyt_ozdemir,
https://youtu.be/kLrIFhKMsB4,Cüneyt Özdemir,,,2,cuneyt_ozdemir,
https://youtu.be/4ApfLNmibcQ,Cüneyt Özdemir,,,2,cuneyt_ozdemir,
https://youtu.be/4YLFhCVQ1D0,Cüneyt Özdemir,,,2,cuneyt_ozdemir,
https://youtu.be/NgM_jKkvtlA,Cüneyt Özdemir,,,2,cuneyt_ozdemir,
https://youtu.be/VCFPXPkUyps,Cüneyt Özdemir,,,2,cuneyt_ozdemir,
https://youtu.be/N_AbsTCZfJY,Cüneyt Özdemir,,,2,cuneyt_ozdemir,
https://youtu.be/37mkop5d1aU,Cüneyt Özdemir,,,2,cuneyt_ozdemir,
https://youtu.be/RGQLSKw4OwU,Cüneyt Özdemir,,,2,cuneyt_ozdemir,
https://youtu.be/6FWegAtuu60,Cüneyt Özdemir,,,2,cuneyt_ozdemir,
https://youtu.be/xXF0WNgR5So,Cüneyt Özdemir,,,2,cuneyt_ozdemir,
https://youtu.be/mp9QAcsU4jM,Cüneyt Özdemir,,,2,cuneyt_ozdemir,
https://youtu.be/jW7nIQexc14,Cüneyt Özdemir,,,2,cuneyt_ozdemir,
https://youtu.be/67WlnWhEhGE,Cüneyt Özdemir,,,2,cuneyt_ozdemir,
https://youtu.be/hdRsy2dOO08,Cüneyt Özdemir,,,2,cuneyt_ozdemir,
https://youtu.be/6WvwVTfNHw8,Cüneyt Özdemir,,,2,cuneyt_ozdemir,
https://youtu.be/hRS7_qYl-yU,Cüneyt Özdemir,,,2,cuneyt_ozdemir,
https://youtu.be/FOTw_sCC1SU,Cüneyt Özdemir,,,2,cuneyt_ozdemir,
https://youtu.be/k26tnEmpZJw,Cüneyt Özdemir,,,2,cuneyt_ozdemir,
https://youtu.be/HN1XM30TVIw,Cüneyt Özdemir,,,2,cuneyt_ozdemir,
https://youtu.be/Ebrf_tL6P6o,Cüneyt Özdemir,,,2,cuneyt_ozdemir,
https://youtu.be/Ew2dOIMtBcE,Cüneyt Özdemir,,,2,cuneyt_ozdemir,
https://youtu.be/2aVZIVM4Chg,Cüneyt Özdemir,,,2,cuneyt_ozdemir,
https://youtu.be/vRX4JZAQzVI,Cüneyt Özdemir,,,2,cuneyt_ozdemir,
https://youtu.be/FWkNN_opfQA,Cüneyt Özdemir,,,2,cuneyt_ozdemir,
https://youtu.be/f0dUjb1aNaw,Cüneyt Özdemir,,,2,cuneyt_ozdemir,
https://youtu.be/fZG09dDuxqo,Cüneyt Özdemir,,,2,cuneyt_ozdemir,
https://youtu.be/_0PWQjCu2_E,Cüneyt Özdemir,,,2,cuneyt_ozdemir,
https://youtu.be/jqWQBkxMUCw,Cüneyt Özdemir,,,2,cuneyt_ozdemir,
https://youtu.be/GDwkFWJioZ0,Cüneyt Özdemir,,,2,cuneyt_ozdemir,
https://youtu.be/ZZtr1HJOF64,Cüneyt Özdemir,,,2,cuneyt_ozdemir,
https://youtu.be/V6_ba3ubiw8,Cüneyt Özdemir,,,2,cuneyt_ozdemir,
https://youtu.be/BDtPgkuYdtI,Cüneyt Özdemir,,,2,cuneyt_ozdemir,
https://youtu.be/KwuciOdMvQI,Cüneyt Özdemir,,,2,cuneyt_ozdemir,
https://youtu.be/jHgDZ2W6FmA,Cüneyt Özdemir,,,2,cuneyt_ozdemir,
https://youtu.be/6C74VRNlPSU,Cüneyt Özdemir,,,2,cuneyt_ozdemir,
https://youtu.be/aOiMpWuYQ1Y,Cüneyt Özdemir,,,2,cuneyt_ozdemir,
https://youtu.be/1F9yMrwopH8,Cüneyt Özdemir,,,2,cuneyt_ozdemir,
https://youtu.be/3fM2zOb2Vkg,Cüneyt Özdemir,,,2,cuneyt_ozdemir,
https://youtu.be/ejV9GsO4lj8,Cüneyt Özdemir,,,2,cuneyt_ozdemir,
https://youtu.be/xvtBhaaHoHE,Cüneyt Özdemir,,,2,cuneyt_ozdemir,
https://youtu.be/ChdUpIW3YRo,Cüneyt Özdemir,,,2,cuneyt_ozdemir,
https://youtu.be/SK9_94C6cJU,Cüneyt Özdemir,,,2,cuneyt_ozdemir,
https://youtu.be/8GvMNHqdo10,Cüneyt Özdemir,,,2,cuneyt_ozdemir,
https://youtu.be/xx595yeapAU,Cüneyt Özdemir,,,2,cuneyt_ozdemir,
https://youtu.be/LKFgJKtKtms,Cüneyt Özdemir,,,2,cuneyt_ozdemir,
https://youtu.be/_rsdm7p_kPw,Cüneyt Özdemir,,,2,cuneyt_ozdemir,
https://youtu.be/ACdk3BzDHho,Cüneyt Özdemir,,,2,cuneyt_ozdemir,
https://youtu.be/NXEdukoa57Q,Cüneyt Özdemir,,,2,cuneyt_ozdemir,
https://youtu.be/eeQecooCvys,Cüneyt Özdemir,,,2,cuneyt_ozdemir,
https://youtu.be/BsY2ImyMpwQ,Cüneyt Özdemir,,,2,cuneyt_ozdemir,
https://youtu.be/e7Fg1eJ9k5g,Cüneyt Özdemir,,,2,cuneyt_ozdemir,
https://youtu.be/IDEqPvi89_I,Cüneyt Özdemir,,,2,cuneyt_ozdemir,
https://youtu.be/dmhvlMbEKoc,Cüneyt Özdemir,,,2,cuneyt_ozdemir,
https://youtu.be/43Kl8WcKjGQ,Cüneyt Özdemir,,,2,cuneyt_ozdemir,
https://youtu.be/9dAzSuZLdbU,Cüneyt Özdemir,,,2,cuneyt_ozdemir,
https://youtu.be/0OTiprUK9E0,Cüneyt Özdemir,,,2,cuneyt_ozdemir,
https://youtu.be/-jyO7kIy9k0,Cüneyt Özdemir,,,2,cuneyt_ozdemir,
https://youtu.be/lvoV-C8sO34,Cüneyt Özdemir,,,2,cuneyt_ozdemir,
https://youtu.be/g7WqYmaWQbs,Cüneyt Özdemir,,,2,cuneyt_ozdemir,
https://youtu.be/wqN0SNYoK3s,Cüneyt Özdemir,,,2,cuneyt_ozdemir,
https://youtu.be/5u3CPEgWz5s,Cüneyt Özdemir,,,2,cuneyt_ozdemir,
https://youtu.be/B3KCAu9it2A,Cüneyt Özdemir,,,2,cuneyt_ozdemir,
https://youtu.be/kEQiw3Swomw,Cüneyt Özdemir,,,2,cuneyt_ozdemir,
https://youtu.be/6Yg78goF9VQ,Cüneyt Özdemir,,,2,cuneyt_ozdemir,
https://youtu.be/2YU81DXsTiE,Cüneyt Özdemir,,,2,cuneyt_ozdemir,
https://youtu.be/jqg4NjmFqPw,Cüneyt Özdemir,,,2,cuneyt_ozdemir,
https://youtu.be/QESfo5olDUg,Cüneyt Özdemir,,,2,cuneyt_ozdemir,
https://youtu.be/UKQkAVhACI0,Cüneyt Özdemir,,,2,cuneyt_ozdemir,
https://youtu.be/YGlrboQ11n4,Cüneyt Özdemir,,,2,cuneyt_ozdemir,
https://youtu.be/dELb0qSQraA,Cüneyt Özdemir,,,2,cuneyt_ozdemir,
https://youtu.be/vGhUR6N3H2o,Cüneyt Özdemir,,,2,cuneyt_ozdemir,
https://youtu.be/KDWmSDdVMmE,Cüneyt Özdemir,,,2,cuneyt_ozdemir,
https://youtu.be/bge9ZOtZltg,Cüneyt Özdemir,,,2,cuneyt_ozdemir,
https://youtu.be/RGIR-ruxXPY,Cüneyt Özdemir,,,2,cuneyt_ozdemir,
https://youtu.be/xbHPRoBlK4A,Cüneyt Özdemir,,,2,cuneyt_ozdemir,
https://youtu.be/DzTxvvDefuI,Cüneyt Özdemir,,,2,cuneyt_ozdemir,
https://youtu.be/U1ZyPdGyAVk,Cüneyt Özdemir,,,2,cuneyt_ozdemir,
https://youtu.be/_t-4Oq8Y2oU,Cüneyt Özdemir,,,2,cuneyt_ozdemir,
https://youtu.be/9-TNeh6XJD0,Cüneyt Özdemir,,,2,cuneyt_ozdemir,
https://youtu.be/Dfs9e2GLX6A,Cüneyt Özdemir,,,2,cuneyt_ozdemir,
https://youtu.be/iDhUXnI6DBc,Cüneyt Özdemir,,,2,cuneyt_ozdemir,
https://youtu.be/Nb_8Cz_tBt0,Cüneyt Özdemir,,,2,cuneyt_ozdemir,
https://youtu.be/pO2FkWv0opc,Cüneyt Özdemir,,,2,cuneyt_ozdemir,
https://youtu.be/Azf6G6BSb3U,Cüneyt Özdemir,,,2,cuneyt_ozdemir,
https://youtu.be/iRuOuMgSpP0,Cüneyt Özdemir,,,2,cuneyt_ozdemir,
https://youtu.be/8PGERNR1B0o,Cüneyt Özdemir,,,2,cuneyt_ozdemir,
https://youtu.be/DPcINrcqsUg,Cüneyt Özdemir,,,2,cuneyt_ozdemir,
https://youtu.be/jt6S6P7prEc,Cüneyt Özdemir,,,2,cuneyt_ozdemir,
https://youtu.be/dImP65GXsks,Cüneyt Özdemir,,,2,cuneyt_ozdemir,
https://youtu.be/lofLloLQszA,Cüneyt Özdemir,,,2,cuneyt_ozdemir,
https://youtu.be/B27DD9XDkNs,Cüneyt Özdemir,,,2,cuneyt_ozdemir,
https://youtu.be/nkLMkG7YlTE,Cüneyt Özdemir,,,2,cuneyt_ozdemir,
https://youtu.be/byboDBY_m3U,Cüneyt Özdemir,,,2,cuneyt_ozdemir,
https://youtu.be/ynAqHrrVkz4,Cüneyt Özdemir,,,2,cuneyt_ozdemir,
https://youtu.be/UmDwPGb20k8,Cüneyt Özdemir,,,2,cuneyt_ozdemir,
https://youtu.be/AsVHR4WOJQQ,Cüneyt Özdemir,,,2,cuneyt_ozdemir,
https://youtu.be/eyCw_3yrG_0,Cüneyt Özdemir,,,2,cuneyt_ozdemir,
https://youtu.be/ELjfFJwUwcM,Cüneyt Özdemir,,,2,cuneyt_ozdemir,
https://youtu.be/foH7B6gsD7g,Cüneyt Özdemir,,,2,cuneyt_ozdemir,
https://youtu.be/ea26_Fwpqck,Cüneyt Özdemir,,,2,cuneyt_ozdemir,
https://youtu.be/i_9MX79hdRI,Cüneyt Özdemir,,,2,cuneyt_ozdemir,
https://youtu.be/bnuHu6hYa_8,Cüneyt Özdemir,,,2,cuneyt_ozdemir,
https://youtu.be/9_w6H8Gxbxg,Cüneyt Özdemir,,,2,cuneyt_ozdemir,
https://youtu.be/7kQ3koqn4xg,Cüneyt Özdemir,,,2,cuneyt_ozdemir,
https://youtu.be/XRKKoDw0enU,Cüneyt Özdemir,,,2,cuneyt_ozdemir,
https://youtu.be/kTSAexHVfps,Cüneyt Özdemir,,,2,cuneyt_ozdemir,
https://youtu.be/BBsFVVvOTWs,Cüneyt Özdemir,,,2,cuneyt_ozdemir,
https://youtu.be/tjGqCsqv-kc,Cüneyt Özdemir,,,2,cuneyt_ozdemir,
https://youtu.be/UgXFtwkb92o,Cüneyt Özdemir,,,2,cuneyt_ozdemir,
https://youtu.be/1sIyRQWh37k,Cüneyt Özdemir,,,2,cuneyt_ozdemir,
https://youtu.be/7iC39qP4qTs,Cüneyt Özdemir,,,2,cuneyt_ozdemir,
https://youtu.be/yCkEgatoUwA,Cüneyt Özdemir,,,2,cuneyt_ozdemir,
https://youtu.be/bDOcKMp0bJ0,Cüneyt Özdemir,,,2,cuneyt_ozdemir,
https://youtu.be/-19Stfq_eOM,Cüneyt Özdemir,,,2,cuneyt_ozdemir,
https://youtu.be/dayYiaGdxOM,Cüneyt Özdemir,,,2,cuneyt_ozdemir,
https://youtu.be/zfT1DQg3Is8,Cüneyt Özdemir,,,2,cuneyt_ozdemir,
https://youtu.be/MNIRqhgfzDU,Cüneyt Özdemir,,,2,cuneyt_ozdemir,
https://youtu.be/cOglvRdEzRw,Cüneyt Özdemir,,,2,cuneyt_ozdemir,
https://youtu.be/0YLeNn_YieA,Cüneyt Özdemir,,,2,cuneyt_ozdemir,
https://youtu.be/79f8CrWPcyE,Cüneyt Özdemir,,,2,cuneyt_ozdemir,
https://youtu.be/CxY370o90gs,Cüneyt Özdemir,,,2,cuneyt_ozdemir,
https://youtu.be/ThipfLsyHsQ,Cüneyt Özdemir,,,2,cuneyt_ozdemir,
https://youtu.be/ZrKwOT7w6qw,Cüneyt Özdemir,,,2,cuneyt_ozdemir,
https://youtu.be/G8a28_rZicQ,Cüneyt Özdemir,,,2,cuneyt_ozdemir,
https://youtu.be/-QHXPXcXKJE,Cüneyt Özdemir,,,2,cuneyt_ozdemir,
https://youtu.be/Wl8Bv9tPxl4,Cüneyt Özdemir,,,2,cuneyt_ozdemir,
https://youtu.be/d_i58g9f0B0,Cüneyt Özdemir,,,2,cuneyt_ozdemir,
https://youtu.be/4QLug1V5LYg,Cüneyt Özdemir,,,2,cuneyt_ozdemir,
https://youtu.be/Q4e62_tR2lE,Cüneyt Özdemir,,,2,cuneyt_ozdemir,
https://youtu.be/DGTAoFff6WA,Cüneyt Özdemir,,,2,cuneyt_ozdemir,
https://youtu.be/CmKRKL7fQHY,Cüneyt Özdemir,,,2,cuneyt_ozdemir,
https://youtu.be/XU2Ygz4AspY,Cüneyt Özdemir,,,2,cuneyt_ozdemir,
https://youtu.be/mqOyrIxQvVE,Cüneyt Özdemir,,,2,cuneyt_ozdemir,
https://youtu.be/kwv6zIX62X8,Cüneyt Özdemir,,,2,cuneyt_ozdemir,
https://youtu.be/93reMqXaKbk,Cüneyt Özdemir,,,2,cuneyt_ozdemir,
https://youtu.be/WlAPUCL4aek,Cüneyt Özdemir,,,2,cuneyt_ozdemir,
https://youtu.be/_7n_67IZoxs,Cüneyt Özdemir,,,2,cuneyt_ozdemir,
https://youtu.be/Jr8tXYiIdxA,Cüneyt Özdemir,,,2,cuneyt_ozdemir,
https://youtu.be/AtrNFEfz2z4,Cüneyt Özdemir,,,2,cuneyt_ozdemir,
https://youtu.be/qnMD3UadmBY,Cüneyt Özdemir,,,2,cuneyt_ozdemir,
https://youtu.be/2Alt44Emt6U,Cüneyt Özdemir,,,2,cuneyt_ozdemir,
https://youtu.be/JfXWFZiwIXU,Cüneyt Özdemir,,,2,cuneyt_ozdemir,
https://youtu.be/AYYYL49uhx0,Cüneyt Özdemir,,,2,cuneyt_ozdemir,
https://youtu.be/WIaE_SRXjR8,Cüneyt Özdemir,,,2,cuneyt_ozdemir,
https://youtu.be/ROTUtLNurwE,Cüneyt Özdemir,,,2,cuneyt_ozdemir,
https://youtu.be/UtOsmZ4kMsw,Cüneyt Özdemir,,,2,cuneyt_ozdemir,
https://youtu.be/jzP860dARhM,Cüneyt Özdemir,,,2,cuneyt_ozdemir,
https://youtu.be/8e4HDd7-zoM,Cüneyt Özdemir,,,2,cuneyt_ozdemir,
https://youtu.be/-SKMeRVOEeE,Cüneyt Özdemir,,,2,cuneyt_ozdemir,
https://youtu.be/MMILsBpmkbU,Cüneyt Özdemir,,,2,cuneyt_ozdemir,
https://youtu.be/Cc-9dNk96Oc,Cüneyt Özdemir,,,2,cuneyt_ozdemir,
https://youtu.be/pgAUCoXWLwU,Cüneyt Özdemir,,,2,cuneyt_ozdemir,
https://youtu.be/rcPSn7yApuM,Cüneyt Özdemir,,,2,cuneyt_ozdemir,
https://youtu.be/YVEb3MzrXyM,Cüneyt Özdemir,,,2,cuneyt_ozdemir,
https://youtu.be/5ibMkisCinw,Cüneyt Özdemir,,,2,cuneyt_ozdemir,
https://youtu.be/0uHJhns9FLE,Cüneyt Özdemir,,,2,cuneyt_ozdemir,
https://youtu.be/NYjcZbrMTvY,Cüneyt Özdemir,,,2,cuneyt_ozdemir,
https://youtu.be/8wvSJ1Sw3kQ,Cüneyt Özdemir,,,2,cuneyt_ozdemir,
https://youtu.be/KpG5sJFA6f8,Cüneyt Özdemir,,,2,cuneyt_ozdemir,
https://youtu.be/FOOLb4stwmo,Cüneyt Özdemir,,,2,cuneyt_ozdemir,
https://youtu.be/tbFR66zYJlc,Cüneyt Özdemir,,,2,cuneyt_ozdemir,
https://youtu.be/wXuJ_8-RoOA,Cüneyt Özdemir,,,2,cuneyt_ozdemir,
https://youtu.be/fH9gY37tftE,Cüneyt Özdemir,,,2,cuneyt_ozdemir,
https://youtu.be/v1gCyUe8JBQ,Cüneyt Özdemir,,,2,cuneyt_ozdemir,
https://youtu.be/B1m2ofbBjws,Cüneyt Özdemir,,,2,cuneyt_ozdemir,
https://youtu.be/OYaj6-5bFKg,Cüneyt Özdemir,,,2,cuneyt_ozdemir,
https://youtu.be/uAGlBggwyOw,Cüneyt Özdemir,,,2,cuneyt_ozdemir,
https://youtu.be/2UnxJno8zbQ,Cüneyt Özdemir,,,2,cuneyt_ozdemir,
https://youtu.be/kQC6M7ObWlw,Cüneyt Özdemir,,,2,cuneyt_ozdemir,
https://youtu.be/vDicKwIPHWY,Cüneyt Özdemir,,,2,cuneyt_ozdemir,
https://youtu.be/RhDupAPtNtU,Cüneyt Özdemir,,,2,cuneyt_ozdemir,
https://youtu.be/nsYQmVL9LIE,Cüneyt Özdemir,,,2,cuneyt_ozdemir,
https://youtu.be/_uMqh4oERZ4,Cüneyt Özdemir,,,2,cuneyt_ozdemir,
https://youtu.be/be8h48peaEk,Cüneyt Özdemir,,,2,cuneyt_ozdemir,
https://youtu.be/dEl_ihf8Szo,Cüneyt Özdemir,,,2,cuneyt_ozdemir,
https://youtu.be/edB1zDw8XKg,Cüneyt Özdemir,,,2,cuneyt_ozdemir,
https://youtu.be/X9lmDc7UA98,Cüneyt Özdemir,,,2,cuneyt_ozdemir,
https://youtu.be/V5bGlX5h6Ng,Cüneyt Özdemir,,,2,cuneyt_ozdemir,
https://youtu.be/wJswitb0rtk,Cüneyt Özdemir,,,2,cuneyt_ozdemir,
https://youtu.be/aP7PGlnfJuE,Cüneyt Özdemir,,,2,cuneyt_ozdemir,
https://youtu.be/v5THfDeVURA,Cüneyt Özdemir,,,2,cuneyt_ozdemir,
https://youtu.be/J28r1GUD8lg,Cüneyt Özdemir,,,2,cuneyt_ozdemir,
https://youtu.be/azbJrjlRtmY,Cüneyt Özdemir,,,2,cuneyt_ozdemir,
https://youtu.be/EFWBY7Jgha4,Cüneyt Özdemir,,,2,cuneyt_ozdemir,
https://youtu.be/rCulOiXS0Yg,Cüneyt Özdemir,,,2,cuneyt_ozdemir,
https://youtu.be/3ld9dkjQHhg,Cüneyt Özdemir,,,2,cuneyt_ozdemir,
https://youtu.be/YS55XByVhWU,Cüneyt Özdemir,,,2,cuneyt_ozdemir,
https://youtu.be/fcHVkbFQkms,Cüneyt Özdemir,,,2,cuneyt_ozdemir,
https://youtu.be/qOv1T6uxxmU,Cüneyt Özdemir,,,2,cuneyt_ozdemir,
https://youtu.be/YPlMQ1BAXeY,Cüneyt Özdemir,,,2,cuneyt_ozdemir,
https://youtu.be/TnlvaWRMpLs,Cüneyt Özdemir,,,2,cuneyt_ozdemir,
https://youtu.be/6npfxdp3UIg,Cüneyt Özdemir,,,2,cuneyt_ozdemir,
https://youtu.be/iGd92MvooR4,Cüneyt Özdemir,,,2,cuneyt_ozdemir,
https://youtu.be/sPlNDMWIz_A,Cüneyt Özdemir,,,2,cuneyt_ozdemir,
https://youtu.be/so70ElaJvBI,Cüneyt Özdemir,,,2,cuneyt_ozdemir,
https://youtu.be/UiDRVRuwGsQ,Cüneyt Özdemir,,,2,cuneyt_ozdemir,
https://youtu.be/tJLtm4FB5ok,Cüneyt Özdemir,,,2,cuneyt_ozdemir,
https://youtu.be/hQKqO3IcTNc,Cüneyt Özdemir,,,2,cuneyt_ozdemir,
https://youtu.be/CTqirk22ry8,Cüneyt Özdemir,,,2,cuneyt_ozdemir,
https://youtu.be/U4N_AmmpLkE,Cüneyt Özdemir,,,2,cuneyt_ozdemir,
https://youtu.be/mZlbzNr2YGw,Cüneyt Özdemir,,,2,cuneyt_ozdemir,
https://youtu.be/H6BNqc6l7Fs,Cüneyt Özdemir,,,2,cuneyt_ozdemir,
https://youtu.be/7RsxNsrmIPs,Cüneyt Özdemir,,,2,cuneyt_ozdemir,
https://youtu.be/pguZyF74agA,Cüneyt Özdemir,,,2,cuneyt_ozdemir,
https://youtu.be/pvh3CBOYfQ4,Cüneyt Özdemir,,,2,cuneyt_ozdemir,
https://youtu.be/0_q3M6tp7_c,Cüneyt Özdemir,,,2,cuneyt_ozdemir,
https://youtu.be/cGPTDdiu2gs,Cüneyt Özdemir,,,2,cuneyt_ozdemir,
https://youtu.be/OQnUub4I75A,Cüneyt Özdemir,,,2,cuneyt_ozdemir,
https://youtu.be/v6LyuuiNSwM,Cüneyt Özdemir,,,2,cuneyt_ozdemir,
https://youtu.be/rJAeH3jj9PI,Cüneyt Özdemir,,,2,cuneyt_ozdemir,
https://youtu.be/ZjR7saPJN74,Cüneyt Özdemir,,,2,cuneyt_ozdemir,
https://youtu.be/87YLFFh-74Q,Cüneyt Özdemir,,,2,cuneyt_ozdemir,
https://youtu.be/DSXucZecWQs,Cüneyt Özdemir,,,2,cuneyt_ozdemir,
https://youtu.be/1ahj5kiYyOI,Cüneyt Özdemir,,,2,cuneyt_ozdemir,
https://youtu.be/MlK31l4Xv50,Cüneyt Özdemir,,,2,cuneyt_ozdemir,
https://youtu.be/2hSFxMigYIA,Cüneyt Özdemir,,,2,cuneyt_ozdemir,
https://youtu.be/iWZY65O-Fqs,Cüneyt Özdemir,,,2,cuneyt_ozdemir,
https://youtu.be/X9fZ1MrBxKc,Cüneyt Özdemir,,,2,cuneyt_ozdemir,
https://youtu.be/xAO2aMk0r3M,Cüneyt Özdemir,,,2,cuneyt_ozdemir,
https://youtu.be/y86WRW7J-3A,Cüneyt Özdemir,,,2,cuneyt_ozdemir,
https://youtu.be/vXUNcWdpbZg,Cüneyt Özdemir,,,2,cuneyt_ozdemir,
https://youtu.be/bqsKWTb5VSE,Cüneyt Özdemir,,,2,cuneyt_ozdemir,
https://youtu.be/p1Dwdcn5YIc,Cüneyt Özdemir,,,2,cuneyt_ozdemir,
https://youtu.be/QBOcTo-ForE,Cüneyt Özdemir,,,2,cuneyt_ozdemir,
https://youtu.be/mkULoyVmHQk,Cüneyt Özdemir,,,2,cuneyt_ozdemir,
https://youtu.be/87GlVs38x7M,Cüneyt Özdemir,,,2,cuneyt_ozdemir,
https://youtu.be/JlywgxxqcGQ,Cüneyt Özdemir,,,2,cuneyt_ozdemir,
https://youtu.be/TIe9vDLPpQ4,Cüneyt Özdemir,,,2,cuneyt_ozdemir,
https://youtu.be/85Vg5HDEQcU,Cüneyt Özdemir,,,2,cuneyt_ozdemir,
https://youtu.be/MOHqxfyWngo,Cüneyt Özdemir,,,2,cuneyt_ozdemir,
https://youtu.be/lYO6xxohuOA,Cüneyt Özdemir,,,2,cuneyt_ozdemir,
https://youtu.be/2q8KauMs78Y,Cüneyt Özdemir,,,2,cuneyt_ozdemir,
https://youtu.be/j-JbS1y2tyw,Cüneyt Özdemir,,,2,cuneyt_ozdemir,
https://youtu.be/fXXk6b7FVC8,Cüneyt Özdemir,,,2,cuneyt_ozdemir,
https://youtu.be/tdF06JmLPcE,Cüneyt Özdemir,,,2,cuneyt_ozdemir,
https://youtu.be/YEHJU3Jc85k,Cüneyt Özdemir,,,2,cuneyt_ozdemir,
https://youtu.be/b5sfKSBUezI,Cüneyt Özdemir,,,2,cuneyt_ozdemir,
https://youtu.be/SFjCWtCHFcI,Cüneyt Özdemir,,,2,cuneyt_ozdemir,
https://youtu.be/ZKUIbnvO6h4,Cüneyt Özdemir,,,2,cuneyt_ozdemir,
https://youtu.be/yV7Nnzn-FeA,Cüneyt Özdemir,,,2,cuneyt_ozdemir,
https://youtu.be/8dQnPC2Gewk,Cüneyt Özdemir,,,2,cuneyt_ozdemir,
https://youtu.be/_4CigTSEwl0,Cüneyt Özdemir,,,2,cuneyt_ozdemir,
https://youtu.be/GsbyLuQj3q0,Cüneyt Özdemir,,,2,cuneyt_ozdemir,
https://youtu.be/jFikdnffYOY,Cüneyt Özdemir,,,2,cuneyt_ozdemir,
https://youtu.be/dH5pnWdGRMo,Cüneyt Özdemir,,,2,cuneyt_ozdemir,
https://youtu.be/qvUwXCc6mKw,Cüneyt Özdemir,,,2,cuneyt_ozdemir,
https://youtu.be/6OfnDdozyEE,Cüneyt Özdemir,,,2,cuneyt_ozdemir,
https://youtu.be/U9MIA69hB6Y,Cüneyt Özdemir,,,2,cuneyt_ozdemir,
https://youtu.be/77tJUYkoMng,Cüneyt Özdemir,,,2,cuneyt_ozdemir,
https://youtu.be/fry5sbs19Yk,Cüneyt Özdemir,,,2,cuneyt_ozdemir,
https://youtu.be/ezYIyq4g2h8,Cüneyt Özdemir,,,2,cuneyt_ozdemir,
https://youtu.be/rjdY3zTK_EE,Cüneyt Özdemir,,,2,cuneyt_ozdemir,
https://youtu.be/VLN8lleDNzo,Cüneyt Özdemir,,,2,cuneyt_ozdemir,
https://youtu.be/KdGoYY8uFyo,Cüneyt Özdemir,,,2,cuneyt_ozdemir,
https://youtu.be/n7hGBGj07WQ,Cüneyt Özdemir,,,2,cuneyt_ozdemir,
https://youtu.be/cOBP-AIiS6E,Cüneyt Özdemir,,,2,cuneyt_ozdemir,
https://youtu.be/MlXyKItv6hw,Cüneyt Özdemir,,,2,cuneyt_ozdemir,
https://youtu.be/F1kd6wbPT4I,Cüneyt Özdemir,,,2,cuneyt_ozdemir,
https://youtu.be/edVOayLkgb8,Cüneyt Özdemir,,,2,cuneyt_ozdemir,
https://youtu.be/FdMJjDpifqc,Cüneyt Özdemir,,,2,cuneyt_ozdemir,
https://youtu.be/aEWErcVBHRc,Cüneyt Özdemir,,,2,cuneyt_ozdemir,
https://youtu.be/I5n1ni0dL5I,Cüneyt Özdemir,,,2,cuneyt_ozdemir,
https://youtu.be/gqmZx840vpM,Cüneyt Özdemir,,,2,cuneyt_ozdemir,
https://youtu.be/59JLWM9hmBQ,Cüneyt Özdemir,,,2,cuneyt_ozdemir,
https://youtu.be/_iEDWOAw5eI,Cüneyt Özdemir,,,2,cuneyt_ozdemir,
https://youtu.be/r2vD8SDqv0A,Cüneyt Özdemir,,,2,cuneyt_ozdemir,
https://youtu.be/5mPEfa1KzLA,Cüneyt Özdemir,,,2,cuneyt_ozdemir,
https://youtu.be/4Mr_SH0Mt9k,Cüneyt Özdemir,,,2,cuneyt_ozdemir,
https://youtu.be/1ZHh6dYpivA,Cüneyt Özdemir,,,2,cuneyt_ozdemir,
https://youtu.be/Ro_VvrId-zc,Cüneyt Özdemir,,,2,cuneyt_ozdemir,
https://youtu.be/a8mGHCartUk,Cüneyt Özdemir,,,2,cuneyt_ozdemir,
https://youtu.be/zGYRvWdqbGc,Cüneyt Özdemir,,,2,cuneyt_ozdemir,
https://youtu.be/q2Gc-Xyc4kk,Cüneyt Özdemir,,,2,cuneyt_ozdemir,
https://youtu.be/GEKx35o-_Qs,Cüneyt Özdemir,,,2,cuneyt_ozdemir,
https://youtu.be/LUWPZhfux5w,Cüneyt Özdemir,,,2,cuneyt_ozdemir,
https://youtu.be/Tf78iHokw0A,Cüneyt Özdemir,,,2,cuneyt_ozdemir,
https://youtu.be/diAYQafddWA,Cüneyt Özdemir,,,2,cuneyt_ozdemir,
https://youtu.be/6C6TGVATr9I,Cüneyt Özdemir,,,2,cuneyt_ozdemir,
https://youtu.be/HK9tXqmfYMk,Cüneyt Özdemir,,,2,cuneyt_ozdemir,
https://youtu.be/iHqQnFKh-Dg,Cüneyt Özdemir,,,2,cuneyt_ozdemir,
https://youtu.be/gm5Pk6hS_Ww,Cüneyt Özdemir,,,2,cuneyt_ozdemir,
https://youtu.be/HRl-nu_RWUA,Cüneyt Özdemir,,,2,cuneyt_ozdemir,
https://youtu.be/JLXRU85LhTE,Cüneyt Özdemir,,,2,cuneyt_ozdemir,
https://youtu.be/34pUFeF8QGc,Cüneyt Özdemir,,,2,cuneyt_ozdemir,
https://youtu.be/ddBFUL2MJDU,Cüneyt Özdemir,,,2,cuneyt_ozdemir,
https://youtu.be/p9OXCaAJKLo,Cüneyt Özdemir,,,2,cuneyt_ozdemir,
https://youtu.be/zyrST0JFkDc,Cüneyt Özdemir,,,2,cuneyt_ozdemir,
https://youtu.be/hyHhSCHURrk,Cüneyt Özdemir,,,2,cuneyt_ozdemir,
https://youtu.be/4-Ih1XTGpGI,Cüneyt Özdemir,,,2,cuneyt_ozdemir,
https://youtu.be/SICVESQO2_E,Cüneyt Özdemir,,,2,cuneyt_ozdemir,
https://youtu.be/JCxzS-1u-KA,Cüneyt Özdemir,,,2,cuneyt_ozdemir,
https://youtu.be/R3ESfc2xS_Y,Cüneyt Özdemir,,,2,cuneyt_ozdemir,
https://youtu.be/DChukd1ACwU,Cüneyt Özdemir,,,2,cuneyt_ozdemir,
https://youtu.be/o5ioeKSB1EA,Cüneyt Özdemir,,,2,cuneyt_ozdemir,
https://youtu.be/JYK7uoKXJ1o,Cüneyt Özdemir,,,2,cuneyt_ozdemir,
https://youtu.be/iVhKmKDJnCk,Cüneyt Özdemir,,,2,cuneyt_ozdemir,
https://youtu.be/RMk7DQ4z_XI,Cüneyt Özdemir,,,2,cuneyt_ozdemir,
https://youtu.be/eSBsF9dYnI4,Cüneyt Özdemir,,,2,cuneyt_ozdemir,
https://youtu.be/4vy6M1iFCls,Cüneyt Özdemir,,,2,cuneyt_ozdemir,
https://youtu.be/cIu1NDWyOQ8,Cüneyt Özdemir,,,2,cuneyt_ozdemir,
https://youtu.be/NW4Lhe59oso,Cüneyt Özdemir,,,2,cuneyt_ozdemir,
https://youtu.be/mThObQ6CwO0,Cüneyt Özdemir,,,2,cuneyt_ozdemir,
https://youtu.be/D6SZ3JQzfa0,Cüneyt Özdemir,,,2,cuneyt_ozdemir,
https://youtu.be/XbRYpHcuo-s,Cüneyt Özdemir,,,2,cuneyt_ozdemir,
https://youtu.be/I5wwzHYK4Ro,Cüneyt Özdemir,,,2,cuneyt_ozdemir,
https://youtu.be/0HzJtO9Kz5c,Cüneyt Özdemir,,,2,cuneyt_ozdemir,
https://youtu.be/XmtH27sNrfA,Cüneyt Özdemir,,,2,cuneyt_ozdemir,
https://youtu.be/CyfLvMK02Vs,Cüneyt Özdemir,,,2,cuneyt_ozdemir,
https://youtu.be/3DvHR3j3CJ0,Cüneyt Özdemir,,,2,cuneyt_ozdemir,
https://youtu.be/DzN53ynhIrE,Cüneyt Özdemir,,,2,cuneyt_ozdemir,
https://youtu.be/CqXckBPKdM0,Cüneyt Özdemir,,,2,cuneyt_ozdemir,
https://youtu.be/m2zL9ubj4og,Cüneyt Özdemir,,,2,cuneyt_ozdemir,
https://youtu.be/OUkLK2Z1qzI,Cüneyt Özdemir,,,2,cuneyt_ozdemir,
https://youtu.be/LBDdWFRg8oM,Cüneyt Özdemir,,,2,cuneyt_ozdemir,
https://youtu.be/HOa-w-F6y4Q,Cüneyt Özdemir,,,2,cuneyt_ozdemir,
https://youtu.be/QtTqIKs-0fE,Cüneyt Özdemir,,,2,cuneyt_ozdemir,
https://youtu.be/Vxw6Tgr18-0,Cüneyt Özdemir,,,2,cuneyt_ozdemir,
https://youtu.be/raJm79py0ts,Cüneyt Özdemir,,,2,cuneyt_ozdemir,
https://youtu.be/udPda3bDH5Q,Cüneyt Özdemir,,,2,cuneyt_ozdemir,
https://youtu.be/YXl4sjQbdg4,Cüneyt Özdemir,,,2,cuneyt_ozdemir,
https://youtu.be/ywklwfQrP6Y,Cüneyt Özdemir,,,2,cuneyt_ozdemir,
https://youtu.be/743Uxz7zxBg,Cüneyt Özdemir,,,2,cuneyt_ozdemir,
https://youtu.be/AiYknM7lt6M,Cüneyt Özdemir,,,2,cuneyt_ozdemir,
https://youtu.be/ztgoDVH1Jsg,Cüneyt Özdemir,,,2,cuneyt_ozdemir,
https://youtu.be/e0MODX4qz78,Cüneyt Özdemir,,,2,cuneyt_ozdemir,
https://youtu.be/TTUnTsmm7c8,Cüneyt Özdemir,,,2,cuneyt_ozdemir,
https://youtu.be/Bqm5FZPHL6w,Cüneyt Özdemir,,,2,cuneyt_ozdemir,
https://youtu.be/HFYFlD7cG6g,Cüneyt Özdemir,,,2,cuneyt_ozdemir,
https://youtu.be/_-NAIh3tP1Y,Cüneyt Özdemir,,,2,cuneyt_ozdemir,
https://youtu.be/2fXTXX_EZd4,Cüneyt Özdemir,,,2,cuneyt_ozdemir,
https://youtu.be/1QntXdlMKCE,Cüneyt Özdemir,,,2,cuneyt_ozdemir,
https://youtu.be/UuPLGOyFOcY,Cüneyt Özdemir,,,2,cuneyt_ozdemir,
https://youtu.be/YDPebSg_7rE,Cüneyt Özdemir,,,2,cuneyt_ozdemir,
https://youtu.be/9bV_SWKDMEQ,Cüneyt Özdemir,,,2,cuneyt_ozdemir,
https://youtu.be/MgyLomTlZr8,Cüneyt Özdemir,,,2,cuneyt_ozdemir,
https://youtu.be/Z7Ml_WQIbik,Cüneyt Özdemir,,,2,cuneyt_ozdemir,
https://youtu.be/i0KT3kvWrFo,Cüneyt Özdemir,,,2,cuneyt_ozdemir,
https://youtu.be/tktv1IdsO6o,Cüneyt Özdemir,,,2,cuneyt_ozdemir,
https://youtu.be/EaV7VisNkpY,Cüneyt Özdemir,,,2,cuneyt_ozdemir,
https://youtu.be/TGuPiN9aZBs,Cüneyt Özdemir,,,2,cuneyt_ozdemir,
https://youtu.be/z6d7XJmlnqw,Cüneyt Özdemir,,,2,cuneyt_ozdemir,
https://youtu.be/offJTVf4_gg,Cüneyt Özdemir,,,2,cuneyt_ozdemir,
https://youtu.be/_dNAeIOLhsM,Cüneyt Özdemir,,,2,cuneyt_ozdemir,
https://youtu.be/Lptqa2pasbA,Cüneyt Özdemir,,,2,cuneyt_ozdemir,
https://youtu.be/Ylig8nRReT4,Cüneyt Özdemir,,,2,cuneyt_ozdemir,
https://youtu.be/aGSye03g66U,Cüneyt Özdemir,,,2,cuneyt_ozdemir,
https://youtu.be/0GbDxJrs8HY,Cüneyt Özdemir,,,2,cuneyt_ozdemir,
https://youtu.be/Z8dh0ROeqJs,Cüneyt Özdemir,,,2,cuneyt_ozdemir,
https://youtu.be/bwiTDddg2-Y,Cüneyt Özdemir,,,2,cuneyt_ozdemir,
https://youtu.be/5849scYV8I8,Cüneyt Özdemir,,,2,cuneyt_ozdemir,
https://youtu.be/iRii5SERuu8,Cüneyt Özdemir,,,2,cuneyt_ozdemir,
https://youtu.be/y6g8mMCPWFA,Cüneyt Özdemir,,,2,cuneyt_ozdemir,
https://youtu.be/mbWdOMYfSak,Cüneyt Özdemir,,,2,cuneyt_ozdemir,
https://youtu.be/bLepDDBqxTQ,Cüneyt Özdemir,,,2,cuneyt_ozdemir,
https://youtu.be/75g_IeH8V1k,Cüneyt Özdemir,,,2,cuneyt_ozdemir,
https://youtu.be/ZHtnvvitpGU,Cüneyt Özdemir,,,2,cuneyt_ozdemir,
https://youtu.be/Mpho7Ao-ElQ,Cüneyt Özdemir,,,2,cuneyt_ozdemir,
https://youtu.be/PlMF2zzgSvc,Cüneyt Özdemir,,,2,cuneyt_ozdemir,
https://youtu.be/XMWZT_5aXYQ,Cüneyt Özdemir,,,2,cuneyt_ozdemir,
https://youtu.be/VJmnrLprGvg,Cüneyt Özdemir,,,2,cuneyt_ozdemir,
https://youtu.be/Gxu3enOVn2w,Cüneyt Özdemir,,,2,cuneyt_ozdemir,
https://youtu.be/LYVpWcsWpz0,Cüneyt Özdemir,,,2,cuneyt_ozdemir,
https://youtu.be/NyisvxSNlT4,Cüneyt Özdemir,,,2,cuneyt_ozdemir,
https://youtu.be/vNdim8ClBpY,Cüneyt Özdemir,,,2,cuneyt_ozdemir,
https://youtu.be/67zgcXtdaFI,Cüneyt Özdemir,,,2,cuneyt_ozdemir,
https://youtu.be/XpTwah8UCGc,Cüneyt Özdemir,,,2,cuneyt_ozdemir,
https://youtu.be/_ijzvT6Tjpg,Cüneyt Özdemir,,,2,cuneyt_ozdemir,
https://youtu.be/zKM7KJMZ-CE,Cüneyt Özdemir,,,2,cuneyt_ozdemir,
https://youtu.be/0axn3SdznKU,Cüneyt Özdemir,,,2,cuneyt_ozdemir,
https://youtu.be/V46XwHzM3sM,Cüneyt Özdemir,,,2,cuneyt_ozdemir,
https://youtu.be/14CaszQboYw,Cüneyt Özdemir,,,2,cuneyt_ozdemir,
https://youtu.be/LpF79TmHtjM,Cüneyt Özdemir,,,2,cuneyt_ozdemir,
https://youtu.be/LEtplbm4jl8,Cüneyt Özdemir,,,2,cuneyt_ozdemir,
https://youtu.be/ZEdSP94EI2g,Cüneyt Özdemir,,,2,cuneyt_ozdemir,
https://youtu.be/UISv3Unor30,Cüneyt Özdemir,,,2,cuneyt_ozdemir,
https://youtu.be/pu3r5u7mj48,Cüneyt Özdemir,,,2,cuneyt_ozdemir,
https://youtu.be/Z7NJnDJLXUw,Cüneyt Özdemir,,,2,cuneyt_ozdemir,
https://youtu.be/hSIse8etLlE,Cüneyt Özdemir,,,2,cuneyt_ozdemir,
https://youtu.be/mboub4yO12w,Cüneyt Özdemir,,,2,cuneyt_ozdemir,
https://youtu.be/XxslinGGnpc,Cüneyt Özdemir,,,2,cuneyt_ozdemir,
https://youtu.be/AS0ZfxzcPls,Cüneyt Özdemir,,,2,cuneyt_ozdemir,
https://youtu.be/oUGmqQhlmOs,Cüneyt Özdemir,,,2,cuneyt_ozdemir,
https://youtu.be/sXq4GkZcjXA,Cüneyt Özdemir,,,2,cuneyt_ozdemir,
https://youtu.be/m6gr4mH30vs,Cüneyt Özdemir,,,2,cuneyt_ozdemir,
https://youtu.be/-wYU642wF8o,Cüneyt Özdemir,,,2,cuneyt_ozdemir,
https://youtu.be/fMvxyd_6wF8,Cüneyt Özdemir,,,2,cuneyt_ozdemir,
https://youtu.be/nWtSPUJo3x4,Cüneyt Özdemir,,,2,cuneyt_ozdemir,
https://youtu.be/s9HUe2i62fs,Cüneyt Özdemir,,,2,cuneyt_ozdemir,
https://youtu.be/lrMesoPcB3c,Cüneyt Özdemir,,,2,cuneyt_ozdemir,
https://youtu.be/1pgflRMEiio,Cüneyt Özdemir,,,2,cuneyt_ozdemir,
https://youtu.be/5bsFtJmtHVc,Cüneyt Özdemir,,,2,cuneyt_ozdemir,
https://youtu.be/4W1W8X8B_3g,Cüneyt Özdemir,,,2,cuneyt_ozdemir,
https://youtu.be/CTDzCfYOmwg,Cüneyt Özdemir,,,2,cuneyt_ozdemir,
https://youtu.be/Gp4KYXDFy3U,Cüneyt Özdemir,,,2,cuneyt_ozdemir,
https://youtu.be/T2-c_hRFuzc,Cüneyt Özdemir,,,2,cuneyt_ozdemir,
https://youtu.be/9wx6nPoxnUU,Cüneyt Özdemir,,,2,cuneyt_ozdemir,
https://youtu.be/UhYe9BETb3Q,Cüneyt Özdemir,,,2,cuneyt_ozdemir,
https://youtu.be/y-zymFAQvBE,Cüneyt Özdemir,,,2,cuneyt_ozdemir,
https://youtu.be/VD-qM35Qho8,Cüneyt Özdemir,,,2,cuneyt_ozdemir,
https://youtu.be/bnNLGHZRvWE,Cüneyt Özdemir,,,2,cuneyt_ozdemir,
https://youtu.be/OJ8zmwC-D70,Cüneyt Özdemir,,,2,cuneyt_ozdemir,
https://youtu.be/hBhFImsSOyk,Cüneyt Özdemir,,,2,cuneyt_ozdemir,
https://youtu.be/sMn7uPW_g4o,Cüneyt Özdemir,,,2,cuneyt_ozdemir,
https://youtu.be/kL7SRFkfxO8,Cüneyt Özdemir,,,2,cuneyt_ozdemir,
https://youtu.be/P4RQXK_ViQQ,Cüneyt Özdemir,,,2,cuneyt_ozdemir,
https://youtu.be/oKIMsF0cqYI,Cüneyt Özdemir,,,2,cuneyt_ozdemir,
https://youtu.be/V1VVLH1ZpKc,Cüneyt Özdemir,,,2,cuneyt_ozdemir,
https://youtu.be/nC234a2Pw4o,Cüneyt Özdemir,,,2,cuneyt_ozdemir,
https://youtu.be/wQYEifr9c44,Cüneyt Özdemir,,,2,cuneyt_ozdemir,
https://youtu.be/oqOdMAxAToo,Cüneyt Özdemir,,,2,cuneyt_ozdemir,
https://youtu.be/5iohTjXWnSY,Cüneyt Özdemir,,,2,cuneyt_ozdemir,
https://youtu.be/bgPGUPk78EU,Cüneyt Özdemir,,,2,cuneyt_ozdemir,
https://youtu.be/2ihpwRcNbQ8,Cüneyt Özdemir,,,2,cuneyt_ozdemir,
https://youtu.be/bUOvZC8Wd1w,Cüneyt Özdemir,,,2,cuneyt_ozdemir,
https://youtu.be/hl8GvZlkV_k,Cüneyt Özdemir,,,2,cuneyt_ozdemir,
https://youtu.be/W6hT3L_8454,Cüneyt Özdemir,,,2,cuneyt_ozdemir,
https://youtu.be/LVT4rTLqiVo,Cüneyt Özdemir,,,2,cuneyt_ozdemir,
https://youtu.be/Kjxv_IFi8FY,Cüneyt Özdemir,,,2,cuneyt_ozdemir,
https://youtu.be/rc117tmrYpE,Cüneyt Özdemir,,,2,cuneyt_ozdemir,
https://youtu.be/d2LenOh7o_I,Cüneyt Özdemir,,,2,cuneyt_ozdemir,
https://youtu.be/7xvnRyuFLro,Cüneyt Özdemir,,,2,cuneyt_ozdemir,
https://youtu.be/uUygZ8ZeHwA,Cüneyt Özdemir,,,2,cuneyt_ozdemir,
https://youtu.be/5t9DuDK-51M,Cüneyt Özdemir,,,2,cuneyt_ozdemir,
https://youtu.be/a9en9aGCAlw,Cüneyt Özdemir,,,2,cuneyt_ozdemir,
https://youtu.be/USXMRyFWzC8,Cüneyt Özdemir,,,2,cuneyt_ozdemir,
https://youtu.be/rqe9cVIKXkY,Cüneyt Özdemir,,,2,cuneyt_ozdemir,
https://youtu.be/98mInM5GoAg,Cüneyt Özdemir,,,2,cuneyt_ozdemir,
https://youtu.be/flAUCRjYQnw,Cüneyt Özdemir,,,2,cuneyt_ozdemir,
https://youtu.be/qhoxU6rYJKA,Cüneyt Özdemir,,,2,cuneyt_ozdemir,
https://youtu.be/cAbcSRg3IXM,Cüneyt Özdemir,,,2,cuneyt_ozdemir,
https://youtu.be/5JhuuT25NPA,Cüneyt Özdemir,,,2,cuneyt_ozdemir,
https://youtu.be/tBo6kTv4iME,Cüneyt Özdemir,,,2,cuneyt_ozdemir,
https://youtu.be/4P4sro63GtQ,Cüneyt Özdemir,,,2,cuneyt_ozdemir,
https://youtu.be/ZkXuXBHI5Fc,Cüneyt Özdemir,,,2,cuneyt_ozdemir,
https://youtu.be/yBexWbbfp3k,Cüneyt Özdemir,,,2,cuneyt_ozdemir,
https://youtu.be/v-jATqODQvs,Cüneyt Özdemir,,,2,cuneyt_ozdemir,
https://youtu.be/AENmE772B4A,Cüneyt Özdemir,,,2,cuneyt_ozdemir,
https://youtu.be/SpYJSL_ZBcg,Cüneyt Özdemir,,,2,cuneyt_ozdemir,
https://youtu.be/zK4RJeU1Kcc,Cüneyt Özdemir,,,2,cuneyt_ozdemir,
https://youtu.be/KOq50syR1DQ,Cüneyt Özdemir,,,2,cuneyt_ozdemir,
https://youtu.be/95PX_ELjv50,Cüneyt Özdemir,,,2,cuneyt_ozdemir,
https://youtu.be/IF1yIF2j4qE,Cüneyt Özdemir,,,2,cuneyt_ozdemir,
https://youtu.be/QVkZeZDTUAE,Cüneyt Özdemir,,,2,cuneyt_ozdemir,
https://youtu.be/h_E8Xpwijvo,Cüneyt Özdemir,,,2,cuneyt_ozdemir,
https://youtu.be/Dk-LTgJ8Xhc,Cüneyt Özdemir,,,2,cuneyt_ozdemir,
https://youtu.be/pPaPj-TUQhk,Cüneyt Özdemir,,,2,cuneyt_ozdemir,
https://youtu.be/NYEL0w6tXWg,Cüneyt Özdemir,,,2,cuneyt_ozdemir,
https://youtu.be/nEaVMaafC2A,Cüneyt Özdemir,,,2,cuneyt_ozdemir,
https://youtu.be/EajNj6tdkLg,Cüneyt Özdemir,,,2,cuneyt_ozdemir,
https://youtu.be/PdEeYMpmf3o,Cüneyt Özdemir,,,2,cuneyt_ozdemir,
https://youtu.be/txZQGvbHsR4,Cüneyt Özdemir,,,2,cuneyt_ozdemir,
https://youtu.be/VTmIPe-0_bE,Cüneyt Özdemir,,,2,cuneyt_ozdemir,
https://youtu.be/1wBBd0mlUcY,Cüneyt Özdemir,,,2,cuneyt_ozdemir,
https://youtu.be/E-7hFHRasWk,Cüneyt Özdemir,,,2,cuneyt_ozdemir,
https://youtu.be/a1SlarKPatw,Cüneyt Özdemir,,,2,cuneyt_ozdemir,
https://youtu.be/5buzcyVxf7E,Cüneyt Özdemir,,,2,cuneyt_ozdemir,
https://youtu.be/jVmkQ5pDc1Q,Cüneyt Özdemir,,,2,cuneyt_ozdemir,
https://youtu.be/Qq4RIyGFWWA,Cüneyt Özdemir,,,2,cuneyt_ozdemir,
https://youtu.be/AiEPQmPmch4,Cüneyt Özdemir,,,2,cuneyt_ozdemir,
https://youtu.be/6Sb7nukvvdM,Cüneyt Özdemir,,,2,cuneyt_ozdemir,
https://youtu.be/glP8kUQObDU,Cüneyt Özdemir,,,2,cuneyt_ozdemir,
https://youtu.be/7ZYlcLgXB_c,Cüneyt Özdemir,,,2,cuneyt_ozdemir,
https://youtu.be/RAFaC4GfbY4,Cüneyt Özdemir,,,2,cuneyt_ozdemir,
https://youtu.be/GF6pAUBv7xw,Cüneyt Özdemir,,,2,cuneyt_ozdemir,
https://youtu.be/EJNHEFGEaZs,Cüneyt Özdemir,,,2,cuneyt_ozdemir,
https://youtu.be/rCVoBVUcYME,Cüneyt Özdemir,,,2,cuneyt_ozdemir,
https://youtu.be/Y-vOfF1-bfE,Cüneyt Özdemir,,,2,cuneyt_ozdemir,
https://youtu.be/pmJugzgVOzA,Cüneyt Özdemir,,,2,cuneyt_ozdemir,
https://youtu.be/Ji9bINdUMQ0,Cüneyt Özdemir,,,2,cuneyt_ozdemir,
https://youtu.be/uu8HoIAU4L8,Cüneyt Özdemir,,,2,cuneyt_ozdemir,
https://youtu.be/5e7zrJESwJE,Cüneyt Özdemir,,,2,cuneyt_ozdemir,
https://youtu.be/c3TY-Im96d0,Cüneyt Özdemir,,,2,cuneyt_ozdemir,
https://youtu.be/kD_xS4iIqng,Cüneyt Özdemir,,,2,cuneyt_ozdemir,
https://youtu.be/DOxTEFGStYM,Cüneyt Özdemir,,,2,cuneyt_ozdemir,
https://youtu.be/DHmXhjCjo2I,Cüneyt Özdemir,,,2,cuneyt_ozdemir,
https://youtu.be/JC9DK3mMAuY,Cüneyt Özdemir,,,2,cuneyt_ozdemir,
https://youtu.be/Vjc-O_gGEnM,Cüneyt Özdemir,,,2,cuneyt_ozdemir,
https://youtu.be/aL2EgnMzZzA,Cüneyt Özdemir,,,2,cuneyt_ozdemir,
https://youtu.be/QjQlwQehGo0,Cüneyt Özdemir,,,2,cuneyt_ozdemir,
https://youtu.be/pU8-WVFIB9M,Cüneyt Özdemir,,,2,cuneyt_ozdemir,
https://youtu.be/g1x1CdJrPsM,Cüneyt Özdemir,,,2,cuneyt_ozdemir,
https://youtu.be/NYtT0P8BQsw,Cüneyt Özdemir,,,2,cuneyt_ozdemir,
https://youtu.be/b7N6XcPYcx4,Cüneyt Özdemir,,,2,cuneyt_ozdemir,
https://youtu.be/w6ZSTsApqDQ,Cüneyt Özdemir,,,2,cuneyt_ozdemir,
https://youtu.be/JkuCCsaEY7g,Cüneyt Özdemir,,,2,cuneyt_ozdemir,
https://youtu.be/wBZe311ExIQ,Cüneyt Özdemir,,,2,cuneyt_ozdemir,
https://youtu.be/8EWqUMVpL9s,Cüneyt Özdemir,,,2,cuneyt_ozdemir,
https://youtu.be/a7Ve-tv8o8g,Cüneyt Özdemir,,,2,cuneyt_ozdemir,
https://youtu.be/bFlm2wrC4mQ,Cüneyt Özdemir,,,2,cuneyt_ozdemir,
https://youtu.be/FsIQM46O1Yk,Cüneyt Özdemir,,,2,cuneyt_ozdemir,
https://youtu.be/sA8BzjDz2qI,Cüneyt Özdemir,,,2,cuneyt_ozdemir,
https://youtu.be/ocn2uBsmr88,Cüneyt Özdemir,,,2,cuneyt_ozdemir,
https://youtu.be/npV87mquSd4,Cüneyt Özdemir,,,2,cuneyt_ozdemir,
https://youtu.be/iDlN8PbDDAU,Cüneyt Özdemir,,,2,cuneyt_ozdemir,
https://youtu.be/q8U4F3yfRoo,Cüneyt Özdemir,,,2,cuneyt_ozdemir,
https://youtu.be/sVY7Duu_Rmo,Cüneyt Özdemir,,,2,cuneyt_ozdemir,
https://youtu.be/AOHitTiE2VY,Cüneyt Özdemir,,,2,cuneyt_ozdemir,
https://youtu.be/9nfFN_3_dyQ,Cüneyt Özdemir,,,2,cuneyt_ozdemir,
https://youtu.be/OZXUcibDEt8,Cüneyt Özdemir,,,2,cuneyt_ozdemir,
https://youtu.be/e3R5zGdm6Lk,Cüneyt Özdemir,,,2,cuneyt_ozdemir,
https://youtu.be/uFpT9NFD6ws,Cüneyt Özdemir,,,2,cuneyt_ozdemir,
https://youtu.be/cL5IUHG8mg0,Cüneyt Özdemir,,,2,cuneyt_ozdemir,
https://youtu.be/sX2IVc45c4k,Cüneyt Özdemir,,,2,cuneyt_ozdemir,
https://youtu.be/0p8bn5CEYu4,Cüneyt Özdemir,,,2,cuneyt_ozdemir,
https://youtu.be/fmNdw254x4o,Cüneyt Özdemir,,,2,cuneyt_ozdemir,
https://youtu.be/ovw1o9Juwbk,Cüneyt Özdemir,,,2,cuneyt_ozdemir,
https://youtu.be/hUA4n3yA3Xk,Cüneyt Özdemir,,,2,cuneyt_ozdemir,
https://youtu.be/o1_ZgXXu718,Cüneyt Özdemir,,,2,cuneyt_ozdemir,
https://youtu.be/Kpmwmv6i_lU,Cüneyt Özdemir,,,2,cuneyt_ozdemir,
https://youtu.be/mWDo0Xs_dZU,Cüneyt Özdemir,,,2,cuneyt_ozdemir,
https://youtu.be/HS_JPPJZBE0,Cüneyt Özdemir,,,2,cuneyt_ozdemir,
https://youtu.be/Vn9KWIWmJhk,Cüneyt Özdemir,,,2,cuneyt_ozdemir,
https://youtu.be/rMZ-pPjv2EM,Cüneyt Özdemir,,,2,cuneyt_ozdemir,
https://youtu.be/afGGnkpsuYg,Cüneyt Özdemir,,,2,cuneyt_ozdemir,
https://youtu.be/UZa7nsMhLfw,Cüneyt Özdemir,,,2,cuneyt_ozdemir,
https://youtu.be/VwcZ9COlMTM,Cüneyt Özdemir,,,2,cuneyt_ozdemir,
https://youtu.be/KNU0OsutXak,Cüneyt Özdemir,,,2,cuneyt_ozdemir,
https://youtu.be/yQtJIebZpqA,Cüneyt Özdemir,,,2,cuneyt_ozdemir,
https://youtu.be/m2lJPcarj9A,Cüneyt Özdemir,,,2,cuneyt_ozdemir,
https://youtu.be/nVaaiD7zjNE,Cüneyt Özdemir,,,2,cuneyt_ozdemir,
https://youtu.be/1Zva2p0z-Es,Cüneyt Özdemir,,,2,cuneyt_ozdemir,
https://youtu.be/7LfrM1jAafA,Cüneyt Özdemir,,,2,cuneyt_ozdemir,
https://youtu.be/wezdN1ryaLQ,Cüneyt Özdemir,,,2,cuneyt_ozdemir,
https://youtu.be/dLc9LcnPsLc,Cüneyt Özdemir,,,2,cuneyt_ozdemir,
https://youtu.be/LiOzfzl05W8,Cüneyt Özdemir,,,2,cuneyt_ozdemir,
https://youtu.be/NFFVdVRVsyQ,Cüneyt Özdemir,,,2,cuneyt_ozdemir,
https://youtu.be/E0_9FEgiIqA,Cüneyt Özdemir,,,2,cuneyt_ozdemir,
https://youtu.be/El8M7tTVa8k,Cüneyt Özdemir,,,2,cuneyt_ozdemir,
https://youtu.be/_9NraFcmUI8,Cüneyt Özdemir,,,2,cuneyt_ozdemir,
https://youtu.be/Qw-HxgXLBwk,Cüneyt Özdemir,,,2,cuneyt_ozdemir,
https://youtu.be/uG0xkg1nSaA,Cüneyt Özdemir,,,2,cuneyt_ozdemir,
https://youtu.be/Jy88Lyy98ZE,Cüneyt Özdemir,,,2,cuneyt_ozdemir,
https://youtu.be/XSxhzlWHysQ,Cüneyt Özdemir,,,2,cuneyt_ozdemir,
https://youtu.be/J-4TIiWst3c,Cüneyt Özdemir,,,2,cuneyt_ozdemir,
https://youtu.be/qkeytzRmMRs,Cüneyt Özdemir,,,2,cuneyt_ozdemir,
https://youtu.be/BJKrjg82apA,Cüneyt Özdemir,,,2,cuneyt_ozdemir,
https://youtu.be/DCQbCa2pcZc,Cüneyt Özdemir,,,2,cuneyt_ozdemir,
https://youtu.be/qUxtL_Wh7N8,Cüneyt Özdemir,,,2,cuneyt_ozdemir,
https://youtu.be/lw7sJur6kss,Cüneyt Özdemir,,,2,cuneyt_ozdemir,
https://youtu.be/z1pGn9xI9fs,Cüneyt Özdemir,,,2,cuneyt_ozdemir,
https://youtu.be/luMD86E_xvA,Cüneyt Özdemir,,,2,cuneyt_ozdemir,
https://youtu.be/Tno4DpnH-4I,Cüneyt Özdemir,,,2,cuneyt_ozdemir,
https://youtu.be/-uDUFKXI84g,Cüneyt Özdemir,,,2,cuneyt_ozdemir,
https://youtu.be/YyHnBMmNeh4,Cüneyt Özdemir,,,2,cuneyt_ozdemir,
https://youtu.be/mcRoD5k7lbA,Cüneyt Özdemir,,,2,cuneyt_ozdemir,
https://youtu.be/rLE7Rj8XTjM,Cüneyt Özdemir,,,2,cuneyt_ozdemir,
https://youtu.be/wa3cREPvabM,Cüneyt Özdemir,,,2,cuneyt_ozdemir,
https://youtu.be/l7GzgXhXbm8,Cüneyt Özdemir,,,2,cuneyt_ozdemir,
https://youtu.be/QLArei6ihPo,Cüneyt Özdemir,,,2,cuneyt_ozdemir,
https://youtu.be/cQQyU_zsiEE,Cüneyt Özdemir,,,2,cuneyt_ozdemir,
https://youtu.be/i_5N9iZaFBE,Cüneyt Özdemir,,,2,cuneyt_ozdemir,
https://youtu.be/XZ7LUgGXcZY,Cüneyt Özdemir,,,2,cuneyt_ozdemir,
https://youtu.be/ZskNc8yxVj8,Cüneyt Özdemir,,,2,cuneyt_ozdemir,
https://youtu.be/0-E2-_NPod4,Cüneyt Özdemir,,,2,cuneyt_ozdemir,
https://youtu.be/PBpzR3FApdw,Cüneyt Özdemir,,,2,cuneyt_ozdemir,
https://youtu.be/DvOGkLLDNnU,Cüneyt Özdemir,,,2,cuneyt_ozdemir,
https://youtu.be/ZM2uG-J6owc,Cüneyt Özdemir,,,2,cuneyt_ozdemir,
https://youtu.be/EzOI_M8zQZs,Cüneyt Özdemir,,,2,cuneyt_ozdemir,
https://youtu.be/tBv6tUl-YY4,Cüneyt Özdemir,,,2,cuneyt_ozdemir,
https://youtu.be/iXQZWtXoztE,Cüneyt Özdemir,,,2,cuneyt_ozdemir,
https://youtu.be/xF6LniZHkKc,Cüneyt Özdemir,,,2,cuneyt_ozdemir,
https://youtu.be/y5STsxe6pwE,Cüneyt Özdemir,,,2,cuneyt_ozdemir,
https://youtu.be/yvAQnV_LKoY,Cüneyt Özdemir,,,2,cuneyt_ozdemir,
https://youtu.be/Eb3VdxGdy8A,Cüneyt Özdemir,,,2,cuneyt_ozdemir,
https://youtu.be/7UvfWkyf0dk,Cüneyt Özdemir,,,2,cuneyt_ozdemir,
https://youtu.be/aofCm94A5Fo,Cüneyt Özdemir,,,2,cuneyt_ozdemir,
https://youtu.be/hz8KtKoGnr4,Cüneyt Özdemir,,,2,cuneyt_ozdemir,
https://youtu.be/naXIE5iZjL0,Cüneyt Özdemir,,,2,cuneyt_ozdemir,
https://youtu.be/cMjckgiixNs,Cüneyt Özdemir,,,2,cuneyt_ozdemir,
https://youtu.be/vzd2YBwZ5eQ,Cüneyt Özdemir,,,2,cuneyt_ozdemir,
https://youtu.be/VtdJzkZpVv4,Cüneyt Özdemir,,,2,cuneyt_ozdemir,
https://youtu.be/P6DwHuWPsZM,Cüneyt Özdemir,,,2,cuneyt_ozdemir,
https://youtu.be/Ja1tjWVVU1Y,Cüneyt Özdemir,,,2,cuneyt_ozdemir,
https://youtu.be/Ba31tULkQJ0,Cüneyt Özdemir,,,2,cuneyt_ozdemir,
https://youtu.be/smh5jit5mEg,Cüneyt Özdemir,,,2,cuneyt_ozdemir,
https://youtu.be/S8rFnf9qcQ4,Cüneyt Özdemir,,,2,cuneyt_ozdemir,
https://youtu.be/ypKaUqFCQHo,Cüneyt Özdemir,,,2,cuneyt_ozdemir,
https://youtu.be/l2D23wQyHJ4,Cüneyt Özdemir,,,2,cuneyt_ozdemir,
https://youtu.be/LXrhTSi8gUo,Cüneyt Özdemir,,,2,cuneyt_ozdemir,
https://youtu.be/wlyzV6lEwmU,Cüneyt Özdemir,,,2,cuneyt_ozdemir,
https://youtu.be/M05WAJFFSXQ,Cüneyt Özdemir,,,2,cuneyt_ozdemir,
https://youtu.be/Tqxo3RblMzI,Cüneyt Özdemir,,,2,cuneyt_ozdemir,
https://youtu.be/dUVRRO48U0k,Cüneyt Özdemir,,,2,cuneyt_ozdemir,
https://youtu.be/mTm8OwKxpn8,Cüneyt Özdemir,,,2,cuneyt_ozdemir,
https://youtu.be/QLM_5vz8Ldc,Cüneyt Özdemir,,,2,cuneyt_ozdemir,
https://youtu.be/un0MZNIOpT8,Cüneyt Özdemir,,,2,cuneyt_ozdemir,
https://youtu.be/N3-doewQb4A,Cüneyt Özdemir,,,2,cuneyt_ozdemir,
https://youtu.be/o4wbbBoZd0E,Cüneyt Özdemir,,,2,cuneyt_ozdemir,
https://youtu.be/SpmtPXu5YgU,Cüneyt Özdemir,,,2,cuneyt_ozdemir,
https://youtu.be/7M1ESgHyOIU,Cüneyt Özdemir,,,2,cuneyt_ozdemir,
https://youtu.be/BQAvIUgF7VQ,Cüneyt Özdemir,,,2,cuneyt_ozdemir,
https://youtu.be/zML5MpQfBME,Cüneyt Özdemir,,,2,cuneyt_ozdemir,
https://youtu.be/wKvJUnf0nh8,Cüneyt Özdemir,,,2,cuneyt_ozdemir,
https://youtu.be/LZkminogKvE,Cüneyt Özdemir,,,2,cuneyt_ozdemir,
https://youtu.be/d8cmVg2H3Ow,Cüneyt Özdemir,,,2,cuneyt_ozdemir,
https://youtu.be/ALEf3VT13T4,Cüneyt Özdemir,,,2,cuneyt_ozdemir,
https://youtu.be/NkAria5Dhxw,Cüneyt Özdemir,,,2,cuneyt_ozdemir,
https://youtu.be/yPTikTzgnqo,Cüneyt Özdemir,,,2,cuneyt_ozdemir,
https://youtu.be/irlJXWwyySQ,Cüneyt Özdemir,,,2,cuneyt_ozdemir,
https://youtu.be/C-0xrV-po08,Cüneyt Özdemir,,,2,cuneyt_ozdemir,
https://youtu.be/4BVv5prZ64k,Cüneyt Özdemir,,,2,cuneyt_ozdemir,
https://youtu.be/12Dc-Cm3lEA,Cüneyt Özdemir,,,2,cuneyt_ozdemir,
https://youtu.be/mR1MjlOLMHQ,Cüneyt Özdemir,,,2,cuneyt_ozdemir,
https://youtu.be/mvYgPQkjByE,Cüneyt Özdemir,,,2,cuneyt_ozdemir,
https://youtu.be/cr3lFUPtkhM,Cüneyt Özdemir,,,2,cuneyt_ozdemir,
https://youtu.be/sSNz6s6JzkE,Cüneyt Özdemir,,,2,cuneyt_ozdemir,
https://youtu.be/fhploIMAyew,Cüneyt Özdemir,,,2,cuneyt_ozdemir,
https://youtu.be/zz6tmXNKts8,Cüneyt Özdemir,,,2,cuneyt_ozdemir,
https://youtu.be/SkGisJcfLLs,Cüneyt Özdemir,,,2,cuneyt_ozdemir,
https://youtu.be/vc64soBAs_U,Cüneyt Özdemir,,,2,cuneyt_ozdemir,
https://youtu.be/fwkZTW_7DTo,Cüneyt Özdemir,,,2,cuneyt_ozdemir,
https://youtu.be/XZhzQ95tliI,Cüneyt Özdemir,,,2,cuneyt_ozdemir,
https://youtu.be/CVVI3UQq9Bo,Cüneyt Özdemir,,,2,cuneyt_ozdemir,
https://youtu.be/TJjVva27Y6g,Cüneyt Özdemir,,,2,cuneyt_ozdemir,
https://youtu.be/Ma8gdIcpZrQ,Cüneyt Özdemir,,,2,cuneyt_ozdemir,
https://youtu.be/OspRjRGnPMY,Cüneyt Özdemir,,,2,cuneyt_ozdemir,
https://youtu.be/SVOy-k7zl_o,Cüneyt Özdemir,,,2,cuneyt_ozdemir,
https://youtu.be/kUpY707WHYU,Cüneyt Özdemir,,,2,cuneyt_ozdemir,
https://youtu.be/YSVYOh40Om8,Cüneyt Özdemir,,,2,cuneyt_ozdemir,
https://youtu.be/nr-Sl2FsilE,Cüneyt Özdemir,,,2,cuneyt_ozdemir,
https://youtu.be/kP_AOR7sy8Y,Cüneyt Özdemir,,,2,cuneyt_ozdemir,
https://youtu.be/K30fxiYCslw,Cüneyt Özdemir,,,2,cuneyt_ozdemir,
https://youtu.be/8RX6Q_Q8lT8,Cüneyt Özdemir,,,2,cuneyt_ozdemir,
https://youtu.be/RC4KG8Kr-90,Cüneyt Özdemir,,,2,cuneyt_ozdemir,
https://youtu.be/mVRBMdzHF7w,Cüneyt Özdemir,,,2,cuneyt_ozdemir,
https://youtu.be/8RP44Cp8g1o,Cüneyt Özdemir,,,2,cuneyt_ozdemir,
https://youtu.be/UmggZyNEB68,Cüneyt Özdemir,,,2,cuneyt_ozdemir,
https://youtu.be/uPmRe9B7dxA,Cüneyt Özdemir,,,2,cuneyt_ozdemir,
https://youtu.be/bwAIwYAmP7A,Cüneyt Özdemir,,,2,cuneyt_ozdemir,
https://youtu.be/_sI1DpGg0iw,Cüneyt Özdemir,,,2,cuneyt_ozdemir,
https://youtu.be/FTtlSIE5szw,Cüneyt Özdemir,,,2,cuneyt_ozdemir,
https://youtu.be/C5ZeU6USMHM,Cüneyt Özdemir,,,2,cuneyt_ozdemir,
https://youtu.be/k7m9nQ9O26s,Cüneyt Özdemir,,,2,cuneyt_ozdemir,
https://youtu.be/9yaN5PBPZww,Cüneyt Özdemir,,,2,cuneyt_ozdemir,
https://youtu.be/M26kBxXODBI,Cüneyt Özdemir,,,2,cuneyt_ozdemir,
https://youtu.be/gEfX5cBmP8A,Cüneyt Özdemir,,,2,cuneyt_ozdemir,
https://youtu.be/QKopsmPXGiQ,Cüneyt Özdemir,,,2,cuneyt_ozdemir,
https://youtu.be/6spsj6DRuV4,Cüneyt Özdemir,,,2,cuneyt_ozdemir,
https://youtu.be/esGbvTppI1A,Cüneyt Özdemir,,,2,cuneyt_ozdemir,
https://youtu.be/Z22kGneOKkE,Cüneyt Özdemir,,,2,cuneyt_ozdemir,
https://youtu.be/H6VESxwXcK4,Cüneyt Özdemir,,,2,cuneyt_ozdemir,
https://youtu.be/bC0HQJwgjCA,Cüneyt Özdemir,,,2,cuneyt_ozdemir,
https://youtu.be/sAPSsratbYI,Cüneyt Özdemir,,,2,cuneyt_ozdemir,
https://youtu.be/gKLCsnOc3gQ,Cüneyt Özdemir,,,2,cuneyt_ozdemir,
https://youtu.be/hxnglXuOYLg,Cüneyt Özdemir,,,2,cuneyt_ozdemir,
https://youtu.be/7OJjoFdmmwM,Cüneyt Özdemir,,,2,cuneyt_ozdemir,
https://youtu.be/MkcNQeUHEiU,Cüneyt Özdemir,,,2,cuneyt_ozdemir,
https://youtu.be/j-kvElY9luM,Cüneyt Özdemir,,,2,cuneyt_ozdemir,
https://youtu.be/2WToCa3E9yU,Cüneyt Özdemir,,,2,cuneyt_ozdemir,
https://youtu.be/iJ3xxrh-qIc,Cüneyt Özdemir,,,2,cuneyt_ozdemir,
https://youtu.be/AgvsGkRNAyU,Cüneyt Özdemir,,,2,cuneyt_ozdemir,
https://youtu.be/yAqJQtldxwY,Cüneyt Özdemir,,,2,cuneyt_ozdemir,
https://youtu.be/Fxy7m0MGSfo,Cüneyt Özdemir,,,2,cuneyt_ozdemir,
https://youtu.be/oPqunnUZUnY,Cüneyt Özdemir,,,2,cuneyt_ozdemir,
https://youtu.be/7G5BJckxloE,Cüneyt Özdemir,,,2,cuneyt_ozdemir,
https://youtu.be/I4TESaK55IM,Cüneyt Özdemir,,,2,cuneyt_ozdemir,
https://youtu.be/I0C5trM4lXQ,Cüneyt Özdemir,,,2,cuneyt_ozdemir,
https://youtu.be/ZoVdNaoWF_E,Cüneyt Özdemir,,,2,cuneyt_ozdemir,
https://youtu.be/BZZd0eku0Qs,Cüneyt Özdemir,,,2,cuneyt_ozdemir,
https://youtu.be/KSCjt7j72_Q,Cüneyt Özdemir,,,2,cuneyt_ozdemir,
https://youtu.be/mScQtIhw9DE,Cüneyt Özdemir,,,2,cuneyt_ozdemir,
https://youtu.be/k6U82VFvey0,Cüneyt Özdemir,,,2,cuneyt_ozdemir,
https://youtu.be/Tde0-0gz4fc,Cüneyt Özdemir,,,2,cuneyt_ozdemir,
https://youtu.be/jMBcQ32g520,Cüneyt Özdemir,,,2,cuneyt_ozdemir,
https://youtu.be/4_RQdDLORgs,Cüneyt Özdemir,,,2,cuneyt_ozdemir,
https://youtu.be/MSOgMqmCQNU,Cüneyt Özdemir,,,2,cuneyt_ozdemir,
https://youtu.be/LrFe_Zj12gw,Cüneyt Özdemir,,,2,cuneyt_ozdemir,
https://youtu.be/oc1W3nIDR5o,Cüneyt Özdemir,,,2,cuneyt_ozdemir,
https://youtu.be/gA91_qg01Jg,Cüneyt Özdemir,,,2,cuneyt_ozdemir,
https://youtu.be/edX8f_8dX74,Cüneyt Özdemir,,,2,cuneyt_ozdemir,
https://youtu.be/w46fN3t8zqk,Cüneyt Özdemir,,,2,cuneyt_ozdemir,
https://youtu.be/KcqqV_r72MU,Cüneyt Özdemir,,,2,cuneyt_ozdemir,
https://youtu.be/MWXtyzj5TLY,Cüneyt Özdemir,,,2,cuneyt_ozdemir,
https://youtu.be/r9tRR3AGp8M,Cüneyt Özdemir,,,2,cuneyt_ozdemir,
https://youtu.be/YXaxltU8DqU,Cüneyt Özdemir,,,2,cuneyt_ozdemir,
https://youtu.be/--mXkvmlh8E,Cüneyt Özdemir,,,2,cuneyt_ozdemir,
https://youtu.be/zobq68-7k44,Cüneyt Özdemir,,,2,cuneyt_ozdemir,
https://youtu.be/xh4wsT-vl0k,Cüneyt Özdemir,,,2,cuneyt_ozdemir,
https://youtu.be/c13bLcSrETs,Cüneyt Özdemir,,,2,cuneyt_ozdemir,
https://youtu.be/kUr7CqM8xEg,Cüneyt Özdemir,,,2,cuneyt_ozdemir,
https://youtu.be/m2xD5d-tX5E,Cüneyt Özdemir,,,2,cuneyt_ozdemir,
https://youtu.be/anW3tYC5sRc,Cüneyt Özdemir,,,2,cuneyt_ozdemir,
https://youtu.be/lGda7Mszhh8,Cüneyt Özdemir,,,2,cuneyt_ozdemir,
https://youtu.be/UjNSFfI8pSo,Cüneyt Özdemir,,,2,cuneyt_ozdemir,
https://youtu.be/TayeVQplYKw,Cüneyt Özdemir,,,2,cuneyt_ozdemir,
https://youtu.be/cMAb7CmpQAM,Cüneyt Özdemir,,,2,cuneyt_ozdemir,
https://youtu.be/Z4THXCM0Yck,Cüneyt Özdemir,,,2,cuneyt_ozdemir,
https://youtu.be/f8hWWM4JEvE,Cüneyt Özdemir,,,2,cuneyt_ozdemir,
https://youtu.be/216ekO4M2gQ,Cüneyt Özdemir,,,2,cuneyt_ozdemir,
https://youtu.be/-OCy3rvT0zI,Cüneyt Özdemir,,,2,cuneyt_ozdemir,
https://youtu.be/UiiUcH8moqk,Cüneyt Özdemir,,,2,cuneyt_ozdemir,
https://youtu.be/ZE-lbhQHS-s,Cüneyt Özdemir,,,2,cuneyt_ozdemir,
https://youtu.be/8QXGnEPitFg,Cüneyt Özdemir,,,2,cuneyt_ozdemir,
https://youtu.be/nF14fguq1uk,Cüneyt Özdemir,,,2,cuneyt_ozdemir,
https://youtu.be/NEaRld7NeB8,Cüneyt Özdemir,,,2,cuneyt_ozdemir,
https://youtu.be/DqzJAk3RxoQ,Cüneyt Özdemir,,,2,cuneyt_ozdemir,
https://youtu.be/9hKqUJx3tDI,Cüneyt Özdemir,,,2,cuneyt_ozdemir,
https://youtu.be/oMiCiVBBllA,Cüneyt Özdemir,,,2,cuneyt_ozdemir,
https://youtu.be/rOBLyq9To7w,Cüneyt Özdemir,,,2,cuneyt_ozdemir,
https://youtu.be/Nw2uaNahogM,Cüneyt Özdemir,,,2,cuneyt_ozdemir,
https://youtu.be/74Qs_yo0nx8,Cüneyt Özdemir,,,2,cuneyt_ozdemir,
https://youtu.be/OXjhaClcRs4,Cüneyt Özdemir,,,2,cuneyt_ozdemir,
https://youtu.be/8gQWrwG6CQ8,Cüneyt Özdemir,,,2,cuneyt_ozdemir,
https://youtu.be/HE3MBSnQJK4,Cüneyt Özdemir,,,2,cuneyt_ozdemir,
https://youtu.be/ikDbJ0MY5SM,Cüneyt Özdemir,,,2,cuneyt_ozdemir,
https://youtu.be/bqfFn1Vl3hM,Cüneyt Özdemir,,,2,cuneyt_ozdemir,
https://youtu.be/sW7cNTlg9Tg,Cüneyt Özdemir,,,2,cuneyt_ozdemir,
https://youtu.be/drtni3vLyVQ,Cüneyt Özdemir,,,2,cuneyt_ozdemir,
https://youtu.be/aYWekePeBnw,Cüneyt Özdemir,,,2,cuneyt_ozdemir,
https://youtu.be/85AfkIWD83E,Cüneyt Özdemir,,,2,cuneyt_ozdemir,
https://youtu.be/jFwcAzko3rw,Cüneyt Özdemir,,,2,cuneyt_ozdemir,
https://youtu.be/RO8c9mYv8ko,Cüneyt Özdemir,,,2,cuneyt_ozdemir,
https://youtu.be/u_SKlG15aD8,Cüneyt Özdemir,,,2,cuneyt_ozdemir,
https://youtu.be/_i5z7UBtd5U,Cüneyt Özdemir,,,2,cuneyt_ozdemir,
https://youtu.be/ronlHXyR3DQ,Cüneyt Özdemir,,,2,cuneyt_ozdemir,
https://youtu.be/gE70566BNuo,Cüneyt Özdemir,,,2,cuneyt_ozdemir,
https://youtu.be/8iRyzd-uN-I,Cüneyt Özdemir,,,2,cuneyt_ozdemir,
https://youtu.be/8hDsvb8YSIw,Cüneyt Özdemir,,,2,cuneyt_ozdemir,
https://youtu.be/NqcEQIyqOKo,Cüneyt Özdemir,,,2,cuneyt_ozdemir,
https://youtu.be/pxi-V3mfpjA,Cüneyt Özdemir,,,2,cuneyt_ozdemir,
https://youtu.be/Qz5fqH2bqzc,Cüneyt Özdemir,,,2,cuneyt_ozdemir,
https://youtu.be/t8iBVMg4bgE,Cüneyt Özdemir,,,2,cuneyt_ozdemir,
https://youtu.be/wmQvAcKBsT4,Cüneyt Özdemir,,,2,cuneyt_ozdemir,
https://youtu.be/DaTrE9YbhRs,Cüneyt Özdemir,,,2,cuneyt_ozdemir,
https://youtu.be/CHlCPzHxzQ4,Cüneyt Özdemir,,,2,cuneyt_ozdemir,
https://youtu.be/1iIv5ejwm_M,Cüneyt Özdemir,,,2,cuneyt_ozdemir,
https://youtu.be/qh5mEIh2Bcw,Cüneyt Özdemir,,,2,cuneyt_ozdemir,
https://youtu.be/5_25NVNlN8c,Cüneyt Özdemir,,,2,cuneyt_ozdemir,
https://youtu.be/YIWmqR5YE1A,Cüneyt Özdemir,,,2,cuneyt_ozdemir,
https://youtu.be/OzDFbj9Dr60,Cüneyt Özdemir,,,2,cuneyt_ozdemir,
https://youtu.be/rSwGeQTunGI,Cüneyt Özdemir,,,2,cuneyt_ozdemir,
https://youtu.be/NbvxnxOYvEw,Cüneyt Özdemir,,,2,cuneyt_ozdemir,
https://youtu.be/o23zCVt2JVg,Cüneyt Özdemir,,,2,cuneyt_ozdemir,
https://youtu.be/MuAsJyolt1A,Cüneyt Özdemir,,,2,cuneyt_ozdemir,
https://youtu.be/PH4L05h6Hz4,Cüneyt Özdemir,,,2,cuneyt_ozdemir,
https://youtu.be/hVwbMYuzxsI,Cüneyt Özdemir,,,2,cuneyt_ozdemir,
https://youtu.be/YJBVTTRl54E,Cüneyt Özdemir,,,2,cuneyt_ozdemir,
https://youtu.be/rK0GsltLwhI,Cüneyt Özdemir,,,2,cuneyt_ozdemir,
https://youtu.be/LZoMDPPXfEE,Cüneyt Özdemir,,,2,cuneyt_ozdemir,
https://youtu.be/vzlHsGlt6SI,Cüneyt Özdemir,,,2,cuneyt_ozdemir,
https://youtu.be/_hM9LEfOKTU,Cüneyt Özdemir,,,2,cuneyt_ozdemir,
https://youtu.be/I00KrZh-Vvw,Cüneyt Özdemir,,,2,cuneyt_ozdemir,
https://youtu.be/dlzR8ELiYGw,Cüneyt Özdemir,,,2,cuneyt_ozdemir,
https://youtu.be/MNI5ySCb3Z4,Cüneyt Özdemir,,,2,cuneyt_ozdemir,
https://youtu.be/10FcbTgdYrc,Cüneyt Özdemir,,,2,cuneyt_ozdemir,
https://youtu.be/QPmvYdc3uAw,Cüneyt Özdemir,,,2,cuneyt_ozdemir,
https://youtu.be/N-oG9UYpzNc,Cüneyt Özdemir,,,2,cuneyt_ozdemir,
https://youtu.be/Pd5FFBnYDg8,Cüneyt Özdemir,,,2,cuneyt_ozdemir,
https://youtu.be/airRY7JVtsk,Cüneyt Özdemir,,,2,cuneyt_ozdemir,
https://youtu.be/Ke5-MotaEgU,Cüneyt Özdemir,,,2,cuneyt_ozdemir,
https://youtu.be/tYCf4a_o8RI,Cüneyt Özdemir,,,2,cuneyt_ozdemir,
https://youtu.be/eoArH3EsgJ8,Cüneyt Özdemir,,,2,cuneyt_ozdemir,
https://youtu.be/hbkt8fuLjGU,Cüneyt Özdemir,,,2,cuneyt_ozdemir,
https://youtu.be/ip9wzl2b7b8,Cüneyt Özdemir,,,2,cuneyt_ozdemir,
https://youtu.be/esKdLK6ewh0,Cüneyt Özdemir,,,2,cuneyt_ozdemir,
https://youtu.be/lkiihlFZ0F0,Cüneyt Özdemir,,,2,cuneyt_ozdemir,
https://youtu.be/cVFh3xwIgO8,Cüneyt Özdemir,,,2,cuneyt_ozdemir,
https://youtu.be/EXTXYtzBt64,Cüneyt Özdemir,,,2,cuneyt_ozdemir,
https://youtu.be/X_6Knh8Fu58,Cüneyt Özdemir,,,2,cuneyt_ozdemir,
https://youtu.be/WtcBUNd0_NY,Cüneyt Özdemir,,,2,cuneyt_ozdemir,
https://youtu.be/YXV_rWFGWLw,Cüneyt Özdemir,,,2,cuneyt_ozdemir,
https://youtu.be/7nn2s6D0uFQ,Cüneyt Özdemir,,,2,cuneyt_ozdemir,
https://youtu.be/-jLbLgJ9Amc,Cüneyt Özdemir,,,2,cuneyt_ozdemir,
https://youtu.be/86ie94Mo19o,Cüneyt Özdemir,,,2,cuneyt_ozdemir,
https://youtu.be/PHMSN2dxBek,Cüneyt Özdemir,,,2,cuneyt_ozdemir,
https://youtu.be/cpuFlLRpOgA,Cüneyt Özdemir,,,2,cuneyt_ozdemir,
https://youtu.be/0iKnxc07LUg,Cüneyt Özdemir,,,2,cuneyt_ozdemir,
https://youtu.be/zJoF4gVslFY,Cüneyt Özdemir,,,2,cuneyt_ozdemir,
https://youtu.be/OHrDfLnqV4Q,Cüneyt Özdemir,,,2,cuneyt_ozdemir,
https://youtu.be/b6aW3CU5tg0,Cüneyt Özdemir,,,2,cuneyt_ozdemir,
https://youtu.be/i16puxYvRx4,Cüneyt Özdemir,,,2,cuneyt_ozdemir,
https://youtu.be/6WpRKFE3TAw,Cüneyt Özdemir,,,2,cuneyt_ozdemir,
https://youtu.be/VwR7BeDbc8w,Cüneyt Özdemir,,,2,cuneyt_ozdemir,
https://youtu.be/lfd50LmW8f8,Cüneyt Özdemir,,,2,cuneyt_ozdemir,
https://youtu.be/U5TOCbaRbY0,Cüneyt Özdemir,,,2,cuneyt_ozdemir,
https://youtu.be/UdvuGuELxLo,Cüneyt Özdemir,,,2,cuneyt_ozdemir,
https://youtu.be/bJPYsU0wMc8,Cüneyt Özdemir,,,2,cuneyt_ozdemir,
https://youtu.be/ChpbqFjmKHI,Cüneyt Özdemir,,,2,cuneyt_ozdemir,
https://youtu.be/DBRX91WofXs,Cüneyt Özdemir,,,2,cuneyt_ozdemir,
https://youtu.be/dACxeHT3tPs,Cüneyt Özdemir,,,2,cuneyt_ozdemir,
https://youtu.be/R11oVmMJx7E,Cüneyt Özdemir,,,2,cuneyt_ozdemir,
https://youtu.be/daFb-nKbgF4,Cüneyt Özdemir,,,2,cuneyt_ozdemir,
https://youtu.be/mTYo8o9HIpk,Cüneyt Özdemir,,,2,cuneyt_ozdemir,
https://youtu.be/lG2S7_JSV_o,Cüneyt Özdemir,,,2,cuneyt_ozdemir,
https://youtu.be/dUMWi6id2Go,Cüneyt Özdemir,,,2,cuneyt_ozdemir,
https://youtu.be/y-2I9fMOElc,Cüneyt Özdemir,,,2,cuneyt_ozdemir,
https://youtu.be/-es_1dN9nNo,Cüneyt Özdemir,,,2,cuneyt_ozdemir,
https://youtu.be/YiXQjRSDijM,Cüneyt Özdemir,,,2,cuneyt_ozdemir,
https://youtu.be/vnIqpZvze8U,Cüneyt Özdemir,,,2,cuneyt_ozdemir,
https://youtu.be/M25gIdXFnEg,Cüneyt Özdemir,,,2,cuneyt_ozdemir,
https://youtu.be/sZk-STQv_ak,Cüneyt Özdemir,,,2,cuneyt_ozdemir,
https://youtu.be/VKgP-1h5KLc,Cüneyt Özdemir,,,2,cuneyt_ozdemir,
https://youtu.be/WnBTNro4YeA,Cüneyt Özdemir,,,2,cuneyt_ozdemir,
https://youtu.be/kRify-zD6o4,Cüneyt Özdemir,,,2,cuneyt_ozdemir,
https://youtu.be/LlmZ18l0xT0,Cüneyt Özdemir,,,2,cuneyt_ozdemir,
https://youtu.be/n64Qwbj_Yrc,Cüneyt Özdemir,,,2,cuneyt_ozdemir,
https://youtu.be/d4llbLZDyVk,Cüneyt Özdemir,,,2,cuneyt_ozdemir,
https://youtu.be/lbZVYbbCw1U,Cüneyt Özdemir,,,2,cuneyt_ozdemir,
https://youtu.be/Q473IUfwn98,Cüneyt Özdemir,,,2,cuneyt_ozdemir,
https://youtu.be/Tch4YoKUPpo,Cüneyt Özdemir,,,2,cuneyt_ozdemir,
https://youtu.be/5lx2tOMPb5w,Cüneyt Özdemir,,,2,cuneyt_ozdemir,
https://youtu.be/PA8nm3W-kHU,Cüneyt Özdemir,,,2,cuneyt_ozdemir,
https://youtu.be/jhdUSd1-AiM,Cüneyt Özdemir,,,2,cuneyt_ozdemir,
https://youtu.be/ffDc4jK9wgM,Cüneyt Özdemir,,,2,cuneyt_ozdemir,
https://youtu.be/mHxoeHVMtJk,Cüneyt Özdemir,,,2,cuneyt_ozdemir,
https://youtu.be/_2smyUjPOHE,Cüneyt Özdemir,,,2,cuneyt_ozdemir,
https://youtu.be/t8zs_n-3A78,Cüneyt Özdemir,,,2,cuneyt_ozdemir,
https://youtu.be/V8B5Gf-kmJk,Cüneyt Özdemir,,,2,cuneyt_ozdemir,
https://youtu.be/4qFEpRwoe8A,Cüneyt Özdemir,,,2,cuneyt_ozdemir,
https://youtu.be/7TQfpBHKZ_w,Cüneyt Özdemir,,,2,cuneyt_ozdemir,
https://youtu.be/Cb1yS2qEahM,Cüneyt Özdemir,,,2,cuneyt_ozdemir,
https://youtu.be/xfhZCjkE_8c,Cüneyt Özdemir,,,2,cuneyt_ozdemir,
https://youtu.be/4ZDPDEzGkVQ,Cüneyt Özdemir,,,2,cuneyt_ozdemir,
https://youtu.be/SQaQNu6v9ac,Cüneyt Özdemir,,,2,cuneyt_ozdemir,
https://youtu.be/Zzf51EafURQ,Cüneyt Özdemir,,,2,cuneyt_ozdemir,
https://youtu.be/nm4PKET0tig,Cüneyt Özdemir,,,2,cuneyt_ozdemir,
https://youtu.be/EWIYl0zxKg4,Cüneyt Özdemir,,,2,cuneyt_ozdemir,
https://youtu.be/bWfM9HTd15M,Cüneyt Özdemir,,,2,cuneyt_ozdemir,
https://youtu.be/NKNyD43x58I,Cüneyt Özdemir,,,2,cuneyt_ozdemir,
https://youtu.be/X1fhFBsWoKo,Cüneyt Özdemir,,,2,cuneyt_ozdemir,
https://youtu.be/eqhkK45njOY,Cüneyt Özdemir,,,2,cuneyt_ozdemir,
https://youtu.be/BGpF1RzHl0Y,Cüneyt Özdemir,,,2,cuneyt_ozdemir,
https://youtu.be/JOv9pl_jkBA,Cüneyt Özdemir,,,2,cuneyt_ozdemir,
https://youtu.be/c0rwOqQQDUM,Cüneyt Özdemir,,,2,cuneyt_ozdemir,
https://youtu.be/8zCH57ng6NE,Cüneyt Özdemir,,,2,cuneyt_ozdemir,
https://youtu.be/GfkHTKWMr4k,Cüneyt Özdemir,,,2,cuneyt_ozdemir,
https://youtu.be/6sS6CAgHnlg,Cüneyt Özdemir,,,2,cuneyt_ozdemir,
https://youtu.be/9vl1xvSo5RY,Cüneyt Özdemir,,,2,cuneyt_ozdemir,
https://youtu.be/5j3K3A15LyE,Cüneyt Özdemir,,,2,cuneyt_ozdemir,
https://youtu.be/zf0rnYLK3s8,Cüneyt Özdemir,,,2,cuneyt_ozdemir,
https://youtu.be/zz6uQfxTSSE,Cüneyt Özdemir,,,2,cuneyt_ozdemir,
https://youtu.be/yvk5mN6fIuE,Cüneyt Özdemir,,,2,cuneyt_ozdemir,
https://youtu.be/kdh-ucO0ArA,Cüneyt Özdemir,,,2,cuneyt_ozdemir,
https://youtu.be/lBbREDmk9lU,Cüneyt Özdemir,,,2,cuneyt_ozdemir,
https://youtu.be/jkv9MwC82iw,Cüneyt Özdemir,,,2,cuneyt_ozdemir,
https://youtu.be/tDRl_UyOA8Q,Cüneyt Özdemir,,,2,cuneyt_ozdemir,
https://youtu.be/SeSg5CANKaA,Cüneyt Özdemir,,,2,cuneyt_ozdemir,
https://youtu.be/K_f-f1zzIw8,Cüneyt Özdemir,,,2,cuneyt_ozdemir,
https://youtu.be/EpGEBaE3uwE,Cüneyt Özdemir,,,2,cuneyt_ozdemir,
https://youtu.be/jQcgujnlIvA,Cüneyt Özdemir,,,2,cuneyt_ozdemir,
https://youtu.be/vjHVpzcqQD8,Cüneyt Özdemir,,,2,cuneyt_ozdemir,
https://youtu.be/hlHF-0_NUjI,Cüneyt Özdemir,,,2,cuneyt_ozdemir,
https://youtu.be/Yl6v_9dY9-s,Cüneyt Özdemir,,,2,cuneyt_ozdemir,
https://youtu.be/joF7bsYNELY,Cüneyt Özdemir,,,2,cuneyt_ozdemir,
https://youtu.be/T8sUgNrASNI,Cüneyt Özdemir,,,2,cuneyt_ozdemir,
https://youtu.be/ldfrPgfCuVM,Cüneyt Özdemir,,,2,cuneyt_ozdemir,
https://youtu.be/347lXy323OI,Cüneyt Özdemir,,,2,cuneyt_ozdemir,
https://youtu.be/YUOq5xzyXNM,Cüneyt Özdemir,,,2,cuneyt_ozdemir,
https://youtu.be/hdsTVYZpwbE,Cüneyt Özdemir,,,2,cuneyt_ozdemir,
https://youtu.be/YXPfb9wg9fw,Cüneyt Özdemir,,,2,cuneyt_ozdemir,
https://youtu.be/Va5djAwOhIs,Cüneyt Özdemir,,,2,cuneyt_ozdemir,
https://youtu.be/gzM3WaJi530,Cüneyt Özdemir,,,2,cuneyt_ozdemir,
https://youtu.be/VbIxyhVeDQ4,Cüneyt Özdemir,,,2,cuneyt_ozdemir,
https://youtu.be/YlUjQ6Tzkt0,Cüneyt Özdemir,,,2,cuneyt_ozdemir,
https://youtu.be/aBJ3Pxitl-g,Cüneyt Özdemir,,,2,cuneyt_ozdemir,
https://youtu.be/u5ck1VHOLfQ,Cüneyt Özdemir,,,2,cuneyt_ozdemir,
https://youtu.be/uf5Ig0D0bh0,Cüneyt Özdemir,,,2,cuneyt_ozdemir,
https://youtu.be/L85qvwS6I_E,Cüneyt Özdemir,,,2,cuneyt_ozdemir,
https://youtu.be/HMT62S1XjG8,Cüneyt Özdemir,,,2,cuneyt_ozdemir,
https://youtu.be/ZYDPU6X96-4,Cüneyt Özdemir,,,2,cuneyt_ozdemir,
https://youtu.be/niDUwA0SLUE,Cüneyt Özdemir,,,2,cuneyt_ozdemir,
https://youtu.be/muFCqEu6Clw,Cüneyt Özdemir,,,2,cuneyt_ozdemir,
https://youtu.be/dr75LX9Qabc,Cüneyt Özdemir,,,2,cuneyt_ozdemir,
https://youtu.be/kE_Z3MH_rhQ,Cüneyt Özdemir,,,2,cuneyt_ozdemir,
https://youtu.be/NhlSqgdOgsQ,Cüneyt Özdemir,,,2,cuneyt_ozdemir,
https://youtu.be/XjTjBbGFQQ8,Cüneyt Özdemir,,,2,cuneyt_ozdemir,
https://youtu.be/1iCWtaHOmmo,Cüneyt Özdemir,,,2,cuneyt_ozdemir,
https://youtu.be/PreEk3XqB2c,Cüneyt Özdemir,,,2,cuneyt_ozdemir,
https://youtu.be/SHqskaGhn3U,Cüneyt Özdemir,,,2,cuneyt_ozdemir,
https://youtu.be/mzjT7U7Y1jY,Cüneyt Özdemir,,,2,cuneyt_ozdemir,
https://youtu.be/NGfOwWmZnUM,Cüneyt Özdemir,,,2,cuneyt_ozdemir,
https://youtu.be/GvNfDNC-D-k,Cüneyt Özdemir,,,2,cuneyt_ozdemir,
https://youtu.be/bL9EeBCPYG4,Cüneyt Özdemir,,,2,cuneyt_ozdemir,
https://youtu.be/chu9D1689YA,Cüneyt Özdemir,,,2,cuneyt_ozdemir,
https://youtu.be/aJbliIXetIQ,Cüneyt Özdemir,,,2,cuneyt_ozdemir,
https://youtu.be/qZatijZ0iSA,Cüneyt Özdemir,,,2,cuneyt_ozdemir,
https://youtu.be/0VErRFcluyo,Cüneyt Özdemir,,,2,cuneyt_ozdemir,
https://youtu.be/lhv1qChE5AM,Cüneyt Özdemir,,,2,cuneyt_ozdemir,
https://youtu.be/zvP13jjOv0k,Cüneyt Özdemir,,,2,cuneyt_ozdemir,
https://youtu.be/Z2Dn_vE-x9s,Cüneyt Özdemir,,,2,cuneyt_ozdemir,
https://youtu.be/Vz-VAt57G2g,Cüneyt Özdemir,,,2,cuneyt_ozdemir,
https://youtu.be/Ctl_OF10Uu4,Cüneyt Özdemir,,,2,cuneyt_ozdemir,
https://youtu.be/IIUawP8DR_c,Cüneyt Özdemir,,,2,cuneyt_ozdemir,
https://youtu.be/4rypC8PJyFo,Cüneyt Özdemir,,,2,cuneyt_ozdemir,
https://youtu.be/spR75AZrMTI,Cüneyt Özdemir,,,2,cuneyt_ozdemir,
https://youtu.be/zFUE4ZJDh1U,Cüneyt Özdemir,,,2,cuneyt_ozdemir,
https://youtu.be/WQXPTb6byCs,Cüneyt Özdemir,,,2,cuneyt_ozdemir,
https://youtu.be/s1IcuJi826s,Cüneyt Özdemir,,,2,cuneyt_ozdemir,
https://youtu.be/4C9RhR4L-hw,Cüneyt Özdemir,,,2,cuneyt_ozdemir,
https://youtu.be/KzsmVvOSAis,Cüneyt Özdemir,,,2,cuneyt_ozdemir,
https://youtu.be/0BUCdGzsg2k,Cüneyt Özdemir,,,2,cuneyt_ozdemir,
https://youtu.be/u2WHXDAJ2ik,Cüneyt Özdemir,,,2,cuneyt_ozdemir,
https://youtu.be/zWhpgOj6k-A,Cüneyt Özdemir,,,2,cuneyt_ozdemir,
https://youtu.be/hw9W0Jm4Szw,Cüneyt Özdemir,,,2,cuneyt_ozdemir,
https://youtu.be/tHGWnaXpCPk,Cüneyt Özdemir,,,2,cuneyt_ozdemir,
https://youtu.be/iFuKd8hpZk4,Cüneyt Özdemir,,,2,cuneyt_ozdemir,
https://youtu.be/buzIBJjgdPg,Cüneyt Özdemir,,,2,cuneyt_ozdemir,
https://youtu.be/LfHCRU-JD7k,Cüneyt Özdemir,,,2,cuneyt_ozdemir,
https://youtu.be/dd6Jw-MzYwQ,Cüneyt Özdemir,,,2,cuneyt_ozdemir,
https://youtu.be/bYxWzniUO-Q,Cüneyt Özdemir,,,2,cuneyt_ozdemir,
https://youtu.be/b2HczHFXQC4,Cüneyt Özdemir,,,2,cuneyt_ozdemir,
https://youtu.be/psl217tJ9nU,Cüneyt Özdemir,,,2,cuneyt_ozdemir,
https://youtu.be/wRGY-uGlPas,Cüneyt Özdemir,,,2,cuneyt_ozdemir,
https://youtu.be/KdIXXbnvz-k,Cüneyt Özdemir,,,2,cuneyt_ozdemir,
https://youtu.be/IPL5_cIKlhk,Cüneyt Özdemir,,,2,cuneyt_ozdemir,
https://youtu.be/oa24vthwgJ4,Cüneyt Özdemir,,,2,cuneyt_ozdemir,
https://youtu.be/I0kIb-213OM,Cüneyt Özdemir,,,2,cuneyt_ozdemir,
https://youtu.be/VLrkU-AKib0,Cüneyt Özdemir,,,2,cuneyt_ozdemir,
https://youtu.be/WrUv2XQ-S7w,Cüneyt Özdemir,,,2,cuneyt_ozdemir,
https://youtu.be/qkbXw50WfV8,Cüneyt Özdemir,,,2,cuneyt_ozdemir,
https://youtu.be/HRkAmVLoATM,Cüneyt Özdemir,,,2,cuneyt_ozdemir,
https://youtu.be/SIMrioYxgAM,Cüneyt Özdemir,,,2,cuneyt_ozdemir,
https://youtu.be/rftJ6lWgQVo,Cüneyt Özdemir,,,2,cuneyt_ozdemir,
https://youtu.be/x2fPQ2Y9WeI,Cüneyt Özdemir,,,2,cuneyt_ozdemir,
https://youtu.be/kE_OmWIZke0,Cüneyt Özdemir,,,2,cuneyt_ozdemir,
https://youtu.be/Cs7l6lKOIEg,Cüneyt Özdemir,,,2,cuneyt_ozdemir,
https://youtu.be/yeFuDbqphY0,Cüneyt Özdemir,,,2,cuneyt_ozdemir,
https://youtu.be/t_CuN10gEh4,Cüneyt Özdemir,,,2,cuneyt_ozdemir,
https://youtu.be/NTCLXElI4t4,Cüneyt Özdemir,,,2,cuneyt_ozdemir,
https://youtu.be/i2uISV12aZs,Cüneyt Özdemir,,,2,cuneyt_ozdemir,
https://youtu.be/gbUXGjdH8k8,Cüneyt Özdemir,,,2,cuneyt_ozdemir,
https://youtu.be/Wz0kmGYkAdw,Cüneyt Özdemir,,,2,cuneyt_ozdemir,
https://youtu.be/QFv1CL0tdgw,Cüneyt Özdemir,,,2,cuneyt_ozdemir,
https://youtu.be/N549zIjmcw4,Cüneyt Özdemir,,,2,cuneyt_ozdemir,
https://youtu.be/pKc9FBYdvfs,Cüneyt Özdemir,,,2,cuneyt_ozdemir,
https://youtu.be/dhOtSYU0cew,Cüneyt Özdemir,,,2,cuneyt_ozdemir,
https://youtu.be/7T5A8P5D1wM,Cüneyt Özdemir,,,2,cuneyt_ozdemir,
https://youtu.be/1EQPlTs9lLQ,Cüneyt Özdemir,,,2,cuneyt_ozdemir,
https://youtu.be/3g54jZ2kPUM,Cüneyt Özdemir,,,2,cuneyt_ozdemir,
https://youtu.be/2Wq1rnTehhw,Cüneyt Özdemir,,,2,cuneyt_ozdemir,
https://youtu.be/v8EVg8EPHVo,Cüneyt Özdemir,,,2,cuneyt_ozdemir,
https://youtu.be/eLAIsMTmexI,Cüneyt Özdemir,,,2,cuneyt_ozdemir,
https://youtu.be/G9-fcSmCQMU,Cüneyt Özdemir,,,2,cuneyt_ozdemir,
https://youtu.be/giEazqbtyKQ,Cüneyt Özdemir,,,2,cuneyt_ozdemir,
https://youtu.be/RzSeJeByMG0,Cüneyt Özdemir,,,2,cuneyt_ozdemir,
https://youtu.be/4PCZIDxKiLw,Cüneyt Özdemir,,,2,cuneyt_ozdemir,
https://youtu.be/1ak1HiCJv1g,Cüneyt Özdemir,,,2,cuneyt_ozdemir,
https://youtu.be/2FyWA6gSkEo,Cüneyt Özdemir,,,2,cuneyt_ozdemir,
https://youtu.be/EUOdyOSr0Y8,Cüneyt Özdemir,,,2,cuneyt_ozdemir,
https://youtu.be/8N3MzrWKYX0,Cüneyt Özdemir,,,2,cuneyt_ozdemir,
https://youtu.be/oPw40SvXBC0,Cüneyt Özdemir,,,2,cuneyt_ozdemir,
https://youtu.be/sv7TzV4qmCI,Cüneyt Özdemir,,,2,cuneyt_ozdemir,
https://youtu.be/oHrLDk67k4A,Cüneyt Özdemir,,,2,cuneyt_ozdemir,
https://youtu.be/AxWmrGz10zk,Cüneyt Özdemir,,,2,cuneyt_ozdemir,
https://youtu.be/sTOLxKlZR_s,Cüneyt Özdemir,,,2,cuneyt_ozdemir,
https://youtu.be/V_aJyxgX73M,Cüneyt Özdemir,,,2,cuneyt_ozdemir,
https://youtu.be/y_ws6ZXR-f8,Cüneyt Özdemir,,,2,cuneyt_ozdemir,
https://youtu.be/O-KDpHiRF_I,Cüneyt Özdemir,,,2,cuneyt_ozdemir,
https://youtu.be/5nd-WgQ8C-E,Cüneyt Özdemir,,,2,cuneyt_ozdemir,
https://youtu.be/QYEhw9Hi0Uc,Cüneyt Özdemir,,,2,cuneyt_ozdemir,
https://youtu.be/BcH4ft0qE8s,Cüneyt Özdemir,,,2,cuneyt_ozdemir,
https://youtu.be/gWg6F9ne0bI,Cüneyt Özdemir,,,2,cuneyt_ozdemir,
https://youtu.be/xcEQg-aS4Qs,Cüneyt Özdemir,,,2,cuneyt_ozdemir,
https://youtu.be/hkYcil2Dqp8,Cüneyt Özdemir,,,2,cuneyt_ozdemir,
https://youtu.be/lua4gTmtTKk,Cüneyt Özdemir,,,2,cuneyt_ozdemir,
https://youtu.be/Z7T6rUal0es,Cüneyt Özdemir,,,2,cuneyt_ozdemir,
https://youtu.be/w4rO9IKLYh0,Cüneyt Özdemir,,,2,cuneyt_ozdemir,
https://youtu.be/kZp1T1cdwyM,Cüneyt Özdemir,,,2,cuneyt_ozdemir,
https://youtu.be/nf3tJgrbSzM,Cüneyt Özdemir,,,2,cuneyt_ozdemir,
https://youtu.be/A5VdVz6YYpA,Cüneyt Özdemir,,,2,cuneyt_ozdemir,
https://youtu.be/QLfjhjagN9Q,Cüneyt Özdemir,,,2,cuneyt_ozdemir,
https://youtu.be/G2Cq0JrlnKw,Cüneyt Özdemir,,,2,cuneyt_ozdemir,
https://youtu.be/q2y6lOjhD_c,Cüneyt Özdemir,,,2,cuneyt_ozdemir,
https://youtu.be/0iZUWGzHyKU,Cüneyt Özdemir,,,2,cuneyt_ozdemir,
https://youtu.be/puUVPSU06eQ,Cüneyt Özdemir,,,2,cuneyt_ozdemir,
https://youtu.be/qMGC4Q8mvn0,Cüneyt Özdemir,,,2,cuneyt_ozdemir,
https://youtu.be/zqBJrB6jpzM,Cüneyt Özdemir,,,2,cuneyt_ozdemir,
https://youtu.be/zst_nk7EJzE,Cüneyt Özdemir,,,2,cuneyt_ozdemir,
https://youtu.be/1BB9G_LxOEo,Cüneyt Özdemir,,,2,cuneyt_ozdemir,
https://youtu.be/aKDbnFB-LV0,Cüneyt Özdemir,,,2,cuneyt_ozdemir,
https://youtu.be/mXgF8lP7l6A,Cüneyt Özdemir,,,2,cuneyt_ozdemir,
https://youtu.be/jHmhFlJL0rc,Cüneyt Özdemir,,,2,cuneyt_ozdemir,
https://youtu.be/IrwKZLkXw-E,Cüneyt Özdemir,,,2,cuneyt_ozdemir,
https://youtu.be/aucTrnPKmTc,Cüneyt Özdemir,,,2,cuneyt_ozdemir,
https://youtu.be/YYy04MplrEI,Cüneyt Özdemir,,,2,cuneyt_ozdemir,
https://youtu.be/XwTnffcEVPM,Cüneyt Özdemir,,,2,cuneyt_ozdemir,
https://youtu.be/pbWyMGrwzeA,Cüneyt Özdemir,,,2,cuneyt_ozdemir,
https://youtu.be/Jk34OU4ttCQ,Cüneyt Özdemir,,,2,cuneyt_ozdemir,
https://youtu.be/BdKcHAaOz1M,Cüneyt Özdemir,,,2,cuneyt_ozdemir,
https://youtu.be/zrm73QIVaG4,Cüneyt Özdemir,,,2,cuneyt_ozdemir,
https://youtu.be/3GNWRv2XX0M,Cüneyt Özdemir,,,2,cuneyt_ozdemir,
https://youtu.be/jq06XqYnM0Y,Cüneyt Özdemir,,,2,cuneyt_ozdemir,
https://youtu.be/jkRbxDXT6nk,Cüneyt Özdemir,,,2,cuneyt_ozdemir,
https://youtu.be/hcReGun6wMI,Cüneyt Özdemir,,,2,cuneyt_ozdemir,
https://youtu.be/EtEkvzm2PUI,Cüneyt Özdemir,,,2,cuneyt_ozdemir,
https://youtu.be/_178iEfOXZw,Cüneyt Özdemir,,,2,cuneyt_ozdemir,
https://youtu.be/k7E1cJ4a1Xg,Cüneyt Özdemir,,,2,cuneyt_ozdemir,
https://youtu.be/LvJtaoTg-6I,Cüneyt Özdemir,,,2,cuneyt_ozdemir,
https://youtu.be/F7V6rzan-4I,Cüneyt Özdemir,,,2,cuneyt_ozdemir,
https://youtu.be/_FAtF7GaRsU,Cüneyt Özdemir,,,2,cuneyt_ozdemir,
https://youtu.be/a9LZMcFx0LQ,Cüneyt Özdemir,,,2,cuneyt_ozdemir,
https://youtu.be/yANmTmWa1SQ,Cüneyt Özdemir,,,2,cuneyt_ozdemir,
https://youtu.be/YGii4A0iAnQ,Cüneyt Özdemir,,,2,cuneyt_ozdemir,
https://youtu.be/5c0LOyJl5ak,Cüneyt Özdemir,,,2,cuneyt_ozdemir,
https://youtu.be/o6GPrfkusos,Cüneyt Özdemir,,,2,cuneyt_ozdemir,
https://youtu.be/byddz1Fd8sQ,Cüneyt Özdemir,,,2,cuneyt_ozdemir,
https://youtu.be/qrKkMvx_L1I,Cüneyt Özdemir,,,2,cuneyt_ozdemir,
https://youtu.be/k2gKPuBUxJw,Cüneyt Özdemir,,,2,cuneyt_ozdemir,
https://youtu.be/9kGl_Z4zY-g,Cüneyt Özdemir,,,2,cuneyt_ozdemir,
https://youtu.be/Q8wuL6BzLJY,Cüneyt Özdemir,,,2,cuneyt_ozdemir,
https://youtu.be/iGIL5Dsg_7w,Cüneyt Özdemir,,,2,cuneyt_ozdemir,
https://youtu.be/fj9ndMFgHZg,Cüneyt Özdemir,,,2,cuneyt_ozdemir,
https://youtu.be/TsBY6viC4ug,Cüneyt Özdemir,,,2,cuneyt_ozdemir,
https://youtu.be/2NnphsE7jzE,Cüneyt Özdemir,,,2,cuneyt_ozdemir,
https://youtu.be/geWXwpnUD2E,Cüneyt Özdemir,,,2,cuneyt_ozdemir,
https://youtu.be/sZctyIfuc3E,Cüneyt Özdemir,,,2,cuneyt_ozdemir,
https://youtu.be/XaglKSgf-eU,Cüneyt Özdemir,,,2,cuneyt_ozdemir,
https://youtu.be/F-kc1Oeyw4w,Cüneyt Özdemir,,,2,cuneyt_ozdemir,
https://youtu.be/MU_3-DzyAl0,Cüneyt Özdemir,,,2,cuneyt_ozdemir,
https://youtu.be/o9NLz9Iw0_Q,Cüneyt Özdemir,,,2,cuneyt_ozdemir,
https://youtu.be/As0K4PTaLPE,Cüneyt Özdemir,,,2,cuneyt_ozdemir,
https://youtu.be/FfKWhXbZM_A,Cüneyt Özdemir,,,2,cuneyt_ozdemir,
https://youtu.be/1wYtQXfEtAI,Cüneyt Özdemir,,,2,cuneyt_ozdemir,
https://youtu.be/MyiScU-C4cg,Cüneyt Özdemir,,,2,cuneyt_ozdemir,
https://youtu.be/6koNWIv-1yE,Cüneyt Özdemir,,,2,cuneyt_ozdemir,
https://youtu.be/UfO9Ulvx43g,Cüneyt Özdemir,,,2,cuneyt_ozdemir,
https://youtu.be/r6v60mapd_M,Cüneyt Özdemir,,,2,cuneyt_ozdemir,
https://youtu.be/oK6f-R4cbUU,Cüneyt Özdemir,,,2,cuneyt_ozdemir,
https://youtu.be/ZoAq4ZOmdyc,Cüneyt Özdemir,,,2,cuneyt_ozdemir,
https://youtu.be/hC0Z99qzcq4,Cüneyt Özdemir,,,2,cuneyt_ozdemir,
https://youtu.be/H8PtH14RJ9U,Cüneyt Özdemir,,,2,cuneyt_ozdemir,
https://youtu.be/-2gfIPDq3Lg,Cüneyt Özdemir,,,2,cuneyt_ozdemir,
https://youtu.be/QmCriyHanS0,Cüneyt Özdemir,,,2,cuneyt_ozdemir,
https://youtu.be/9ZVp_x-QhVk,Cüneyt Özdemir,,,2,cuneyt_ozdemir,
https://youtu.be/HKrM4wFLGKk,Cüneyt Özdemir,,,2,cuneyt_ozdemir,
https://youtu.be/RQTwq5USCAs,Cüneyt Özdemir,,,2,cuneyt_ozdemir,
https://youtu.be/nEgUOSfWoPA,Cüneyt Özdemir,,,2,cuneyt_ozdemir,
https://youtu.be/1LAfxpBufUI,Cüneyt Özdemir,,,2,cuneyt_ozdemir,
https://youtu.be/azwcQdcpbaw,Cüneyt Özdemir,,,2,cuneyt_ozdemir,
https://youtu.be/Te35quIdRlc,Cüneyt Özdemir,,,2,cuneyt_ozdemir,
https://youtu.be/yTLT1dQ5kkM,Cüneyt Özdemir,,,2,cuneyt_ozdemir,
https://youtu.be/vGN4wU67sGc,Cüneyt Özdemir,,,2,cuneyt_ozdemir,
https://youtu.be/3v5FhT2LGXo,Cüneyt Özdemir,,,2,cuneyt_ozdemir,
https://youtu.be/4WWT47ND6ds,Cüneyt Özdemir,,,2,cuneyt_ozdemir,
https://youtu.be/dYY0SSuSg54,Cüneyt Özdemir,,,2,cuneyt_ozdemir,
https://youtu.be/KIyLqf_M4b8,Cüneyt Özdemir,,,2,cuneyt_ozdemir,
https://youtu.be/Fb0mFN4yk9A,Cüneyt Özdemir,,,2,cuneyt_ozdemir,
https://youtu.be/sTRIbSQUwGs,Cüneyt Özdemir,,,2,cuneyt_ozdemir,
https://youtu.be/UZjqnlUtHb0,Cüneyt Özdemir,,,2,cuneyt_ozdemir,
https://youtu.be/6UctjC_JUd4,Cüneyt Özdemir,,,2,cuneyt_ozdemir,
https://youtu.be/QeppOmVZCTU,Cüneyt Özdemir,,,2,cuneyt_ozdemir,
https://youtu.be/SxxSey8KZ2M,Cüneyt Özdemir,,,2,cuneyt_ozdemir,
https://youtu.be/gExQfVReg1g,Cüneyt Özdemir,,,2,cuneyt_ozdemir,
https://youtu.be/1UtjBylwHEU,Cüneyt Özdemir,,,2,cuneyt_ozdemir,
https://youtu.be/vNKAltj8-zY,Cüneyt Özdemir,,,2,cuneyt_ozdemir,
https://youtu.be/luzWW54zicE,Cüneyt Özdemir,,,2,cuneyt_ozdemir,
https://youtu.be/wE6xcEP0tu0,Cüneyt Özdemir,,,2,cuneyt_ozdemir,
https://youtu.be/TxY6IA0U7eo,Cüneyt Özdemir,,,2,cuneyt_ozdemir,
https://youtu.be/FwtPWoglD8k,Cüneyt Özdemir,,,2,cuneyt_ozdemir,
https://youtu.be/e8JPY4IVNhs,Cüneyt Özdemir,,,2,cuneyt_ozdemir,
https://youtu.be/DeKLw-xHWd4,Cüneyt Özdemir,,,2,cuneyt_ozdemir,
https://youtu.be/nUKL7cBO0yQ,Cüneyt Özdemir,,,2,cuneyt_ozdemir,
https://youtu.be/lqN-X_YqHME,Cüneyt Özdemir,,,2,cuneyt_ozdemir,
https://youtu.be/s4fke1ieS98,Cüneyt Özdemir,,,2,cuneyt_ozdemir,
https://youtu.be/lXa7-6iMKfk,Cüneyt Özdemir,,,2,cuneyt_ozdemir,
https://youtu.be/aP2Bunj_YKw,Cüneyt Özdemir,,,2,cuneyt_ozdemir,
https://youtu.be/YIsMGhFmzPE,Cüneyt Özdemir,,,2,cuneyt_ozdemir,
https://youtu.be/hKJN24Wx-Mc,Cüneyt Özdemir,,,2,cuneyt_ozdemir,
https://youtu.be/8Xtyjj3xpG0,Cüneyt Özdemir,,,2,cuneyt_ozdemir,
https://youtu.be/I9Y7C_0eVYQ,Cüneyt Özdemir,,,2,cuneyt_ozdemir,
https://youtu.be/r6xrh3eyt2g,Cüneyt Özdemir,,,2,cuneyt_ozdemir,
https://youtu.be/6R3ws89EUPA,Cüneyt Özdemir,,,2,cuneyt_ozdemir,
https://youtu.be/CoJs4yYZ7sM,Cüneyt Özdemir,,,2,cuneyt_ozdemir,
https://youtu.be/RCdUNM6qhf0,Cüneyt Özdemir,,,2,cuneyt_ozdemir,
https://youtu.be/49pwwIuWxaQ,Cüneyt Özdemir,,,2,cuneyt_ozdemir,
https://youtu.be/7Z3XOyMCSoE,Cüneyt Özdemir,,,2,cuneyt_ozdemir,
https://youtu.be/xLP0XNFfYtY,Cüneyt Özdemir,,,2,cuneyt_ozdemir,
https://youtu.be/9DfmCGtK-lM,Cüneyt Özdemir,,,2,cuneyt_ozdemir,
https://youtu.be/1cS_UTy3KAg,Cüneyt Özdemir,,,2,cuneyt_ozdemir,
https://youtu.be/x5Qgas4ptLQ,Cüneyt Özdemir,,,2,cuneyt_ozdemir,
https://youtu.be/XyRvovt-iTQ,Cüneyt Özdemir,,,2,cuneyt_ozdemir,
https://youtu.be/kpTYJkwGHFk,Cüneyt Özdemir,,,2,cuneyt_ozdemir,
https://youtu.be/ym5MQbZX0Ps,Cüneyt Özdemir,,,2,cuneyt_ozdemir,
https://youtu.be/2qwwLxdY1Cc,Cüneyt Özdemir,,,2,cuneyt_ozdemir,
https://youtu.be/d1RHMzpSKaM,Cüneyt Özdemir,,,2,cuneyt_ozdemir,
https://youtu.be/Nu20N8ELOK4,Cüneyt Özdemir,,,2,cuneyt_ozdemir,
https://youtu.be/Oz3lD_IuMBg,Cüneyt Özdemir,,,2,cuneyt_ozdemir,
https://youtu.be/6lHDdGFDjR4,Cüneyt Özdemir,,,2,cuneyt_ozdemir,
https://youtu.be/faicd4RH95A,Cüneyt Özdemir,,,2,cuneyt_ozdemir,
https://youtu.be/H8Q-4xWpaOI,Cüneyt Özdemir,,,2,cuneyt_ozdemir,
https://youtu.be/-o1MCJEMXkU,Cüneyt Özdemir,,,2,cuneyt_ozdemir,
https://youtu.be/8mZckvDUE9E,Cüneyt Özdemir,,,2,cuneyt_ozdemir,
https://youtu.be/V97mHF66O98,Cüneyt Özdemir,,,2,cuneyt_ozdemir,
https://youtu.be/RUQ5zAYU1g0,Cüneyt Özdemir,,,2,cuneyt_ozdemir,
https://youtu.be/1lLoPo0wyVI,Cüneyt Özdemir,,,2,cuneyt_ozdemir,
https://youtu.be/cXlfrXlwN50,Cüneyt Özdemir,,,2,cuneyt_ozdemir,
https://youtu.be/6gnCpTMigC8,Cüneyt Özdemir,,,2,cuneyt_ozdemir,
https://youtu.be/eKx5A4j_Pxg,Cüneyt Özdemir,,,2,cuneyt_ozdemir,
https://youtu.be/Icb-fgWGE9g,Cüneyt Özdemir,,,2,cuneyt_ozdemir,
https://youtu.be/OLzmwbWZ6f4,Cüneyt Özdemir,,,2,cuneyt_ozdemir,
https://youtu.be/uzD4sUqu_Fc,Cüneyt Özdemir,,,2,cuneyt_ozdemir,
https://youtu.be/mZE0ijtIbJc,Cüneyt Özdemir,,,2,cuneyt_ozdemir,
https://youtu.be/BUb9EVw4nXE,Cüneyt Özdemir,,,2,cuneyt_ozdemir,
https://youtu.be/CHOAYQ0MgVE,Cüneyt Özdemir,,,2,cuneyt_ozdemir,
https://youtu.be/YwM8lo1Ni7A,Cüneyt Özdemir,,,2,cuneyt_ozdemir,
https://youtu.be/lqhoR4d3yvo,Cüneyt Özdemir,,,2,cuneyt_ozdemir,
https://youtu.be/EtIJmqypAqA,Cüneyt Özdemir,,,2,cuneyt_ozdemir,
https://youtu.be/oyRujRrBzeU,Cüneyt Özdemir,,,2,cuneyt_ozdemir,
https://youtu.be/7qmRZU7_J1U,Cüneyt Özdemir,,,2,cuneyt_ozdemir,
https://youtu.be/s5kqeskDio0,Cüneyt Özdemir,,,2,cuneyt_ozdemir,
https://youtu.be/a2zrjw-P5Rs,Cüneyt Özdemir,,,2,cuneyt_ozdemir,
https://youtu.be/0kus2HMAbyE,Cüneyt Özdemir,,,2,cuneyt_ozdemir,
https://youtu.be/1bBna9P1vBw,Cüneyt Özdemir,,,2,cuneyt_ozdemir,
https://youtu.be/Su-_SkrNppk,Cüneyt Özdemir,,,2,cuneyt_ozdemir,
https://youtu.be/Xk0xenvP8V8,Cüneyt Özdemir,,,2,cuneyt_ozdemir,
https://youtu.be/bl3bAB4pNZM,Cüneyt Özdemir,,,2,cuneyt_ozdemir,
https://youtu.be/iXeFjl1EuBI,Cüneyt Özdemir,,,2,cuneyt_ozdemir,
https://youtu.be/y5K57_DpSto,Cüneyt Özdemir,,,2,cuneyt_ozdemir,
https://youtu.be/dTCQL0ZqYu4,Cüneyt Özdemir,,,2,cuneyt_ozdemir,
https://youtu.be/ML2EVAx8Blg,Cüneyt Özdemir,,,2,cuneyt_ozdemir,
https://youtu.be/YnYFH5D0AQo,Cüneyt Özdemir,,,2,cuneyt_ozdemir,
https://youtu.be/77QVr97FNNA,Cüneyt Özdemir,,,2,cuneyt_ozdemir,
https://youtu.be/v-JHchmfd64,Cüneyt Özdemir,,,2,cuneyt_ozdemir,
https://youtu.be/YZayCLnWSMo,Cüneyt Özdemir,,,2,cuneyt_ozdemir,
https://youtu.be/Y50FG8Sn-QM,Cüneyt Özdemir,,,2,cuneyt_ozdemir,
https://youtu.be/zx2QqWRhi3g,Cüneyt Özdemir,,,2,cuneyt_ozdemir,
https://youtu.be/Fo78N3SwXmI,Cüneyt Özdemir,,,2,cuneyt_ozdemir,
https://youtu.be/iZaJLlL24r8,Cüneyt Özdemir,,,2,cuneyt_ozdemir,
https://youtu.be/cnC-PIhYeXo,Cüneyt Özdemir,,,2,cuneyt_ozdemir,
https://youtu.be/s4onkzolIbg,Cüneyt Özdemir,,,2,cuneyt_ozdemir,
https://youtu.be/z5CcTK56ysE,Cüneyt Özdemir,,,2,cuneyt_ozdemir,
https://youtu.be/O2qq9h2pGeA,Cüneyt Özdemir,,,2,cuneyt_ozdemir,
https://youtu.be/ueSJVTj1Hm4,Cüneyt Özdemir,,,2,cuneyt_ozdemir,
https://youtu.be/q6zYz1Hp6p0,Cüneyt Özdemir,,,2,cuneyt_ozdemir,
https://youtu.be/l01v2O9FUR0,Cüneyt Özdemir,,,2,cuneyt_ozdemir,
https://youtu.be/aESjnppzn-k,Cüneyt Özdemir,,,2,cuneyt_ozdemir,
https://youtu.be/uo03iiHBb5U,Cüneyt Özdemir,,,2,cuneyt_ozdemir,
https://youtu.be/1ex3WbrJ1xM,Cüneyt Özdemir,,,2,cuneyt_ozdemir,
https://youtu.be/fd50CXkUiVw,Cüneyt Özdemir,,,2,cuneyt_ozdemir,
https://youtu.be/-ONfKrIvrv0,Cüneyt Özdemir,,,2,cuneyt_ozdemir,
https://youtu.be/BpUZBmuiYRc,Cüneyt Özdemir,,,2,cuneyt_ozdemir,
https://youtu.be/NZLQYpqinSI,Cüneyt Özdemir,,,2,cuneyt_ozdemir,
https://youtu.be/F0VGK6AibNI,Cüneyt Özdemir,,,2,cuneyt_ozdemir,
https://youtu.be/MTdOe9wSo2M,Cüneyt Özdemir,,,2,cuneyt_ozdemir,
https://youtu.be/Qjx7jm2gtRI,Cüneyt Özdemir,,,2,cuneyt_ozdemir,
https://youtu.be/IuWNJKhZIqU,Cüneyt Özdemir,,,2,cuneyt_ozdemir,
https://youtu.be/TlpuSHoK9_k,Cüneyt Özdemir,,,2,cuneyt_ozdemir,
https://youtu.be/CtJzXSks9WI,Cüneyt Özdemir,,,2,cuneyt_ozdemir,
https://youtu.be/YsEWzuCY73c,Cüneyt Özdemir,,,2,cuneyt_ozdemir,
https://youtu.be/LunSEcGtueg,Cüneyt Özdemir,,,2,cuneyt_ozdemir,
https://youtu.be/8HRXIydajVg,Cüneyt Özdemir,,,2,cuneyt_ozdemir,
https://youtu.be/JR1lfDmJYfA,Cüneyt Özdemir,,,2,cuneyt_ozdemir,
https://youtu.be/tFKHJFs9u6g,Cüneyt Özdemir,,,2,cuneyt_ozdemir,
https://youtu.be/Y82zhT7WoUo,Cüneyt Özdemir,,,2,cuneyt_ozdemir,
https://youtu.be/6JiRRfQ9a7c,Cüneyt Özdemir,,,2,cuneyt_ozdemir,
https://youtu.be/p4ZdE6NVHV8,Cüneyt Özdemir,,,2,cuneyt_ozdemir,
https://youtu.be/lOjlXhgzr60,Cüneyt Özdemir,,,2,cuneyt_ozdemir,
https://youtu.be/Nyfpo7O1Xvc,Cüneyt Özdemir,,,2,cuneyt_ozdemir,
https://youtu.be/dSTCwR0lTIQ,Cüneyt Özdemir,,,2,cuneyt_ozdemir,
https://youtu.be/KYSj9JQSUFA,Cüneyt Özdemir,,,2,cuneyt_ozdemir,
https://youtu.be/aLE8YiTQYAs,Cüneyt Özdemir,,,2,cuneyt_ozdemir,
https://youtu.be/QQWCqTdKvvs,Cüneyt Özdemir,,,2,cuneyt_ozdemir,
https://youtu.be/Sdbmqdrz_AA,Cüneyt Özdemir,,,2,cuneyt_ozdemir,
https://youtu.be/72vBcphApjY,Cüneyt Özdemir,,,2,cuneyt_ozdemir,
https://youtu.be/3xYz8cw_w-4,Cüneyt Özdemir,,,2,cuneyt_ozdemir,
https://youtu.be/7TyoH-KRsF0,Cüneyt Özdemir,,,2,cuneyt_ozdemir,
https://youtu.be/M37WGIVfltc,Cüneyt Özdemir,,,2,cuneyt_ozdemir,
https://youtu.be/D9hhgI9JpdY,Cüneyt Özdemir,,,2,cuneyt_ozdemir,
https://youtu.be/pwlqiXV-A5I,Cüneyt Özdemir,,,2,cuneyt_ozdemir,
https://youtu.be/Oaujjtybx_E,Cüneyt Özdemir,,,2,cuneyt_ozdemir,
https://youtu.be/-dkvDoWH-bM,Cüneyt Özdemir,,,2,cuneyt_ozdemir,
https://youtu.be/n519KR4aKyw,Cüneyt Özdemir,,,2,cuneyt_ozdemir,
https://youtu.be/H33upO0rlSQ,Cüneyt Özdemir,,,2,cuneyt_ozdemir,
https://youtu.be/lsvunwD9DQE,Cüneyt Özdemir,,,2,cuneyt_ozdemir,
https://youtu.be/9QR9THBVV6M,Cüneyt Özdemir,,,2,cuneyt_ozdemir,
https://youtu.be/q-Wc7MXv70M,Cüneyt Özdemir,,,2,cuneyt_ozdemir,
https://youtu.be/tC_CLdlDxzM,Cüneyt Özdemir,,,2,cuneyt_ozdemir,
https://youtu.be/gAF_L8j7DEs,Cüneyt Özdemir,,,2,cuneyt_ozdemir,
https://youtu.be/Spc9lPkfSSQ,Cüneyt Özdemir,,,2,cuneyt_ozdemir,
https://youtu.be/43sUB4IouCY,Cüneyt Özdemir,,,2,cuneyt_ozdemir,
https://youtu.be/uqDX151xSgM,Cüneyt Özdemir,,,2,cuneyt_ozdemir,
https://youtu.be/SUncPxX_uw8,Cüneyt Özdemir,,,2,cuneyt_ozdemir,
https://youtu.be/GFEuBkgLiWw,Cüneyt Özdemir,,,2,cuneyt_ozdemir,
https://youtu.be/-kyzsyMHMns,Cüneyt Özdemir,,,2,cuneyt_ozdemir,
https://youtu.be/l1M6yp-g9Bw,Cüneyt Özdemir,,,2,cuneyt_ozdemir,
https://youtu.be/mnfxqgQdNsE,Cüneyt Özdemir,,,2,cuneyt_ozdemir,
https://youtu.be/LRNihMapwlk,Cüneyt Özdemir,,,2,cuneyt_ozdemir,
https://youtu.be/Sa1VbAUJPlc,Cüneyt Özdemir,,,2,cuneyt_ozdemir,
https://youtu.be/oDJ8FzgB3Bk,Cüneyt Özdemir,,,2,cuneyt_ozdemir,
https://youtu.be/cAnxZ6HtJBc,Cüneyt Özdemir,,,2,cuneyt_ozdemir,
https://youtu.be/r_zXdBZiSP0,Cüneyt Özdemir,,,2,cuneyt_ozdemir,
https://youtu.be/hPTN0sl5uz0,Cüneyt Özdemir,,,2,cuneyt_ozdemir,
https://youtu.be/Jhmt93_7znM,Cüneyt Özdemir,,,2,cuneyt_ozdemir,
https://youtu.be/rzthCm2wfdA,Cüneyt Özdemir,,,2,cuneyt_ozdemir,
https://youtu.be/JsUKG6u9XH8,Cüneyt Özdemir,,,2,cuneyt_ozdemir,
https://youtu.be/3B9zcYSnQuE,Cüneyt Özdemir,,,2,cuneyt_ozdemir,
https://youtu.be/wMi_GRoVeaw,Cüneyt Özdemir,,,2,cuneyt_ozdemir,
https://youtu.be/ZNh46NF0fhg,Cüneyt Özdemir,,,2,cuneyt_ozdemir,
https://youtu.be/AQofyBHURBE,Cüneyt Özdemir,,,2,cuneyt_ozdemir,
https://youtu.be/xB5cx-YBCrY,Cüneyt Özdemir,,,2,cuneyt_ozdemir,
https://youtu.be/3muT6diYKaM,Cüneyt Özdemir,,,2,cuneyt_ozdemir,
https://youtu.be/pZgG1UCuGgA,Cüneyt Özdemir,,,2,cuneyt_ozdemir,
https://youtu.be/HORQAlSUuwA,Cüneyt Özdemir,,,2,cuneyt_ozdemir,
https://youtu.be/bKiZwJqqLs0,Cüneyt Özdemir,,,2,cuneyt_ozdemir,
https://youtu.be/VaabItpVoIM,Cüneyt Özdemir,,,2,cuneyt_ozdemir,
https://youtu.be/AFbFSqL0j1s,Cüneyt Özdemir,,,2,cuneyt_ozdemir,
https://youtu.be/iiom2tKVqSI,Cüneyt Özdemir,,,2,cuneyt_ozdemir,
https://youtu.be/8ywefFm9AlU,Cüneyt Özdemir,,,2,cuneyt_ozdemir,
https://youtu.be/8qBnI2neJK4,Cüneyt Özdemir,,,2,cuneyt_ozdemir,
https://youtu.be/No1XDbsAW-U,Cüneyt Özdemir,,,2,cuneyt_ozdemir,
https://youtu.be/b4bsOffSTMI,Cüneyt Özdemir,,,2,cuneyt_ozdemir,
https://youtu.be/wSc-Z2_pNAQ,Cüneyt Özdemir,,,2,cuneyt_ozdemir,
https://youtu.be/MuB6m9yAuWI,Cüneyt Özdemir,,,2,cuneyt_ozdemir,
https://youtu.be/b-rypLG56H0,Cüneyt Özdemir,,,2,cuneyt_ozdemir,
https://youtu.be/nVVwCs9GH_k,Cüneyt Özdemir,,,2,cuneyt_ozdemir,
https://youtu.be/0hT0NMP_5Q4,Cüneyt Özdemir,,,2,cuneyt_ozdemir,
https://youtu.be/mpy2pPINqTk,Cüneyt Özdemir,,,2,cuneyt_ozdemir,
https://youtu.be/vnJY8W3AXvI,Cüneyt Özdemir,,,2,cuneyt_ozdemir,
https://youtu.be/5NEIdB-Pcx4,Cüneyt Özdemir,,,2,cuneyt_ozdemir,
https://youtu.be/tcE9CY83esQ,Cüneyt Özdemir,,,2,cuneyt_ozdemir,
https://youtu.be/GrQzUB7dLME,Cüneyt Özdemir,,,2,cuneyt_ozdemir,
https://youtu.be/bsGie5pjvOk,Cüneyt Özdemir,,,2,cuneyt_ozdemir,
https://youtu.be/V1azABy4jLE,Cüneyt Özdemir,,,2,cuneyt_ozdemir,
https://youtu.be/HULcd093E8k,Cüneyt Özdemir,,,2,cuneyt_ozdemir,
https://youtu.be/6Y73bryK1LY,Cüneyt Özdemir,,,2,cuneyt_ozdemir,
https://youtu.be/W1gzAvSqCe0,Cüneyt Özdemir,,,2,cuneyt_ozdemir,
https://youtu.be/Ff8skqAbp_4,Cüneyt Özdemir,,,2,cuneyt_ozdemir,
https://youtu.be/wGaugNAB7HQ,Cüneyt Özdemir,,,2,cuneyt_ozdemir,
https://youtu.be/ys-IZLtqDNM,Cüneyt Özdemir,,,2,cuneyt_ozdemir,
https://youtu.be/iQadEo3HFlY,Cüneyt Özdemir,,,2,cuneyt_ozdemir,
https://youtu.be/7IoqF0D73bQ,Cüneyt Özdemir,,,2,cuneyt_ozdemir,
https://youtu.be/AcN7msbZZcA,Cüneyt Özdemir,,,2,cuneyt_ozdemir,
https://youtu.be/8OkUQBtQ1nE,Cüneyt Özdemir,,,2,cuneyt_ozdemir,
https://youtu.be/oonwN1--eRQ,Cüneyt Özdemir,,,2,cuneyt_ozdemir,
https://youtu.be/oFt29bJf2oA,Cüneyt Özdemir,,,2,cuneyt_ozdemir,
https://youtu.be/Ng7iE7XSzCA,Cüneyt Özdemir,,,2,cuneyt_ozdemir,
https://youtu.be/JLekr1SLI6I,Cüneyt Özdemir,,,2,cuneyt_ozdemir,
https://youtu.be/cH7fGWqknWU,Cüneyt Özdemir,,,2,cuneyt_ozdemir,
https://youtu.be/VlhvbRnzpTk,Cüneyt Özdemir,,,2,cuneyt_ozdemir,
https://youtu.be/JmSQA4L7zj8,Cüneyt Özdemir,,,2,cuneyt_ozdemir,
https://youtu.be/Vavel2P45Zc,Cüneyt Özdemir,,,2,cuneyt_ozdemir,
https://youtu.be/OqITn6d_jWk,Cüneyt Özdemir,,,2,cuneyt_ozdemir,
https://youtu.be/TJMJa_16rY8,Cüneyt Özdemir,,,2,cuneyt_ozdemir,
https://youtu.be/al0sc66wSwc,Cüneyt Özdemir,,,2,cuneyt_ozdemir,
https://youtu.be/GFQ5Ykey_XE,Cüneyt Özdemir,,,2,cuneyt_ozdemir,
https://youtu.be/E3gZ_2CvlM4,Cüneyt Özdemir,,,2,cuneyt_ozdemir,
https://youtu.be/b6bHxQJkx_4,Cüneyt Özdemir,,,2,cuneyt_ozdemir,
https://youtu.be/LNB8hj4yEhA,Cüneyt Özdemir,,,2,cuneyt_ozdemir,
https://youtu.be/-vdQ7wMQqm4,Cüneyt Özdemir,,,2,cuneyt_ozdemir,
https://youtu.be/OVGYieyE4e0,Cüneyt Özdemir,,,2,cuneyt_ozdemir,
https://youtu.be/d3E_u-7u03o,Cüneyt Özdemir,,,2,cuneyt_ozdemir,
https://youtu.be/qvrzkhZWqcw,Cüneyt Özdemir,,,2,cuneyt_ozdemir,
https://youtu.be/EjUIAz54sEA,Cüneyt Özdemir,,,2,cuneyt_ozdemir,
https://youtu.be/RyNOzzbKo2w,Cüneyt Özdemir,,,2,cuneyt_ozdemir,
https://youtu.be/uFdahWBspV0,Cüneyt Özdemir,,,2,cuneyt_ozdemir,
https://youtu.be/n5QecGUIQag,Cüneyt Özdemir,,,2,cuneyt_ozdemir,
https://youtu.be/3b_WNG-GeSo,Cüneyt Özdemir,,,2,cuneyt_ozdemir,
https://youtu.be/JYmDVYsCj28,Cüneyt Özdemir,,,2,cuneyt_ozdemir,
https://youtu.be/kGNsZSW9eog,Cüneyt Özdemir,,,2,cuneyt_ozdemir,
https://youtu.be/quXggmXm_Zw,Cüneyt Özdemir,,,2,cuneyt_ozdemir,
https://youtu.be/h5UkHb38Tfc,Cüneyt Özdemir,,,2,cuneyt_ozdemir,
https://youtu.be/PYtIrP4AIP0,Cüneyt Özdemir,,,2,cuneyt_ozdemir,
https://youtu.be/RYAwhC3UGZ0,Cüneyt Özdemir,,,2,cuneyt_ozdemir,
https://youtu.be/OkMv_n8-XAY,Cüneyt Özdemir,,,2,cuneyt_ozdemir,
https://youtu.be/pr685E1JH9A,Cüneyt Özdemir,,,2,cuneyt_ozdemir,
https://youtu.be/ANFO45c4_hw,Cüneyt Özdemir,,,2,cuneyt_ozdemir,
https://youtu.be/IJmTCihDRRc,Cüneyt Özdemir,,,2,cuneyt_ozdemir,
https://youtu.be/WM8rwQSJZA8,Cüneyt Özdemir,,,2,cuneyt_ozdemir,
https://youtu.be/HWKy7h7F5Pk,Cüneyt Özdemir,,,2,cuneyt_ozdemir,
https://youtu.be/V_VopC_o274,Cüneyt Özdemir,,,2,cuneyt_ozdemir,
https://youtu.be/IpcEWhLGm5I,Cüneyt Özdemir,,,2,cuneyt_ozdemir,
https://youtu.be/6Stmrs1cDBs,Cüneyt Özdemir,,,2,cuneyt_ozdemir,
https://youtu.be/jMmZRVrAHDY,Cüneyt Özdemir,,,2,cuneyt_ozdemir,
https://youtu.be/UeF4EEPnG9I,Cüneyt Özdemir,,,2,cuneyt_ozdemir,
https://youtu.be/RqeZiklziok,Cüneyt Özdemir,,,2,cuneyt_ozdemir,
https://youtu.be/gat-KbkWm0g,Cüneyt Özdemir,,,2,cuneyt_ozdemir,
https://youtu.be/2cIlQUotrzI,Cüneyt Özdemir,,,2,cuneyt_ozdemir,
https://youtu.be/ZuMnpE22eIs,Cüneyt Özdemir,,,2,cuneyt_ozdemir,
https://youtu.be/WJPLnEeo3IM,Cüneyt Özdemir,,,2,cuneyt_ozdemir,
https://youtu.be/KYkCSvkghu0,Cüneyt Özdemir,,,2,cuneyt_ozdemir,
https://youtu.be/S2_uHVKPsnY,Cüneyt Özdemir,,,2,cuneyt_ozdemir,
https://youtu.be/z3kEYXjTwTc,Cüneyt Özdemir,,,2,cuneyt_ozdemir,
https://youtu.be/vWnyqogtreo,Cüneyt Özdemir,,,2,cuneyt_ozdemir,
https://youtu.be/MHH7uGP4fWM,Cüneyt Özdemir,,,2,cuneyt_ozdemir,
https://youtu.be/DIalSsK2q8c,Cüneyt Özdemir,,,2,cuneyt_ozdemir,
https://youtu.be/XEMjpBvtJYc,Cüneyt Özdemir,,,2,cuneyt_ozdemir,
https://youtu.be/FuP7JK7Lj9o,Cüneyt Özdemir,,,2,cuneyt_ozdemir,
https://youtu.be/XwF-bZ4BtaM,Cüneyt Özdemir,,,2,cuneyt_ozdemir,
https://youtu.be/-m9RvP2IQFI,Cüneyt Özdemir,,,2,cuneyt_ozdemir,
https://youtu.be/U4K2kmGufvw,Cüneyt Özdemir,,,2,cuneyt_ozdemir,
https://youtu.be/L8x4ddNdeX8,Cüneyt Özdemir,,,2,cuneyt_ozdemir,
https://youtu.be/Y0wGY1VhW6c,Cüneyt Özdemir,,,2,cuneyt_ozdemir,
https://youtu.be/cj245-yWHrE,Cüneyt Özdemir,,,2,cuneyt_ozdemir,
https://youtu.be/huFeExa6L-A,Cüneyt Özdemir,,,2,cuneyt_ozdemir,
https://youtu.be/9XpJBaS0uCU,Cüneyt Özdemir,,,2,cuneyt_ozdemir,
https://youtu.be/xKBABSNLQDk,Cüneyt Özdemir,,,2,cuneyt_ozdemir,
https://youtu.be/WBvaO7FryKw,Cüneyt Özdemir,,,2,cuneyt_ozdemir,
https://youtu.be/63PsJYRNwHY,Cüneyt Özdemir,,,2,cuneyt_ozdemir,
https://youtu.be/0meySwlPK0U,Cüneyt Özdemir,,,2,cuneyt_ozdemir,
https://youtu.be/gmq_Au0Kxl4,Cüneyt Özdemir,,,2,cuneyt_ozdemir,
https://youtu.be/06-v7dMro48,Cüneyt Özdemir,,,2,cuneyt_ozdemir,
https://youtu.be/77HZDjmVDwg,Cüneyt Özdemir,,,2,cuneyt_ozdemir,
https://youtu.be/oXqJldiZKqM,Cüneyt Özdemir,,,2,cuneyt_ozdemir,
https://youtu.be/5OMnW2PVA9Y,Cüneyt Özdemir,,,2,cuneyt_ozdemir,
https://youtu.be/5I_F9rKHUy0,Cüneyt Özdemir,,,2,cuneyt_ozdemir,
https://youtu.be/JyKoXBF4DKE,Cüneyt Özdemir,,,2,cuneyt_ozdemir,
https://youtu.be/cnforQIMN2M,Cüneyt Özdemir,,,2,cuneyt_ozdemir,
https://youtu.be/hAFoxL-XvjQ,Cüneyt Özdemir,,,2,cuneyt_ozdemir,
https://youtu.be/1HbWYGCZ8ug,Cüneyt Özdemir,,,2,cuneyt_ozdemir,
https://youtu.be/dVlewm9yihc,Cüneyt Özdemir,,,2,cuneyt_ozdemir,
https://youtu.be/fzKXUrb0Il0,Cüneyt Özdemir,,,2,cuneyt_ozdemir,
https://youtu.be/x7bXYCsq9R8,Cüneyt Özdemir,,,2,cuneyt_ozdemir,
https://youtu.be/_WF-9A2tFKA,Cüneyt Özdemir,,,2,cuneyt_ozdemir,
https://youtu.be/jLFn8G6etmQ,Cüneyt Özdemir,,,2,cuneyt_ozdemir,
https://youtu.be/PyKFLwpjaFs,Cüneyt Özdemir,,,2,cuneyt_ozdemir,
https://youtu.be/Xsg_B9ywQqQ,Cüneyt Özdemir,,,2,cuneyt_ozdemir,
https://youtu.be/slrL6hPTNFc,Cüneyt Özdemir,,,2,cuneyt_ozdemir,
https://youtu.be/VUlr_uYNpc8,Cüneyt Özdemir,,,2,cuneyt_ozdemir,
https://youtu.be/6PnWBMRQhCw,Cüneyt Özdemir,,,2,cuneyt_ozdemir,
https://youtu.be/4SFy8sx2iqk,Cüneyt Özdemir,,,2,cuneyt_ozdemir,
https://youtu.be/FN3udmoLuXk,Cüneyt Özdemir,,,2,cuneyt_ozdemir,
https://youtu.be/zHtu-A7EwKU,Cüneyt Özdemir,,,2,cuneyt_ozdemir,
https://youtu.be/ojNUgvfEqTc,Cüneyt Özdemir,,,2,cuneyt_ozdemir,
https://youtu.be/epYdm43pIH8,Cüneyt Özdemir,,,2,cuneyt_ozdemir,
https://youtu.be/PTMe-EbQ_bw,Cüneyt Özdemir,,,2,cuneyt_ozdemir,
https://youtu.be/4Tj42yIwuEE,Cüneyt Özdemir,,,2,cuneyt_ozdemir,
https://youtu.be/_0RhxPvhPbM,Cüneyt Özdemir,,,2,cuneyt_ozdemir,
https://youtu.be/Z3DHUqUSN1g,Cüneyt Özdemir,,,2,cuneyt_ozdemir,
https://youtu.be/U0B-GrfAVAA,Cüneyt Özdemir,,,2,cuneyt_ozdemir,
https://youtu.be/1ogc1iTAits,Cüneyt Özdemir,,,2,cuneyt_ozdemir,
https://youtu.be/iz_1NkLsGPU,Cüneyt Özdemir,,,2,cuneyt_ozdemir,
https://youtu.be/S24BRa-FXaA,Cüneyt Özdemir,,,2,cuneyt_ozdemir,
https://youtu.be/fm_R4GtDVC4,Cüneyt Özdemir,,,2,cuneyt_ozdemir,
https://youtu.be/wKfuFPtSVqU,Cüneyt Özdemir,,,2,cuneyt_ozdemir,
https://youtu.be/EQtfh_BP2lo,Cüneyt Özdemir,,,2,cuneyt_ozdemir,
https://youtu.be/Ta0s6FdR3L8,Cüneyt Özdemir,,,2,cuneyt_ozdemir,
https://youtu.be/etfzQqBnsrk,Cüneyt Özdemir,,,2,cuneyt_ozdemir,
https://youtu.be/fSQ-D97_Oj8,Cüneyt Özdemir,,,2,cuneyt_ozdemir,
https://youtu.be/dXh88alBuzM,Cüneyt Özdemir,,,2,cuneyt_ozdemir,
https://youtu.be/lQmuH7R0esI,Cüneyt Özdemir,,,2,cuneyt_ozdemir,
https://youtu.be/PsCypDGu8vY,Cüneyt Özdemir,,,2,cuneyt_ozdemir,
https://youtu.be/qk75xj19S5c,Cüneyt Özdemir,,,2,cuneyt_ozdemir,
https://youtu.be/UWUrdKYkgrk,Cüneyt Özdemir,,,2,cuneyt_ozdemir,
https://youtu.be/E-XsGSUFjRs,Cüneyt Özdemir,,,2,cuneyt_ozdemir,
https://youtu.be/VixjciOWd00,Cüneyt Özdemir,,,2,cuneyt_ozdemir,
https://youtu.be/QoCpnxZopww,Cüneyt Özdemir,,,2,cuneyt_ozdemir,
https://youtu.be/PyH3k8gZYjU,Cüneyt Özdemir,,,2,cuneyt_ozdemir,
https://youtu.be/tCbr7z4NoVY,Cüneyt Özdemir,,,2,cuneyt_ozdemir,
https://youtu.be/-0aTLLqsXIA,Cüneyt Özdemir,,,2,cuneyt_ozdemir,
https://youtu.be/ZYMz5VaFMxw,Cüneyt Özdemir,,,2,cuneyt_ozdemir,
https://youtu.be/cajohyfqDes,Cüneyt Özdemir,,,2,cuneyt_ozdemir,
https://youtu.be/Mj7ydbpjC4c,Cüneyt Özdemir,,,2,cuneyt_ozdemir,
https://youtu.be/lh5Zwc-K7Fw,Cüneyt Özdemir,,,2,cuneyt_ozdemir,
https://youtu.be/IFD5X6jCe00,Cüneyt Özdemir,,,2,cuneyt_ozdemir,
https://youtu.be/xWuY783-0O0,Cüneyt Özdemir,,,2,cuneyt_ozdemir,
https://youtu.be/UbyFYMKzUt8,Cüneyt Özdemir,,,2,cuneyt_ozdemir,
https://youtu.be/yFSPiem4_e8,Cüneyt Özdemir,,,2,cuneyt_ozdemir,
https://youtu.be/RAkEjHyFGCM,Cüneyt Özdemir,,,2,cuneyt_ozdemir,
https://youtu.be/FY3CBz6nP6A,Cüneyt Özdemir,,,2,cuneyt_ozdemir,
https://youtu.be/Ru7l__Gay4g,Cüneyt Özdemir,,,2,cuneyt_ozdemir,
https://youtu.be/thVQp4S1E7A,Cüneyt Özdemir,,,2,cuneyt_ozdemir,
https://youtu.be/y1z79eIKYNA,Cüneyt Özdemir,,,2,cuneyt_ozdemir,
https://youtu.be/xWhdIk8EEpQ,Cüneyt Özdemir,,,2,cuneyt_ozdemir,
https://youtu.be/6JePIzOP7qs,Cüneyt Özdemir,,,2,cuneyt_ozdemir,
https://youtu.be/HipCBuP_s0Q,Cüneyt Özdemir,,,2,cuneyt_ozdemir,
https://youtu.be/orRZh2JaB3M,Cüneyt Özdemir,,,2,cuneyt_ozdemir,
https://youtu.be/np5Nlsrv6E0,Cüneyt Özdemir,,,2,cuneyt_ozdemir,
https://youtu.be/wh-25jtScCw,Cüneyt Özdemir,,,2,cuneyt_ozdemir,
https://youtu.be/DHzbOwrBMQc,Cüneyt Özdemir,,,2,cuneyt_ozdemir,
https://youtu.be/xGmArV97QCU,Cüneyt Özdemir,,,2,cuneyt_ozdemir,
https://youtu.be/6NGLXl2GZY8,Cüneyt Özdemir,,,2,cuneyt_ozdemir,
https://youtu.be/0aGJiNW3UD8,Cüneyt Özdemir,,,2,cuneyt_ozdemir,
https://youtu.be/NuJzr-XHfXo,Cüneyt Özdemir,,,2,cuneyt_ozdemir,
https://youtu.be/FQDwYXlSHpk,Cüneyt Özdemir,,,2,cuneyt_ozdemir,
https://youtu.be/pFauOmi32lg,Cüneyt Özdemir,,,2,cuneyt_ozdemir,
https://youtu.be/xuGTCH6yXMc,Cüneyt Özdemir,,,2,cuneyt_ozdemir,
https://youtu.be/L4mLWrnT5Nw,Cüneyt Özdemir,,,2,cuneyt_ozdemir,
https://youtu.be/O-vWYg1M3ZY,Cüneyt Özdemir,,,2,cuneyt_ozdemir,
https://youtu.be/_DdYmaGlAIw,Cüneyt Özdemir,,,2,cuneyt_ozdemir,
https://youtu.be/XLfjvaIS7KA,Cüneyt Özdemir,,,2,cuneyt_ozdemir,
https://youtu.be/176B--rH49k,Cüneyt Özdemir,,,2,cuneyt_ozdemir,
https://youtu.be/vKwJ9G_36Ds,Cüneyt Özdemir,,,2,cuneyt_ozdemir,
https://youtu.be/-WwyYUybdkY,Cüneyt Özdemir,,,2,cuneyt_ozdemir,
https://youtu.be/kGAvAWnOZ6Q,Cüneyt Özdemir,,,2,cuneyt_ozdemir,
https://youtu.be/DbsKgVLkFRQ,Cüneyt Özdemir,,,2,cuneyt_ozdemir,
https://youtu.be/c5sLmqDN_P4,Cüneyt Özdemir,,,2,cuneyt_ozdemir,
https://youtu.be/OsNAcQuzxxQ,Cüneyt Özdemir,,,2,cuneyt_ozdemir,
https://youtu.be/jT0K8LuXeGY,Cüneyt Özdemir,,,2,cuneyt_ozdemir,
https://youtu.be/M98glSxdHqo,Cüneyt Özdemir,,,2,cuneyt_ozdemir,
https://youtu.be/XhIra6Wb52Y,Cüneyt Özdemir,,,2,cuneyt_ozdemir,
https://youtu.be/0AdtDTeVLp4,Cüneyt Özdemir,,,2,cuneyt_ozdemir,
https://youtu.be/-Q3fHTLc9I4,Cüneyt Özdemir,,,2,cuneyt_ozdemir,
https://youtu.be/J5N2UCSyBoM,Cüneyt Özdemir,,,2,cuneyt_ozdemir,
https://youtu.be/veMo2ufO91Q,Cüneyt Özdemir,,,2,cuneyt_ozdemir,
https://youtu.be/2MT0mVxE0Hc,Cüneyt Özdemir,,,2,cuneyt_ozdemir,
https://youtu.be/kL6ZcPzWtiA,Cüneyt Özdemir,,,2,cuneyt_ozdemir,
https://youtu.be/nB3ByuRL4rc,Cüneyt Özdemir,,,2,cuneyt_ozdemir,
https://youtu.be/H8KMByuxBsE,Cüneyt Özdemir,,,2,cuneyt_ozdemir,
https://youtu.be/zZfn8WdQn1o,Cüneyt Özdemir,,,2,cuneyt_ozdemir,
https://youtu.be/qkXQA9NOohM,Cüneyt Özdemir,,,2,cuneyt_ozdemir,
https://youtu.be/sCLcxRk-VD4,Cüneyt Özdemir,,,2,cuneyt_ozdemir,
https://youtu.be/ac_QtcpK_Xw,Cüneyt Özdemir,,,2,cuneyt_ozdemir,
https://youtu.be/C8K0bRFx84o,Cüneyt Özdemir,,,2,cuneyt_ozdemir,
https://youtu.be/fPtYNevWhow,Cüneyt Özdemir,,,2,cuneyt_ozdemir,
https://youtu.be/SbFDYJeIo50,Cüneyt Özdemir,,,2,cuneyt_ozdemir,
https://youtu.be/wxOe8gOzcdc,Cüneyt Özdemir,,,2,cuneyt_ozdemir,
https://youtu.be/UeNtfPdebt0,Cüneyt Özdemir,,,2,cuneyt_ozdemir,
https://youtu.be/FkeIe56KiOM,Cüneyt Özdemir,,,2,cuneyt_ozdemir,
https://youtu.be/K9FxKISUT-o,Cüneyt Özdemir,,,2,cuneyt_ozdemir,
https://youtu.be/58UVJMgxLRo,Cüneyt Özdemir,,,2,cuneyt_ozdemir,
https://youtu.be/pHe9iqhZpvg,Cüneyt Özdemir,,,2,cuneyt_ozdemir,
https://youtu.be/F9AxSGGvJqg,Cüneyt Özdemir,,,2,cuneyt_ozdemir,
https://youtu.be/WD1z028il14,Cüneyt Özdemir,,,2,cuneyt_ozdemir,
https://youtu.be/f2_hBbF9BLY,Cüneyt Özdemir,,,2,cuneyt_ozdemir,
https://youtu.be/ESmEPLyxsuw,Cüneyt Özdemir,,,2,cuneyt_ozdemir,
https://youtu.be/nPXrkmZzDpg,Cüneyt Özdemir,,,2,cuneyt_ozdemir,
https://youtu.be/Yi4Ym0jZRhs,Cüneyt Özdemir,,,2,cuneyt_ozdemir,
https://youtu.be/gQwTKBHeIEU,Cüneyt Özdemir,,,2,cuneyt_ozdemir,
https://youtu.be/bqGabfbICvc,Cüneyt Özdemir,,,2,cuneyt_ozdemir,
https://youtu.be/sEQB4Ocum4E,Cüneyt Özdemir,,,2,cuneyt_ozdemir,
https://youtu.be/nUgaD-Nwm5Y,Cüneyt Özdemir,,,2,cuneyt_ozdemir,
https://youtu.be/F3RcALhWbmM,Cüneyt Özdemir,,,2,cuneyt_ozdemir,
https://youtu.be/jAxQ41964DA,Cüneyt Özdemir,,,2,cuneyt_ozdemir,
https://youtu.be/_E22m5Frits,Cüneyt Özdemir,,,2,cuneyt_ozdemir,
https://youtu.be/jD6BW7yuZew,Cüneyt Özdemir,,,2,cuneyt_ozdemir,
https://youtu.be/qBrI-M5awzc,Cüneyt Özdemir,,,2,cuneyt_ozdemir,
https://youtu.be/u3AXEDtPx-8,Cüneyt Özdemir,,,2,cuneyt_ozdemir,
https://youtu.be/RuWIn8faS64,Cüneyt Özdemir,,,2,cuneyt_ozdemir,
https://youtu.be/420m0aEALtI,Cüneyt Özdemir,,,2,cuneyt_ozdemir,
https://youtu.be/huJ-CBOePjA,Cüneyt Özdemir,,,2,cuneyt_ozdemir,
https://youtu.be/IaPZjBD9gys,Cüneyt Özdemir,,,2,cuneyt_ozdemir,
https://youtu.be/6ouCknaHpu0,Cüneyt Özdemir,,,2,cuneyt_ozdemir,
https://youtu.be/HLuvzYKu8iI,Cüneyt Özdemir,,,2,cuneyt_ozdemir,
https://youtu.be/w5oHuZSMI-M,Cüneyt Özdemir,,,2,cuneyt_ozdemir,
https://youtu.be/KXxckDCW3gw,Cüneyt Özdemir,,,2,cuneyt_ozdemir,
https://youtu.be/SB3xbEokPHY,Cüneyt Özdemir,,,2,cuneyt_ozdemir,
https://youtu.be/_BQq2clYr04,Cüneyt Özdemir,,,2,cuneyt_ozdemir,
https://youtu.be/h7KJ4M96sBQ,Cüneyt Özdemir,,,2,cuneyt_ozdemir,
https://youtu.be/wZ8JrzhmA8c,Cüneyt Özdemir,,,2,cuneyt_ozdemir,
https://youtu.be/8lnAU5-UKQg,Cüneyt Özdemir,,,2,cuneyt_ozdemir,
https://youtu.be/LS1oXAtZsBc,Cüneyt Özdemir,,,2,cuneyt_ozdemir,
https://youtu.be/DwwOfNM4RJA,Cüneyt Özdemir,,,2,cuneyt_ozdemir,
https://youtu.be/ub-fqVaXZdU,Cüneyt Özdemir,,,2,cuneyt_ozdemir,
https://youtu.be/TPmkxPz5h-A,Cüneyt Özdemir,,,2,cuneyt_ozdemir,
https://youtu.be/ld1ySQ8q2A8,Cüneyt Özdemir,,,2,cuneyt_ozdemir,
https://youtu.be/mMleoNIFwaU,Cüneyt Özdemir,,,2,cuneyt_ozdemir,
https://youtu.be/MGbIj8uEo_g,Cüneyt Özdemir,,,2,cuneyt_ozdemir,
https://youtu.be/UsZWi51ZL6Y,Cüneyt Özdemir,,,2,cuneyt_ozdemir,
https://youtu.be/wrcbHYRv9Hg,Cüneyt Özdemir,,,2,cuneyt_ozdemir,
https://youtu.be/L9w21FVyNxE,Cüneyt Özdemir,,,2,cuneyt_ozdemir,
https://youtu.be/2mnFOg3-PAA,Cüneyt Özdemir,,,2,cuneyt_ozdemir,
https://youtu.be/MH0sv6EA_-4,Cüneyt Özdemir,,,2,cuneyt_ozdemir,
https://youtu.be/_uW53xnwvEk,Cüneyt Özdemir,,,2,cuneyt_ozdemir,
https://youtu.be/iCXlBqRsmiU,Cüneyt Özdemir,,,2,cuneyt_ozdemir,
https://youtu.be/XLd-dPaH5EY,Cüneyt Özdemir,,,2,cuneyt_ozdemir,
https://youtu.be/ZgzCXkRp4HQ,Cüneyt Özdemir,,,2,cuneyt_ozdemir,
https://youtu.be/4ch5_0Woy4U,Cüneyt Özdemir,,,2,cuneyt_ozdemir,
https://youtu.be/aWOAOBOX9xM,Cüneyt Özdemir,,,2,cuneyt_ozdemir,
https://youtu.be/uARieV1L12s,Cüneyt Özdemir,,,2,cuneyt_ozdemir,
https://youtu.be/2upEkXvGNOU,Cüneyt Özdemir,,,2,cuneyt_ozdemir,
https://youtu.be/0EnjokA9ULs,Cüneyt Özdemir,,,2,cuneyt_ozdemir,
https://youtu.be/q4NJuN4dDqE,Cüneyt Özdemir,,,2,cuneyt_ozdemir,
https://youtu.be/phODli0is3A,Cüneyt Özdemir,,,2,cuneyt_ozdemir,
https://youtu.be/IV-CJsFuIgE,Cüneyt Özdemir,,,2,cuneyt_ozdemir,
https://youtu.be/ueDjuwUsxvM,Cüneyt Özdemir,,,2,cuneyt_ozdemir,
https://youtu.be/Y-lpSlTlSvQ,Cüneyt Özdemir,,,2,cuneyt_ozdemir,
https://youtu.be/zPvK8Kss6-4,Cüneyt Özdemir,,,2,cuneyt_ozdemir,
https://youtu.be/TS88hlnVvis,Cüneyt Özdemir,,,2,cuneyt_ozdemir,
https://youtu.be/PpZj-LK466Q,Cüneyt Özdemir,,,2,cuneyt_ozdemir,
https://youtu.be/-_f1WcZJkng,Cüneyt Özdemir,,,2,cuneyt_ozdemir,
https://youtu.be/4NvNiXbuzQA,Cüneyt Özdemir,,,2,cuneyt_ozdemir,
https://youtu.be/TthBxUqW5UY,Cüneyt Özdemir,,,2,cuneyt_ozdemir,
https://youtu.be/-lah09jmzdc,Cüneyt Özdemir,,,2,cuneyt_ozdemir,
https://youtu.be/nteLX18J0_4,Cüneyt Özdemir,,,2,cuneyt_ozdemir,
https://youtu.be/AReunw3PgD4,Cüneyt Özdemir,,,2,cuneyt_ozdemir,
https://youtu.be/_p9bl1Asa20,Cüneyt Özdemir,,,2,cuneyt_ozdemir,
https://youtu.be/VfrWitKlA9E,Cüneyt Özdemir,,,2,cuneyt_ozdemir,
https://youtu.be/UxRVAz9Sgik,Cüneyt Özdemir,,,2,cuneyt_ozdemir,
https://youtu.be/gyZmAiFWDaY,Cüneyt Özdemir,,,2,cuneyt_ozdemir,
https://youtu.be/nKpfzHuUkFY,Cüneyt Özdemir,,,2,cuneyt_ozdemir,
https://youtu.be/9mN0oaJdnTs,Cüneyt Özdemir,,,2,cuneyt_ozdemir,
https://youtu.be/sYktvqAbmHo,Cüneyt Özdemir,,,2,cuneyt_ozdemir,
https://youtu.be/a3pgfouj8o4,Cüneyt Özdemir,,,2,cuneyt_ozdemir,
https://youtu.be/I-AG8VZ9_m4,Cüneyt Özdemir,,,2,cuneyt_ozdemir,
https://youtu.be/VkDxaGj6_m8,Cüneyt Özdemir,,,2,cuneyt_ozdemir,
https://youtu.be/k6cZILh45sw,Cüneyt Özdemir,,,2,cuneyt_ozdemir,
https://youtu.be/ZT0YnY-OIQI,Cüneyt Özdemir,,,2,cuneyt_ozdemir,
https://youtu.be/g6cv4sdjKH4,Cüneyt Özdemir,,,2,cuneyt_ozdemir,
https://youtu.be/KhvsmvNH-qg,Cüneyt Özdemir,,,2,cuneyt_ozdemir,
https://youtu.be/jwC-sffxC-M,Cüneyt Özdemir,,,2,cuneyt_ozdemir,
https://youtu.be/UWJvE5RFMn0,Cüneyt Özdemir,,,2,cuneyt_ozdemir,
https://youtu.be/aXtVMl_9ogI,Cüneyt Özdemir,,,2,cuneyt_ozdemir,
https://youtu.be/se6-wUf1T4k,Cüneyt Özdemir,,,2,cuneyt_ozdemir,
https://youtu.be/H2jDM8x1HO8,Cüneyt Özdemir,,,2,cuneyt_ozdemir,
https://youtu.be/gWza9lFpp4o,Cüneyt Özdemir,,,2,cuneyt_ozdemir,
https://youtu.be/vHLxDwLwysg,Cüneyt Özdemir,,,2,cuneyt_ozdemir,
https://youtu.be/Sw16rabrsmM,Cüneyt Özdemir,,,2,cuneyt_ozdemir,
https://youtu.be/gxW7Cm-SdfM,Cüneyt Özdemir,,,2,cuneyt_ozdemir,
https://youtu.be/sXLhmt1v1Yw,Cüneyt Özdemir,,,2,cuneyt_ozdemir,
https://youtu.be/5DewWabhFVE,Cüneyt Özdemir,,,2,cuneyt_ozdemir,
https://youtu.be/sYXBltsXGVA,Cüneyt Özdemir,,,2,cuneyt_ozdemir,
https://youtu.be/vxeTr79dfiY,Cüneyt Özdemir,,,2,cuneyt_ozdemir,
https://youtu.be/w-iCSLmDH0Q,Cüneyt Özdemir,,,2,cuneyt_ozdemir,
https://youtu.be/Wd56tyGvmnk,Cüneyt Özdemir,,,2,cuneyt_ozdemir,
https://youtu.be/Mvw4DH-3Wuo,Cüneyt Özdemir,,,2,cuneyt_ozdemir,
https://youtu.be/24YQ-Bidq-g,Cüneyt Özdemir,,,2,cuneyt_ozdemir,
https://youtu.be/Me1pIpcgikg,Cüneyt Özdemir,,,2,cuneyt_ozdemir,
https://youtu.be/nXyC9x2JvAQ,Cüneyt Özdemir,,,2,cuneyt_ozdemir,
https://youtu.be/XPfHFdbNIIw,Cüneyt Özdemir,,,2,cuneyt_ozdemir,
https://youtu.be/OyGfCup4B9M,Cüneyt Özdemir,,,2,cuneyt_ozdemir,
https://youtu.be/B8XDNuUrf20,Cüneyt Özdemir,,,2,cuneyt_ozdemir,
https://youtu.be/OCnET7UJq1o,Cüneyt Özdemir,,,2,cuneyt_ozdemir,
https://youtu.be/YEZI4As5KuA,Cüneyt Özdemir,,,2,cuneyt_ozdemir,
https://youtu.be/I-AkBam7Aog,Cüneyt Özdemir,,,2,cuneyt_ozdemir,
https://youtu.be/GUIYQRYfhTM,Cüneyt Özdemir,,,2,cuneyt_ozdemir,
https://youtu.be/_4EUFFKQVnA,Cüneyt Özdemir,,,2,cuneyt_ozdemir,
https://youtu.be/6UKzg-Z-aFA,Cüneyt Özdemir,,,2,cuneyt_ozdemir,
https://youtu.be/m_CwAPPn_zo,Cüneyt Özdemir,,,2,cuneyt_ozdemir,
https://youtu.be/QCcbGHOIg9s,Cüneyt Özdemir,,,2,cuneyt_ozdemir,
https://youtu.be/4eY2Qc1B16o,Cüneyt Özdemir,,,2,cuneyt_ozdemir,
https://youtu.be/vocpL6WCVQE,Cüneyt Özdemir,,,2,cuneyt_ozdemir,
https://youtu.be/XxxbZCf_SkU,Cüneyt Özdemir,,,2,cuneyt_ozdemir,
https://youtu.be/jvRYD284iEo,Cüneyt Özdemir,,,2,cuneyt_ozdemir,
https://youtu.be/ODNTEyMSgJw,Cüneyt Özdemir,,,2,cuneyt_ozdemir,
https://youtu.be/FmpFT-CnMe8,Cüneyt Özdemir,,,2,cuneyt_ozdemir,
https://youtu.be/PdZRUrNxUgc,Cüneyt Özdemir,,,2,cuneyt_ozdemir,
https://youtu.be/4XrqjpcRcP0,Cüneyt Özdemir,,,2,cuneyt_ozdemir,
https://youtu.be/LXWZPikrBUE,Cüneyt Özdemir,,,2,cuneyt_ozdemir,
https://youtu.be/my0keJf5png,Cüneyt Özdemir,,,2,cuneyt_ozdemir,
https://youtu.be/2030JepCcII,Cüneyt Özdemir,,,2,cuneyt_ozdemir,
https://youtu.be/tFHuRA4UD2A,Cüneyt Özdemir,,,2,cuneyt_ozdemir,
https://youtu.be/w-yABJ-VWSo,Cüneyt Özdemir,,,2,cuneyt_ozdemir,
https://youtu.be/DhZmcmfGchA,Cüneyt Özdemir,,,2,cuneyt_ozdemir,
https://youtu.be/SGl8OOPp4xo,Cüneyt Özdemir,,,2,cuneyt_ozdemir,
https://youtu.be/FbCOc_gLIJQ,Cüneyt Özdemir,,,2,cuneyt_ozdemir,
https://youtu.be/fytTe6CCw-Q,Cüneyt Özdemir,,,2,cuneyt_ozdemir,
https://youtu.be/EQv04ssS5As,Cüneyt Özdemir,,,2,cuneyt_ozdemir,
https://youtu.be/0oQKzAbg5r0,Cüneyt Özdemir,,,2,cuneyt_ozdemir,
https://youtu.be/hl5D_6UdKzI,Cüneyt Özdemir,,,2,cuneyt_ozdemir,
https://youtu.be/mHXLSufNwFM,Cüneyt Özdemir,,,2,cuneyt_ozdemir,
https://youtu.be/QuDLITu0xs0,Cüneyt Özdemir,,,2,cuneyt_ozdemir,
https://youtu.be/9NfCKSi-_TM,Cüneyt Özdemir,,,2,cuneyt_ozdemir,
https://youtu.be/w6cimPACTDE,Cüneyt Özdemir,,,2,cuneyt_ozdemir,
https://youtu.be/9_1MMKuKLd4,Cüneyt Özdemir,,,2,cuneyt_ozdemir,
https://youtu.be/hwsTRj4tMr4,Cüneyt Özdemir,,,2,cuneyt_ozdemir,
https://youtu.be/KicZfXhQnJM,Cüneyt Özdemir,,,2,cuneyt_ozdemir,
https://youtu.be/1WhjroZ0984,Cüneyt Özdemir,,,2,cuneyt_ozdemir,
https://youtu.be/RTdBht-Db1Q,Cüneyt Özdemir,,,2,cuneyt_ozdemir,
https://youtu.be/KtSI3sBlhTE,Cüneyt Özdemir,,,2,cuneyt_ozdemir,
https://youtu.be/k9kC6e_5tws,Cüneyt Özdemir,,,2,cuneyt_ozdemir,
https://youtu.be/vDn1BQuI93k,Cüneyt Özdemir,,,2,cuneyt_ozdemir,
https://youtu.be/hdIXFurGuMw,Cüneyt Özdemir,,,2,cuneyt_ozdemir,
https://youtu.be/R5t7eSc0L8w,Cüneyt Özdemir,,,2,cuneyt_ozdemir,
https://youtu.be/kFxTykqpKeI,Cüneyt Özdemir,,,2,cuneyt_ozdemir,
https://youtu.be/52RGrQNyrCw,Cüneyt Özdemir,,,2,cuneyt_ozdemir,
https://youtu.be/MlcgUcuRvzY,Cüneyt Özdemir,,,2,cuneyt_ozdemir,
https://youtu.be/3IPscfOlfDo,Cüneyt Özdemir,,,2,cuneyt_ozdemir,
https://youtu.be/gBJaQG4wks0,Cüneyt Özdemir,,,2,cuneyt_ozdemir,
https://youtu.be/FogqcRJKGRQ,Cüneyt Özdemir,,,2,cuneyt_ozdemir,
https://youtu.be/uReUDJTXlTA,Cüneyt Özdemir,,,2,cuneyt_ozdemir,
https://youtu.be/0LuuN_-w1zg,Cüneyt Özdemir,,,2,cuneyt_ozdemir,
https://youtu.be/S2GUu88TkCY,Cüneyt Özdemir,,,2,cuneyt_ozdemir,
https://youtu.be/6KgZSbtKilI,Cüneyt Özdemir,,,2,cuneyt_ozdemir,
https://youtu.be/0SObdqywoKM,Cüneyt Özdemir,,,2,cuneyt_ozdemir,
https://youtu.be/1DY3yb_pXA4,Cüneyt Özdemir,,,2,cuneyt_ozdemir,
https://youtu.be/nUUnD0ux1AY,Cüneyt Özdemir,,,2,cuneyt_ozdemir,
https://youtu.be/Ex1ArSEeHyQ,Cüneyt Özdemir,,,2,cuneyt_ozdemir,
https://youtu.be/vDq1Zpft_44,Cüneyt Özdemir,,,2,cuneyt_ozdemir,
https://youtu.be/EDjAMWluqGA,Cüneyt Özdemir,,,2,cuneyt_ozdemir,
https://youtu.be/ivAyriy3TY0,Cüneyt Özdemir,,,2,cuneyt_ozdemir,
https://youtu.be/XcOFNC0Mlc4,Cüneyt Özdemir,,,2,cuneyt_ozdemir,
https://youtu.be/Ees01vDPms8,Cüneyt Özdemir,,,2,cuneyt_ozdemir,
https://youtu.be/AdYLVJncNo0,Cüneyt Özdemir,,,2,cuneyt_ozdemir,
https://youtu.be/ed2pJvceFmc,Cüneyt Özdemir,,,2,cuneyt_ozdemir,
https://youtu.be/tvDESA_FZe4,Cüneyt Özdemir,,,2,cuneyt_ozdemir,
https://youtu.be/e7khAzTZrlM,Cüneyt Özdemir,,,2,cuneyt_ozdemir,
https://youtu.be/H696bCBknug,Cüneyt Özdemir,,,2,cuneyt_ozdemir,
https://youtu.be/_vzaLzcJRyQ,Cüneyt Özdemir,,,2,cuneyt_ozdemir,
https://youtu.be/ckfP7oSLmYw,Cüneyt Özdemir,,,2,cuneyt_ozdemir,
https://youtu.be/qQqCsa83Fyg,Cüneyt Özdemir,,,2,cuneyt_ozdemir,
https://youtu.be/m_mF9i-gdbs,Cüneyt Özdemir,,,2,cuneyt_ozdemir,
https://youtu.be/bP-U0H9IM3E,Cüneyt Özdemir,,,2,cuneyt_ozdemir,
https://youtu.be/-4DQ72dnkCI,Cüneyt Özdemir,,,2,cuneyt_ozdemir,
https://youtu.be/fnP2n6_4dz8,Cüneyt Özdemir,,,2,cuneyt_ozdemir,
https://youtu.be/L6bSn_wK_ro,Cüneyt Özdemir,,,2,cuneyt_ozdemir,
https://youtu.be/NxA2BVJLL-Y,Cüneyt Özdemir,,,2,cuneyt_ozdemir,
https://youtu.be/Q_pNRFfaw7g,Cüneyt Özdemir,,,2,cuneyt_ozdemir,
https://youtu.be/PjeZRD2W7ik,Cüneyt Özdemir,,,2,cuneyt_ozdemir,
https://youtu.be/q8_5mrPwdVQ,Cüneyt Özdemir,,,2,cuneyt_ozdemir,
https://youtu.be/W7nvtT-MvXE,Cüneyt Özdemir,,,2,cuneyt_ozdemir,
https://youtu.be/ut2SDo48_cw,Cüneyt Özdemir,,,2,cuneyt_ozdemir,
https://youtu.be/Hd2PaLvCMm8,Cüneyt Özdemir,,,2,cuneyt_ozdemir,
https://youtu.be/2-zVhuuo-UU,Cüneyt Özdemir,,,2,cuneyt_ozdemir,
https://youtu.be/KTyAKkpgYc0,Cüneyt Özdemir,,,2,cuneyt_ozdemir,
https://youtu.be/T57sVd0HLOw,Cüneyt Özdemir,,,2,cuneyt_ozdemir,
https://youtu.be/76fFucMLWLc,Cüneyt Özdemir,,,2,cuneyt_ozdemir,
https://youtu.be/Inedksa5Sxo,Cüneyt Özdemir,,,2,cuneyt_ozdemir,
https://youtu.be/Gh4mGKBLR5o,Cüneyt Özdemir,,,2,cuneyt_ozdemir,
https://youtu.be/KN7PPnNQjcM,Cüneyt Özdemir,,,2,cuneyt_ozdemir,
https://youtu.be/wVoKEMgC2jU,Cüneyt Özdemir,,,2,cuneyt_ozdemir,
https://youtu.be/CjG4s-gLJMQ,Cüneyt Özdemir,,,2,cuneyt_ozdemir,
https://youtu.be/ybh92sGSLgM,Cüneyt Özdemir,,,2,cuneyt_ozdemir,
https://youtu.be/_aoD2o4EcsY,Cüneyt Özdemir,,,2,cuneyt_ozdemir,
https://youtu.be/pB6jl2OEjsI,Cüneyt Özdemir,,,2,cuneyt_ozdemir,
https://youtu.be/nJPDdMyiQyo,Cüneyt Özdemir,,,2,cuneyt_ozdemir,
https://youtu.be/BfLyh-Enylo,Cüneyt Özdemir,,,2,cuneyt_ozdemir,
https://youtu.be/gSsakpm9jic,Cüneyt Özdemir,,,2,cuneyt_ozdemir,
https://youtu.be/no58OVrf9Jg,Cüneyt Özdemir,,,2,cuneyt_ozdemir,
https://youtu.be/cG4HYfOiTqQ,Cüneyt Özdemir,,,2,cuneyt_ozdemir,
https://youtu.be/2VADqsR5Wn4,Cüneyt Özdemir,,,2,cuneyt_ozdemir,
https://youtu.be/R8yL5OCXkCM,Cüneyt Özdemir,,,2,cuneyt_ozdemir,
https://youtu.be/ZN98h04f5t0,Cüneyt Özdemir,,,2,cuneyt_ozdemir,
https://youtu.be/ljhQ4OFACH8,Cüneyt Özdemir,,,2,cuneyt_ozdemir,
https://youtu.be/_2QiO1LeXsE,Cüneyt Özdemir,,,2,cuneyt_ozdemir,
https://youtu.be/jqzpzTKmFMY,Cüneyt Özdemir,,,2,cuneyt_ozdemir,
https://youtu.be/fwJXNxSi0RA,Cüneyt Özdemir,,,2,cuneyt_ozdemir,
https://youtu.be/aDQ1c-lU1ZA,Cüneyt Özdemir,,,2,cuneyt_ozdemir,
https://youtu.be/_p0QyX6WcTI,Cüneyt Özdemir,,,2,cuneyt_ozdemir,
https://youtu.be/W-RTFyvelO0,Cüneyt Özdemir,,,2,cuneyt_ozdemir,
https://youtu.be/eZ2LJRSlCPU,Cüneyt Özdemir,,,2,cuneyt_ozdemir,
https://youtu.be/uks_YY38cuw,Cüneyt Özdemir,,,2,cuneyt_ozdemir,
https://youtu.be/o9W3Kd1aTfk,Cüneyt Özdemir,,,2,cuneyt_ozdemir,
https://youtu.be/7sO2eTg0OoI,Cüneyt Özdemir,,,2,cuneyt_ozdemir,
https://youtu.be/UjsXDYL4KXw,Cüneyt Özdemir,,,2,cuneyt_ozdemir,
https://youtu.be/g32FuNJ9DuQ,Cüneyt Özdemir,,,2,cuneyt_ozdemir,
https://youtu.be/qR06bqrwuqA,Cüneyt Özdemir,,,2,cuneyt_ozdemir,
https://youtu.be/Bq8y5_c3a-0,Cüneyt Özdemir,,,2,cuneyt_ozdemir,
https://youtu.be/RZ8VEX6f5pc,Cüneyt Özdemir,,,2,cuneyt_ozdemir,
https://youtu.be/r6Hky6hu-Us,Cüneyt Özdemir,,,2,cuneyt_ozdemir,
https://youtu.be/NRYfyxwbdws,Cüneyt Özdemir,,,2,cuneyt_ozdemir,
https://youtu.be/p1I4S5k6CgQ,Cüneyt Özdemir,,,2,cuneyt_ozdemir,
https://youtu.be/p1ThERiQY9A,Cüneyt Özdemir,,,2,cuneyt_ozdemir,
https://youtu.be/hmDR7OX9CFA,Cüneyt Özdemir,,,2,cuneyt_ozdemir,
https://youtu.be/3xXJIC2_qm0,Cüneyt Özdemir,,,2,cuneyt_ozdemir,
https://youtu.be/xp4ELpt1CCs,Cüneyt Özdemir,,,2,cuneyt_ozdemir,
https://youtu.be/akn-KmuScLQ,Cüneyt Özdemir,,,2,cuneyt_ozdemir,
https://youtu.be/OLnMy7kuthA,Cüneyt Özdemir,,,2,cuneyt_ozdemir,
https://youtu.be/OAcEv3qg0SQ,Cüneyt Özdemir,,,2,cuneyt_ozdemir,
https://youtu.be/Yk-fllFKYDM,Cüneyt Özdemir,,,2,cuneyt_ozdemir,
https://youtu.be/rSHW2xT5ARY,Cüneyt Özdemir,,,2,cuneyt_ozdemir,
https://youtu.be/n8oXQ_SAhdo,Cüneyt Özdemir,,,2,cuneyt_ozdemir,
https://youtu.be/Qs28MsHkQK8,Cüneyt Özdemir,,,2,cuneyt_ozdemir,
https://youtu.be/_EzTfyw5qc0,Cüneyt Özdemir,,,2,cuneyt_ozdemir,
https://youtu.be/POOxFPjOCjo,Cüneyt Özdemir,,,2,cuneyt_ozdemir,
https://youtu.be/ag7mI_WJZQc,Cüneyt Özdemir,,,2,cuneyt_ozdemir,
https://youtu.be/T9nlzdDzYn8,Cüneyt Özdemir,,,2,cuneyt_ozdemir,
https://youtu.be/mxb-6Vbzz-I,Cüneyt Özdemir,,,2,cuneyt_ozdemir,
https://youtu.be/irzSNeEwHYQ,Cüneyt Özdemir,,,2,cuneyt_ozdemir,
https://youtu.be/eNzStYvLoM8,Cüneyt Özdemir,,,2,cuneyt_ozdemir,
https://youtu.be/El99tKBs5wU,Cüneyt Özdemir,,,2,cuneyt_ozdemir,
https://youtu.be/Essu4uolh9k,Cüneyt Özdemir,,,2,cuneyt_ozdemir,
https://youtu.be/VMIKfat8w80,Cüneyt Özdemir,,,2,cuneyt_ozdemir,
https://youtu.be/OM2SXiFL2Uo,Cüneyt Özdemir,,,2,cuneyt_ozdemir,
https://youtu.be/tzj_ncUqz6w,Cüneyt Özdemir,,,2,cuneyt_ozdemir,
https://youtu.be/stICGvwgCEo,Cüneyt Özdemir,,,2,cuneyt_ozdemir,
https://youtu.be/W_n4FPK4B5s,Cüneyt Özdemir,,,2,cuneyt_ozdemir,
https://youtu.be/3CYtr65QqnM,Cüneyt Özdemir,,,2,cuneyt_ozdemir,
https://youtu.be/K2J_UST7Q6w,Cüneyt Özdemir,,,2,cuneyt_ozdemir,
https://youtu.be/Hx1hp_dmjQ4,Cüneyt Özdemir,,,2,cuneyt_ozdemir,
https://youtu.be/Ag-OE5pcJTg,Cüneyt Özdemir,,,2,cuneyt_ozdemir,
https://youtu.be/km9-oV4EckE,Cüneyt Özdemir,,,2,cuneyt_ozdemir,
https://youtu.be/4ra-jKRkHbg,Cüneyt Özdemir,,,2,cuneyt_ozdemir,
https://youtu.be/UqrlfbRHm2Y,Cüneyt Özdemir,,,2,cuneyt_ozdemir,
https://youtu.be/QYBdyzG64-Y,Cüneyt Özdemir,,,2,cuneyt_ozdemir,
https://youtu.be/i5WDnFh6dL0,Cüneyt Özdemir,,,2,cuneyt_ozdemir,
https://youtu.be/3eFT1ou-Urw,Cüneyt Özdemir,,,2,cuneyt_ozdemir,
https://youtu.be/AR4bu61nqmQ,Cüneyt Özdemir,,,2,cuneyt_ozdemir,
https://youtu.be/BkBaDr6lp4A,Cüneyt Özdemir,,,2,cuneyt_ozdemir,
https://youtu.be/93r5cA2kijI,Cüneyt Özdemir,,,2,cuneyt_ozdemir,
https://youtu.be/eGBz42xYY-Y,Cüneyt Özdemir,,,2,cuneyt_ozdemir,
https://youtu.be/LD_UuJeoS1w,Cüneyt Özdemir,,,2,cuneyt_ozdemir,
https://youtu.be/dGswCIqE5CY,Cüneyt Özdemir,,,2,cuneyt_ozdemir,
https://youtu.be/xHeRS-DcfGQ,Cüneyt Özdemir,,,2,cuneyt_ozdemir,
https://youtu.be/LpzD1R3oyPE,Cüneyt Özdemir,,,2,cuneyt_ozdemir,
https://youtu.be/stPGoKJgkl8,Cüneyt Özdemir,,,2,cuneyt_ozdemir,
https://youtu.be/ZxiF8VV9JzE,Cüneyt Özdemir,,,2,cuneyt_ozdemir,
https://youtu.be/kDOo2FCxMUw,Cüneyt Özdemir,,,2,cuneyt_ozdemir,
https://youtu.be/RISJgj7lCoU,Cüneyt Özdemir,,,2,cuneyt_ozdemir,
https://youtu.be/ewxbRa8bGPc,Cüneyt Özdemir,,,2,cuneyt_ozdemir,
https://youtu.be/cEzKdRhrGrs,Cüneyt Özdemir,,,2,cuneyt_ozdemir,
https://youtu.be/mKusL_PN0Sg,Cüneyt Özdemir,,,2,cuneyt_ozdemir,
https://youtu.be/z7RC_sgE6yI,Cüneyt Özdemir,,,2,cuneyt_ozdemir,
https://youtu.be/M1GPSGUXqCo,Cüneyt Özdemir,,,2,cuneyt_ozdemir,
https://youtu.be/sUeFuaj_JoA,Cüneyt Özdemir,,,2,cuneyt_ozdemir,
https://youtu.be/QgUSC781mSU,Cüneyt Özdemir,,,2,cuneyt_ozdemir,
https://youtu.be/eINRMrZWEsM,Cüneyt Özdemir,,,2,cuneyt_ozdemir,
https://youtu.be/jlIpCSpfhLk,Cüneyt Özdemir,,,2,cuneyt_ozdemir,
https://youtu.be/oiOMh8zskis,Cüneyt Özdemir,,,2,cuneyt_ozdemir,
https://youtu.be/igt9AXeWnSk,Cüneyt Özdemir,,,2,cuneyt_ozdemir,
https://youtu.be/skwF000JM80,Cüneyt Özdemir,,,2,cuneyt_ozdemir,
https://youtu.be/XbjSyl_apGY,Cüneyt Özdemir,,,2,cuneyt_ozdemir,
https://youtu.be/3Wy9o4k1lh8,Cüneyt Özdemir,,,2,cuneyt_ozdemir,
https://youtu.be/GP8mQNKn0MI,Cüneyt Özdemir,,,2,cuneyt_ozdemir,
https://youtu.be/PrkFXjITEao,Cüneyt Özdemir,,,2,cuneyt_ozdemir,
https://youtu.be/YG1vaD-SrXE,Cüneyt Özdemir,,,2,cuneyt_ozdemir,
https://youtu.be/DXXHhGSLTB4,Cüneyt Özdemir,,,2,cuneyt_ozdemir,
https://youtu.be/yaAzP1oKUIU,Cüneyt Özdemir,,,2,cuneyt_ozdemir,
https://youtu.be/P8itO7z6mog,Cüneyt Özdemir,,,2,cuneyt_ozdemir,
https://youtu.be/B9_Eq5mNwiw,Cüneyt Özdemir,,,2,cuneyt_ozdemir,
https://youtu.be/y1K_Hmh43lA,Cüneyt Özdemir,,,2,cuneyt_ozdemir,
https://youtu.be/16QdLHC029I,Cüneyt Özdemir,,,2,cuneyt_ozdemir,
https://youtu.be/rKs8UWEN94o,Cüneyt Özdemir,,,2,cuneyt_ozdemir,
https://youtu.be/vBooRnj6_Gs,Cüneyt Özdemir,,,2,cuneyt_ozdemir,
https://youtu.be/Li56MQYii14,Cüneyt Özdemir,,,2,cuneyt_ozdemir,
https://youtu.be/0_LHvipV_Ho,Cüneyt Özdemir,,,2,cuneyt_ozdemir,
https://youtu.be/pekXUCl1_i0,Cüneyt Özdemir,,,2,cuneyt_ozdemir,
https://youtu.be/ejDVfF0UBCE,Cüneyt Özdemir,,,2,cuneyt_ozdemir,
https://youtu.be/-Ldhr2X8Ucg,Cüneyt Özdemir,,,2,cuneyt_ozdemir,
https://youtu.be/UuvPtnry_bw,Cüneyt Özdemir,,,2,cuneyt_ozdemir,
https://youtu.be/E3_Np7XMC2Y,Cüneyt Özdemir,,,2,cuneyt_ozdemir,
https://youtu.be/A9bAvSjyx7s,Cüneyt Özdemir,,,2,cuneyt_ozdemir,
https://youtu.be/b_uJ1M0aZ3w,Cüneyt Özdemir,,,2,cuneyt_ozdemir,
https://youtu.be/YRbkn0IIQPo,Cüneyt Özdemir,,,2,cuneyt_ozdemir,
https://youtu.be/9dSWi6i5vZ0,Cüneyt Özdemir,,,2,cuneyt_ozdemir,
https://youtu.be/9aRGzgE9qNE,Cüneyt Özdemir,,,2,cuneyt_ozdemir,
https://youtu.be/AIX_FLIg09w,Cüneyt Özdemir,,,2,cuneyt_ozdemir,
https://youtu.be/LNgkLBxo8_s,Cüneyt Özdemir,,,2,cuneyt_ozdemir,
https://youtu.be/fGLdmGcOZQc,Cüneyt Özdemir,,,2,cuneyt_ozdemir,
https://youtu.be/dfKlJvFc6kw,Cüneyt Özdemir,,,2,cuneyt_ozdemir,
https://youtu.be/WK3UxHDNPTw,Cüneyt Özdemir,,,2,cuneyt_ozdemir,
https://youtu.be/9Ku49OAMilA,Cüneyt Özdemir,,,2,cuneyt_ozdemir,
https://youtu.be/9oa78tz1tu0,Cüneyt Özdemir,,,2,cuneyt_ozdemir,
https://youtu.be/qUffNsZPBFE,Cüneyt Özdemir,,,2,cuneyt_ozdemir,
https://youtu.be/x5b5ztL2Dqs,Cüneyt Özdemir,,,2,cuneyt_ozdemir,
https://youtu.be/DWbFXi2foio,Cüneyt Özdemir,,,2,cuneyt_ozdemir,
https://youtu.be/cZ6o_G21pvo,Cüneyt Özdemir,,,2,cuneyt_ozdemir,
https://youtu.be/Ma4uXVcsgcI,Cüneyt Özdemir,,,2,cuneyt_ozdemir,
https://youtu.be/KvWwWr4JnP8,Cüneyt Özdemir,,,2,cuneyt_ozdemir,
https://youtu.be/0PWRGxwoB5U,Cüneyt Özdemir,,,2,cuneyt_ozdemir,
https://youtu.be/X4tKLNoZn4Y,Cüneyt Özdemir,,,2,cuneyt_ozdemir,
https://youtu.be/PYPqhx1hn1A,Cüneyt Özdemir,,,2,cuneyt_ozdemir,
https://youtu.be/KiQ73uW_MvE,Cüneyt Özdemir,,,2,cuneyt_ozdemir,
https://youtu.be/Reyf9l5humo,Cüneyt Özdemir,,,2,cuneyt_ozdemir,
https://youtu.be/xwyITnKzYfU,Cüneyt Özdemir,,,2,cuneyt_ozdemir,
https://youtu.be/PVSJlhhPLfY,Cüneyt Özdemir,,,2,cuneyt_ozdemir,
https://youtu.be/3WkCr2cHAgk,Cüneyt Özdemir,,,2,cuneyt_ozdemir,
https://youtu.be/__2WABLbxC4,Cüneyt Özdemir,,,2,cuneyt_ozdemir,
https://youtu.be/_avY581vobA,Cüneyt Özdemir,,,2,cuneyt_ozdemir,
https://youtu.be/gjlFRz9F9U8,Cüneyt Özdemir,,,2,cuneyt_ozdemir,
https://youtu.be/qGyWUHbDsNE,Cüneyt Özdemir,,,2,cuneyt_ozdemir,
https://youtu.be/gXTwpBWMyw8,Cüneyt Özdemir,,,2,cuneyt_ozdemir,
https://youtu.be/NthFKvreE7s,Cüneyt Özdemir,,,2,cuneyt_ozdemir,
https://youtu.be/RZ5mXIJ5RYE,Cüneyt Özdemir,,,2,cuneyt_ozdemir,
https://youtu.be/T1RTR6tMaq4,Cüneyt Özdemir,,,2,cuneyt_ozdemir,
https://youtu.be/t1nFk6bNTyc,Cüneyt Özdemir,,,2,cuneyt_ozdemir,
https://youtu.be/QRdku2a4TMo,Cüneyt Özdemir,,,2,cuneyt_ozdemir,
https://youtu.be/oURh_Z6Dca0,Cüneyt Özdemir,,,2,cuneyt_ozdemir,
https://youtu.be/gvaGNzcKNR0,Cüneyt Özdemir,,,2,cuneyt_ozdemir,
https://youtu.be/d7BDpAKXe6A,Cüneyt Özdemir,,,2,cuneyt_ozdemir,
https://youtu.be/jWERHyHRNrU,Cüneyt Özdemir,,,2,cuneyt_ozdemir,
https://youtu.be/gGa70eXblc0,Cüneyt Özdemir,,,2,cuneyt_ozdemir,
https://youtu.be/lysAaJdEgN4,Cüneyt Özdemir,,,2,cuneyt_ozdemir,
https://youtu.be/aAHeQQgcKR0,Cüneyt Özdemir,,,2,cuneyt_ozdemir,
https://youtu.be/gA8A4EXGqZQ,Cüneyt Özdemir,,,2,cuneyt_ozdemir,
https://youtu.be/uDH-qGLI-N4,Cüneyt Özdemir,,,2,cuneyt_ozdemir,
https://youtu.be/_bJ2yNyPOqg,Cüneyt Özdemir,,,2,cuneyt_ozdemir,
https://youtu.be/1ZEoiJvQ4v0,Cüneyt Özdemir,,,2,cuneyt_ozdemir,
https://youtu.be/QiRp31B4Wo8,Cüneyt Özdemir,,,2,cuneyt_ozdemir,
https://youtu.be/6-Vg17pBn68,Cüneyt Özdemir,,,2,cuneyt_ozdemir,
https://youtu.be/7v-0iagWMXs,Cüneyt Özdemir,,,2,cuneyt_ozdemir,
https://youtu.be/sY22mWoTpY8,Cüneyt Özdemir,,,2,cuneyt_ozdemir,
https://youtu.be/96ijVgLyieo,Cüneyt Özdemir,,,2,cuneyt_ozdemir,
https://youtu.be/qioV1FgcjL8,Cüneyt Özdemir,,,2,cuneyt_ozdemir,
https://youtu.be/i_Alv09ZvGE,Cüneyt Özdemir,,,2,cuneyt_ozdemir,
https://youtu.be/fIpYOUO3wxQ,Cüneyt Özdemir,,,2,cuneyt_ozdemir,
https://youtu.be/PxiDsoQUcaQ,Cüneyt Özdemir,,,2,cuneyt_ozdemir,
https://youtu.be/xkvThE2t_Zs,Cüneyt Özdemir,,,2,cuneyt_ozdemir,
https://youtu.be/_a4xAgLITJc,Cüneyt Özdemir,,,2,cuneyt_ozdemir,
https://youtu.be/CRrx9uqbSus,Cüneyt Özdemir,,,2,cuneyt_ozdemir,
https://youtu.be/Q647zRZa00Q,Cüneyt Özdemir,,,2,cuneyt_ozdemir,
https://youtu.be/i09CusjTM3A,Cüneyt Özdemir,,,2,cuneyt_ozdemir,
https://youtu.be/CaWPSW9v4sE,Cüneyt Özdemir,,,2,cuneyt_ozdemir,
https://youtu.be/FtY3PQ0gu-4,Cüneyt Özdemir,,,2,cuneyt_ozdemir,
https://youtu.be/Nx981FS284I,Cüneyt Özdemir,,,2,cuneyt_ozdemir,
https://youtu.be/cdkiDPSZ-Z0,Cüneyt Özdemir,,,2,cuneyt_ozdemir,
https://youtu.be/hBpDUmh22ZA,Cüneyt Özdemir,,,2,cuneyt_ozdemir,
https://youtu.be/RQk6nSnuHFo,Cüneyt Özdemir,,,2,cuneyt_ozdemir,
https://youtu.be/bybJXwjGO_c,Cüneyt Özdemir,,,2,cuneyt_ozdemir,
https://youtu.be/bOdtkG4mxtU,Cüneyt Özdemir,,,2,cuneyt_ozdemir,
https://youtu.be/ubze6Q17ui8,Cüneyt Özdemir,,,2,cuneyt_ozdemir,
https://youtu.be/Ue7_BveBvOI,Cüneyt Özdemir,,,2,cuneyt_ozdemir,
https://youtu.be/aqMhNC5T6iY,Cüneyt Özdemir,,,2,cuneyt_ozdemir,
https://youtu.be/Qw3r2lpisSQ,Cüneyt Özdemir,,,2,cuneyt_ozdemir,
https://youtu.be/ZM2eIG11P6M,Cüneyt Özdemir,,,2,cuneyt_ozdemir,
https://youtu.be/BFoga_Cqqu8,Cüneyt Özdemir,,,2,cuneyt_ozdemir,
https://youtu.be/wKgV_HmqH-M,Cüneyt Özdemir,,,2,cuneyt_ozdemir,
https://youtu.be/8jIcjj5c7nI,Cüneyt Özdemir,,,2,cuneyt_ozdemir,
https://youtu.be/Cktvdcc160I,Cüneyt Özdemir,,,2,cuneyt_ozdemir,
https://youtu.be/-d4kel24Az0,Cüneyt Özdemir,,,2,cuneyt_ozdemir,
https://youtu.be/COX-jIOQo8E,Cüneyt Özdemir,,,2,cuneyt_ozdemir,
https://youtu.be/8oV97IqUjTg,Cüneyt Özdemir,,,2,cuneyt_ozdemir,
https://youtu.be/n-U9hBt4TGs,Cüneyt Özdemir,,,2,cuneyt_ozdemir,
https://youtu.be/sl3Z1eLODh8,Cüneyt Özdemir,,,2,cuneyt_ozdemir,
https://youtu.be/lSiarboqOCg,Cüneyt Özdemir,,,2,cuneyt_ozdemir,
https://youtu.be/lvnntRh7ab8,Cüneyt Özdemir,,,2,cuneyt_ozdemir,
https://youtu.be/ftOC4kVS9gk,Cüneyt Özdemir,,,2,cuneyt_ozdemir,
https://youtu.be/hgk0ZimiL7Q,Cüneyt Özdemir,,,2,cuneyt_ozdemir,
https://youtu.be/2hEdjVZ7KIU,Cüneyt Özdemir,,,2,cuneyt_ozdemir,
https://youtu.be/yp5rA-G-TJg,Cüneyt Özdemir,,,2,cuneyt_ozdemir,
https://youtu.be/YI9VsUa9i28,Cüneyt Özdemir,,,2,cuneyt_ozdemir,
https://youtu.be/YF7DNlKARRg,Cüneyt Özdemir,,,2,cuneyt_ozdemir,
https://youtu.be/z_zzzIJU9vw,Cüneyt Özdemir,,,2,cuneyt_ozdemir,
https://youtu.be/XCDuXMfGv0A,Cüneyt Özdemir,,,2,cuneyt_ozdemir,
https://youtu.be/8gvGPMmIx-c,Cüneyt Özdemir,,,2,cuneyt_ozdemir,
https://youtu.be/1v0XcyYpgGs,Cüneyt Özdemir,,,2,cuneyt_ozdemir,
https://youtu.be/TqF8QmXXYt8,Cüneyt Özdemir,,,2,cuneyt_ozdemir,
https://youtu.be/z-MLJGvvBTo,Cüneyt Özdemir,,,2,cuneyt_ozdemir,
https://youtu.be/13BxWaUVaoQ,Cüneyt Özdemir,,,2,cuneyt_ozdemir,
https://youtu.be/CaKJdwL6DEo,Cüneyt Özdemir,,,2,cuneyt_ozdemir,
https://youtu.be/WDL58NXvdeM,Cüneyt Özdemir,,,2,cuneyt_ozdemir,
https://youtu.be/bRWZh5Ari9s,Cüneyt Özdemir,,,2,cuneyt_ozdemir,
https://youtu.be/KCfAmFRRdXI,Cüneyt Özdemir,,,2,cuneyt_ozdemir,
https://youtu.be/YtX0O8ehtDE,Cüneyt Özdemir,,,2,cuneyt_ozdemir,
https://youtu.be/APkKdD2u6tQ,Cüneyt Özdemir,,,2,cuneyt_ozdemir,
https://youtu.be/grNjhAC5Y_Y,Cüneyt Özdemir,,,2,cuneyt_ozdemir,
https://youtu.be/QUe2HR0Xclc,Cüneyt Özdemir,,,2,cuneyt_ozdemir,
https://youtu.be/zAgSnlXjoaY,Cüneyt Özdemir,,,2,cuneyt_ozdemir,
https://youtu.be/50MSjudZd1I,Cüneyt Özdemir,,,2,cuneyt_ozdemir,
https://youtu.be/x8sP1TntH_o,Cüneyt Özdemir,,,2,cuneyt_ozdemir,
https://youtu.be/Q1uz_lhpN5k,Cüneyt Özdemir,,,2,cuneyt_ozdemir,
https://youtu.be/gUIQ_qPwDi0,Cüneyt Özdemir,,,2,cuneyt_ozdemir,
https://youtu.be/jGiGQ2lRcqA,Cüneyt Özdemir,,,2,cuneyt_ozdemir,
https://youtu.be/52z-wB5j2F8,Cüneyt Özdemir,,,2,cuneyt_ozdemir,
https://youtu.be/qDh7ewaQZQE,Cüneyt Özdemir,,,2,cuneyt_ozdemir,
https://youtu.be/5AAaLPPDZY8,Cüneyt Özdemir,,,2,cuneyt_ozdemir,
https://youtu.be/qCHGDJBq6TE,Cüneyt Özdemir,,,2,cuneyt_ozdemir,
https://youtu.be/WjqjLutKAsM,Cüneyt Özdemir,,,2,cuneyt_ozdemir,
https://youtu.be/qnkfo_b-WKM,Cüneyt Özdemir,,,2,cuneyt_ozdemir,
https://youtu.be/NL4oh26TYRo,Cüneyt Özdemir,,,2,cuneyt_ozdemir,
https://youtu.be/cxguSu6jBrA,Cüneyt Özdemir,,,2,cuneyt_ozdemir,
https://youtu.be/HLFxn7FrChA,Cüneyt Özdemir,,,2,cuneyt_ozdemir,
https://youtu.be/-uvCMcvVObU,Cüneyt Özdemir,,,2,cuneyt_ozdemir,
https://youtu.be/FlvIvQqtqvA,Cüneyt Özdemir,,,2,cuneyt_ozdemir,
https://youtu.be/qT8rX7Ozalw,Cüneyt Özdemir,,,2,cuneyt_ozdemir,
https://youtu.be/TC7sE1xVm-0,Cüneyt Özdemir,,,2,cuneyt_ozdemir,
https://youtu.be/-QgzVq8Pzkg,Cüneyt Özdemir,,,2,cuneyt_ozdemir,
https://youtu.be/Mv94IXqrZ2A,Cüneyt Özdemir,,,2,cuneyt_ozdemir,
https://youtu.be/jQHZrBbKBzs,Cüneyt Özdemir,,,2,cuneyt_ozdemir,
https://youtu.be/-6ZFBxkJhcc,Cüneyt Özdemir,,,2,cuneyt_ozdemir,
https://youtu.be/99D_8r-DX5Q,Cüneyt Özdemir,,,2,cuneyt_ozdemir,
https://youtu.be/rGnOKwM5gsg,Cüneyt Özdemir,,,2,cuneyt_ozdemir,
https://youtu.be/74KzyXDNmHg,Cüneyt Özdemir,,,2,cuneyt_ozdemir,
https://youtu.be/sYeC36zKPC0,Cüneyt Özdemir,,,2,cuneyt_ozdemir,
https://youtu.be/hpuxbku7-TE,Cüneyt Özdemir,,,2,cuneyt_ozdemir,
https://youtu.be/kJx2LyyIfK8,Cüneyt Özdemir,,,2,cuneyt_ozdemir,
https://youtu.be/dlKF_C3Vlt0,Cüneyt Özdemir,,,2,cuneyt_ozdemir,
https://youtu.be/HTCQ5_tY_Bk,Cüneyt Özdemir,,,2,cuneyt_ozdemir,
https://youtu.be/Gg5QmnEXqSg,Cüneyt Özdemir,,,2,cuneyt_ozdemir,
https://youtu.be/0Du7BR4ApmI,Cüneyt Özdemir,,,2,cuneyt_ozdemir,
https://youtu.be/bkSmQIVTu34,Cüneyt Özdemir,,,2,cuneyt_ozdemir,
https://youtu.be/gfuIE6e2tTA,Cüneyt Özdemir,,,2,cuneyt_ozdemir,
https://youtu.be/YVziUe_Ox-E,Cüneyt Özdemir,,,2,cuneyt_ozdemir,
https://youtu.be/lxpy3H5lRDE,Cüneyt Özdemir,,,2,cuneyt_ozdemir,
https://youtu.be/HuTl-ISsZHI,Cüneyt Özdemir,,,2,cuneyt_ozdemir,
https://youtu.be/CUHKoSDAl0c,Cüneyt Özdemir,,,2,cuneyt_ozdemir,
https://youtu.be/PNGFnGNeHSo,Cüneyt Özdemir,,,2,cuneyt_ozdemir,
https://youtu.be/KWH_Waeb2rY,Cüneyt Özdemir,,,2,cuneyt_ozdemir,
https://youtu.be/eJCrec4-ySI,Cüneyt Özdemir,,,2,cuneyt_ozdemir,
https://youtu.be/ViZPyr1ervc,Cüneyt Özdemir,,,2,cuneyt_ozdemir,
https://youtu.be/xn7uQKOom28,Cüneyt Özdemir,,,2,cuneyt_ozdemir,
https://youtu.be/a1lqvBkf1q8,Cüneyt Özdemir,,,2,cuneyt_ozdemir,
https://youtu.be/76v_MzARb0Y,Cüneyt Özdemir,,,2,cuneyt_ozdemir,
https://youtu.be/_amARt2XwVU,Cüneyt Özdemir,,,2,cuneyt_ozdemir,
https://youtu.be/LGakbjLsGE4,Cüneyt Özdemir,,,2,cuneyt_ozdemir,
https://youtu.be/DCAf_0aD0-g,Cüneyt Özdemir,,,2,cuneyt_ozdemir,
https://youtu.be/5ojXtd50_4Q,Cüneyt Özdemir,,,2,cuneyt_ozdemir,
https://youtu.be/VA_jVfHysoY,Cüneyt Özdemir,,,2,cuneyt_ozdemir,
https://youtu.be/7X8EVKZLdaA,Cüneyt Özdemir,,,2,cuneyt_ozdemir,
https://youtu.be/omv0R0wNiLo,Cüneyt Özdemir,,,2,cuneyt_ozdemir,
https://youtu.be/G0uKstsTURs,Cüneyt Özdemir,,,2,cuneyt_ozdemir,
https://youtu.be/qiW_LmiwADI,Cüneyt Özdemir,,,2,cuneyt_ozdemir,
https://youtu.be/uWFhPH3Nl-Q,Cüneyt Özdemir,,,2,cuneyt_ozdemir,
https://youtu.be/e0qKApB1d_c,Cüneyt Özdemir,,,2,cuneyt_ozdemir,
https://youtu.be/WcV5ApnR2Ss,Cüneyt Özdemir,,,2,cuneyt_ozdemir,
https://youtu.be/0K_tPKGuQsk,Cüneyt Özdemir,,,2,cuneyt_ozdemir,
https://youtu.be/tCCEYsUDvHc,Cüneyt Özdemir,,,2,cuneyt_ozdemir,
https://youtu.be/4AdeEeo16io,Cüneyt Özdemir,,,2,cuneyt_ozdemir,
https://youtu.be/6eb-n7BEQUg,Cüneyt Özdemir,,,2,cuneyt_ozdemir,
https://youtu.be/woZjQMDLQ9w,Cüneyt Özdemir,,,2,cuneyt_ozdemir,
https://youtu.be/H8sVhTIBxrk,Cüneyt Özdemir,,,2,cuneyt_ozdemir,
https://youtu.be/mBFD-YV_SuU,Cüneyt Özdemir,,,2,cuneyt_ozdemir,
https://youtu.be/wwbyltsRDsE,Cüneyt Özdemir,,,2,cuneyt_ozdemir,
https://youtu.be/xSeyS2fq3P0,Cüneyt Özdemir,,,2,cuneyt_ozdemir,
https://youtu.be/tAAwoBi2iCo,Cüneyt Özdemir,,,2,cuneyt_ozdemir,
https://youtu.be/tBeNsJNAClc,Cüneyt Özdemir,,,2,cuneyt_ozdemir,
https://youtu.be/HpEZyRNiAgQ,Cüneyt Özdemir,,,2,cuneyt_ozdemir,
https://youtu.be/VGrtxeCQxiE,Cüneyt Özdemir,,,2,cuneyt_ozdemir,
https://youtu.be/hvQm7DNMEXg,Cüneyt Özdemir,,,2,cuneyt_ozdemir,
https://youtu.be/CFpfKcDgl1w,Cüneyt Özdemir,,,2,cuneyt_ozdemir,
https://youtu.be/paqB2I4AYDI,Cüneyt Özdemir,,,2,cuneyt_ozdemir,
https://youtu.be/0DNPT32p-Q4,Cüneyt Özdemir,,,2,cuneyt_ozdemir,
https://youtu.be/eEqG7CmrcuY,Cüneyt Özdemir,,,2,cuneyt_ozdemir,
https://youtu.be/UJeVS9V6diM,Cüneyt Özdemir,,,2,cuneyt_ozdemir,
https://youtu.be/dKL1aGzJMW8,Cüneyt Özdemir,,,2,cuneyt_ozdemir,
https://youtu.be/He-VivJ3314,Cüneyt Özdemir,,,2,cuneyt_ozdemir,
https://youtu.be/GHqPK6-2MHU,Cüneyt Özdemir,,,2,cuneyt_ozdemir,
https://youtu.be/xvh2Ov036Hc,Cüneyt Özdemir,,,2,cuneyt_ozdemir,
https://youtu.be/-AzzFYJPezY,Cüneyt Özdemir,,,2,cuneyt_ozdemir,
https://youtu.be/w2VwJkJ-pC4,Cüneyt Özdemir,,,2,cuneyt_ozdemir,
https://youtu.be/Rm1zqKY1tgM,Cüneyt Özdemir,,,2,cuneyt_ozdemir,
https://youtu.be/hYe1E48BrhY,Cüneyt Özdemir,,,2,cuneyt_ozdemir,
https://youtu.be/6BTreHVlwBg,Cüneyt Özdemir,,,2,cuneyt_ozdemir,
https://youtu.be/SPmeN6CFz9g,Cüneyt Özdemir,,,2,cuneyt_ozdemir,
https://youtu.be/eIWLUyFYpeE,Cüneyt Özdemir,,,2,cuneyt_ozdemir,
https://youtu.be/JO2ILYJIJT4,Cüneyt Özdemir,,,2,cuneyt_ozdemir,
https://youtu.be/yiyPyJPqflg,Cüneyt Özdemir,,,2,cuneyt_ozdemir,
https://youtu.be/-MUXZFUHuIw,Cüneyt Özdemir,,,2,cuneyt_ozdemir,
https://youtu.be/Sbwyrhm2f1E,Cüneyt Özdemir,,,2,cuneyt_ozdemir,
https://youtu.be/dCLLEY3gSyw,Cüneyt Özdemir,,,2,cuneyt_ozdemir,
https://youtu.be/U70mjL84PIU,Cüneyt Özdemir,,,2,cuneyt_ozdemir,
https://youtu.be/jJstcJ0ZCvs,Cüneyt Özdemir,,,2,cuneyt_ozdemir,
https://youtu.be/4MoQigTxsx4,Cüneyt Özdemir,,,2,cuneyt_ozdemir,
https://youtu.be/dQYWiNfKRAg,Cüneyt Özdemir,,,2,cuneyt_ozdemir,
https://youtu.be/nlRO0bbKk3g,Cüneyt Özdemir,,,2,cuneyt_ozdemir,
https://youtu.be/h0Sb52tjAeA,Cüneyt Özdemir,,,2,cuneyt_ozdemir,
https://youtu.be/2aiPyJtQJmU,Cüneyt Özdemir,,,2,cuneyt_ozdemir,
https://youtu.be/f4MFM0tOaHE,Cüneyt Özdemir,,,2,cuneyt_ozdemir,
https://youtu.be/nDwqnr4P27U,Cüneyt Özdemir,,,2,cuneyt_ozdemir,
https://youtu.be/OLtetFDcjaE,Cüneyt Özdemir,,,2,cuneyt_ozdemir,
https://youtu.be/BxXONan4DCg,Cüneyt Özdemir,,,2,cuneyt_ozdemir,
https://youtu.be/VpJp64bgbC4,Cüneyt Özdemir,,,2,cuneyt_ozdemir,
https://youtu.be/n50sPabj8j4,Cüneyt Özdemir,,,2,cuneyt_ozdemir,
https://youtu.be/zsPI5G3Iwlw,Cüneyt Özdemir,,,2,cuneyt_ozdemir,
https://youtu.be/OXCUzjPGZtU,Cüneyt Özdemir,,,2,cuneyt_ozdemir,
https://youtu.be/UGJ0wGCKxvc,Cüneyt Özdemir,,,2,cuneyt_ozdemir,
https://youtu.be/EQh90-eRoHs,Cüneyt Özdemir,,,2,cuneyt_ozdemir,
https://youtu.be/xP-RM767oQM,Cüneyt Özdemir,,,2,cuneyt_ozdemir,
https://youtu.be/mw6sQ5m8pjI,Cüneyt Özdemir,,,2,cuneyt_ozdemir,
https://youtu.be/ieblEF8Kavg,Cüneyt Özdemir,,,2,cuneyt_ozdemir,
https://youtu.be/EsTzRWeoJI8,Cüneyt Özdemir,,,2,cuneyt_ozdemir,
https://youtu.be/WBrvAnGXjdo,Cüneyt Özdemir,,,2,cuneyt_ozdemir,
https://youtu.be/lslHr6grVs8,Cüneyt Özdemir,,,2,cuneyt_ozdemir,
https://youtu.be/MUuRSbfse2Y,Cüneyt Özdemir,,,2,cuneyt_ozdemir,
https://youtu.be/YrK7ecNQKoo,Cüneyt Özdemir,,,2,cuneyt_ozdemir,
https://youtu.be/l7_hGxfrDzE,Cüneyt Özdemir,,,2,cuneyt_ozdemir,
https://youtu.be/tUF_8l6a-QA,Cüneyt Özdemir,,,2,cuneyt_ozdemir,
https://youtu.be/aOAJzVGzMRE,Cüneyt Özdemir,,,2,cuneyt_ozdemir,
https://youtu.be/3iZ83xXqMEc,Cüneyt Özdemir,,,2,cuneyt_ozdemir,
https://youtu.be/LpTGsGh16WQ,Cüneyt Özdemir,,,2,cuneyt_ozdemir,
https://youtu.be/s3Bd2qxZZ7g,Cüneyt Özdemir,,,2,cuneyt_ozdemir,
https://youtu.be/QsLvcx1Thdo,Cüneyt Özdemir,,,2,cuneyt_ozdemir,
https://youtu.be/zYgy4EcDuUE,Cüneyt Özdemir,,,2,cuneyt_ozdemir,
https://youtu.be/lEJn26XUyII,Cüneyt Özdemir,,,2,cuneyt_ozdemir,
https://youtu.be/qFYLsUs01YA,Cüneyt Özdemir,,,2,cuneyt_ozdemir,
https://youtu.be/oHdlrhFf2Yw,Cüneyt Özdemir,,,2,cuneyt_ozdemir,
https://youtu.be/E6QTsOilDOY,Cüneyt Özdemir,,,2,cuneyt_ozdemir,
https://youtu.be/7ufqWWtAz54,Cüneyt Özdemir,,,2,cuneyt_ozdemir,
https://youtu.be/aK3PkiDEYZE,Cüneyt Özdemir,,,2,cuneyt_ozdemir,
https://youtu.be/P8tYwuww5-I,Cüneyt Özdemir,,,2,cuneyt_ozdemir,
https://youtu.be/EJWgEfUL0lg,Cüneyt Özdemir,,,2,cuneyt_ozdemir,
https://youtu.be/4giCpy07yQ8,Cüneyt Özdemir,,,2,cuneyt_ozdemir,
https://youtu.be/rUaxAP9CuPE,Cüneyt Özdemir,,,2,cuneyt_ozdemir,
https://youtu.be/2Z4a_hgsm0Y,Cüneyt Özdemir,,,2,cuneyt_ozdemir,
https://youtu.be/jy_kKtM_gLo,Cüneyt Özdemir,,,2,cuneyt_ozdemir,
https://youtu.be/rKEFJvpYmJU,Cüneyt Özdemir,,,2,cuneyt_ozdemir,
https://youtu.be/Z3W0zIbqwy4,Cüneyt Özdemir,,,2,cuneyt_ozdemir,
https://youtu.be/PDzKdYFT4C4,Cüneyt Özdemir,,,2,cuneyt_ozdemir,
https://youtu.be/MmZisCjXsbw,Cüneyt Özdemir,,,2,cuneyt_ozdemir,
https://youtu.be/YMPAVZzjEgg,Cüneyt Özdemir,,,2,cuneyt_ozdemir,
https://youtu.be/21YqrksltA4,Cüneyt Özdemir,,,2,cuneyt_ozdemir,
https://youtu.be/tzDoaoJQsLo,Cüneyt Özdemir,,,2,cuneyt_ozdemir,
https://youtu.be/Pf4wVXFxODM,Cüneyt Özdemir,,,2,cuneyt_ozdemir,
https://youtu.be/D9cIASlTFpc,Cüneyt Özdemir,,,2,cuneyt_ozdemir,
https://youtu.be/9qzqNuSyVoA,Cüneyt Özdemir,,,2,cuneyt_ozdemir,
https://youtu.be/vbijP_o0Lbg,Cüneyt Özdemir,,,2,cuneyt_ozdemir,
https://youtu.be/SoNJGhSrpXQ,Cüneyt Özdemir,,,2,cuneyt_ozdemir,
https://youtu.be/5EUQfAhCC3E,Cüneyt Özdemir,,,2,cuneyt_ozdemir,
https://youtu.be/uzIKswx-4Ao,Cüneyt Özdemir,,,2,cuneyt_ozdemir,
https://youtu.be/6TfQGbcpJtk,Cüneyt Özdemir,,,2,cuneyt_ozdemir,
https://youtu.be/tQ_u8kI5vy8,Cüneyt Özdemir,,,2,cuneyt_ozdemir,
https://youtu.be/LDrzlCDOXXQ,Cüneyt Özdemir,,,2,cuneyt_ozdemir,
https://youtu.be/f2_JGfM1iX8,Cüneyt Özdemir,,,2,cuneyt_ozdemir,
https://youtu.be/ugagRMcaibU,Cüneyt Özdemir,,,2,cuneyt_ozdemir,
https://youtu.be/AwZ4dYva63o,Cüneyt Özdemir,,,2,cuneyt_ozdemir,
https://youtu.be/1USgMy1txZ4,Cüneyt Özdemir,,,2,cuneyt_ozdemir,
https://youtu.be/UqMp_GSiufg,Cüneyt Özdemir,,,2,cuneyt_ozdemir,
https://youtu.be/kSaAWUKjRWc,Cüneyt Özdemir,,,2,cuneyt_ozdemir,
https://youtu.be/aO3cCVF0VDQ,Cüneyt Özdemir,,,2,cuneyt_ozdemir,
https://youtu.be/lmT4UwMZiWk,Cüneyt Özdemir,,,2,cuneyt_ozdemir,
https://youtu.be/kaqTCc7f14w,Cüneyt Özdemir,,,2,cuneyt_ozdemir,
https://youtu.be/q5zsLi2cIWc,Cüneyt Özdemir,,,2,cuneyt_ozdemir,
https://youtu.be/bsrGTL7WIXw,Cüneyt Özdemir,,,2,cuneyt_ozdemir,
https://youtu.be/F26GVlwjsqE,Cüneyt Özdemir,,,2,cuneyt_ozdemir,
https://youtu.be/_VwvushTwMA,Cüneyt Özdemir,,,2,cuneyt_ozdemir,
https://youtu.be/woJzwcF2Q40,Cüneyt Özdemir,,,2,cuneyt_ozdemir,
https://youtu.be/KjeQ7xucDe4,Cüneyt Özdemir,,,2,cuneyt_ozdemir,
https://youtu.be/dZ_HkxytwCA,Cüneyt Özdemir,,,2,cuneyt_ozdemir,
https://youtu.be/o3jSiAjmpUM,Cüneyt Özdemir,,,2,cuneyt_ozdemir,
https://youtu.be/PsFTiimCfPg,Cüneyt Özdemir,,,2,cuneyt_ozdemir,
https://youtu.be/Iv9ZC6uOtFY,Cüneyt Özdemir,,,2,cuneyt_ozdemir,
https://youtu.be/mdLYK6fY-vA,Cüneyt Özdemir,,,2,cuneyt_ozdemir,
https://youtu.be/WKzbBxbVfrE,Cüneyt Özdemir,,,2,cuneyt_ozdemir,
https://youtu.be/E8pg9N298wE,Cüneyt Özdemir,,,2,cuneyt_ozdemir,
https://youtu.be/hv1REjvEf70,Cüneyt Özdemir,,,2,cuneyt_ozdemir,
https://youtu.be/MBWeGJNEzGw,Cüneyt Özdemir,,,2,cuneyt_ozdemir,
https://youtu.be/MR34SfxhZhM,Cüneyt Özdemir,,,2,cuneyt_ozdemir,
https://youtu.be/O1o4ZmMW-PM,Cüneyt Özdemir,,,2,cuneyt_ozdemir,
https://youtu.be/EgHgx_EIyaI,Cüneyt Özdemir,,,2,cuneyt_ozdemir,
https://youtu.be/U38mvOmkpvQ,Cüneyt Özdemir,,,2,cuneyt_ozdemir,
https://youtu.be/bzi83m5soSs,Cüneyt Özdemir,,,2,cuneyt_ozdemir,
https://youtu.be/6pcpo3rA960,Cüneyt Özdemir,,,2,cuneyt_ozdemir,
https://youtu.be/RYgUBF4pa5A,Cüneyt Özdemir,,,2,cuneyt_ozdemir,
https://youtu.be/EAHxAvlSuXw,Cüneyt Özdemir,,,2,cuneyt_ozdemir,
https://youtu.be/u_wqHSLkQ2E,Cüneyt Özdemir,,,2,cuneyt_ozdemir,
https://youtu.be/gv2qqdIvOrE,Cüneyt Özdemir,,,2,cuneyt_ozdemir,
https://youtu.be/51ObUy-O71o,Cüneyt Özdemir,,,2,cuneyt_ozdemir,
https://youtu.be/mNmMSMIEo8w,Cüneyt Özdemir,,,2,cuneyt_ozdemir,
https://youtu.be/zchi4K86-Yw,Cüneyt Özdemir,,,2,cuneyt_ozdemir,
https://youtu.be/FldmVJyfB_g,Cüneyt Özdemir,,,2,cuneyt_ozdemir,
https://youtu.be/yu4HtI-8tnE,Cüneyt Özdemir,,,2,cuneyt_ozdemir,
https://youtu.be/yursdVLA2Xc,Cüneyt Özdemir,,,2,cuneyt_ozdemir,
https://youtu.be/keo-ehQ-QWQ,Cüneyt Özdemir,,,2,cuneyt_ozdemir,
https://youtu.be/F4bM5rrO5Xg,Cüneyt Özdemir,,,2,cuneyt_ozdemir,
https://youtu.be/0w8rj2CbPko,Cüneyt Özdemir,,,2,cuneyt_ozdemir,
https://youtu.be/gak4ZbWyd_Q,Cüneyt Özdemir,,,2,cuneyt_ozdemir,
https://youtu.be/ebYDnthFFF4,Cüneyt Özdemir,,,2,cuneyt_ozdemir,
https://youtu.be/YrW11x-vVWY,Cüneyt Özdemir,,,2,cuneyt_ozdemir,
https://youtu.be/9ERt6D845Cs,Cüneyt Özdemir,,,2,cuneyt_ozdemir,
https://youtu.be/yM1tSu3RkQc,Cüneyt Özdemir,,,2,cuneyt_ozdemir,
https://youtu.be/Rvz1t1v7go4,Cüneyt Özdemir,,,2,cuneyt_ozdemir,
https://youtu.be/MF-DOhysmnU,Cüneyt Özdemir,,,2,cuneyt_ozdemir,
https://youtu.be/qZO2FrL_hNI,Cüneyt Özdemir,,,2,cuneyt_ozdemir,
https://youtu.be/C-RXVDapyjU,Cüneyt Özdemir,,,2,cuneyt_ozdemir,
https://youtu.be/aPm4-AJNBR8,Cüneyt Özdemir,,,2,cuneyt_ozdemir,
https://youtu.be/XHoXbVOhXtY,Cüneyt Özdemir,,,2,cuneyt_ozdemir,
https://youtu.be/a8fKlCOOJZo,Cüneyt Özdemir,,,2,cuneyt_ozdemir,
https://youtu.be/7_h61Qrs7yQ,Cüneyt Özdemir,,,2,cuneyt_ozdemir,
https://youtu.be/fdE84bIXFD8,Cüneyt Özdemir,,,2,cuneyt_ozdemir,
https://youtu.be/bO_4gNKI5W4,Cüneyt Özdemir,,,2,cuneyt_ozdemir,
https://youtu.be/J7n1k2SVjCY,Cüneyt Özdemir,,,2,cuneyt_ozdemir,
https://youtu.be/8GTQroxRgrs,Cüneyt Özdemir,,,2,cuneyt_ozdemir,
https://youtu.be/u2-LD-72MaA,Cüneyt Özdemir,,,2,cuneyt_ozdemir,
https://youtu.be/Chp8OIvD5Ec,Cüneyt Özdemir,,,2,cuneyt_ozdemir,
https://youtu.be/1v5Dj9fp_Uw,Cüneyt Özdemir,,,2,cuneyt_ozdemir,
https://youtu.be/3J7AU2IBq8k,Cüneyt Özdemir,,,2,cuneyt_ozdemir,
https://youtu.be/mw7LBz8-8lg,Cüneyt Özdemir,,,2,cuneyt_ozdemir,
https://youtu.be/xHp9dGwDjvM,Cüneyt Özdemir,,,2,cuneyt_ozdemir,
https://youtu.be/TrB_JkYeH8k,Cüneyt Özdemir,,,2,cuneyt_ozdemir,
https://youtu.be/OP8M14MQKYg,Cüneyt Özdemir,,,2,cuneyt_ozdemir,
https://youtu.be/aLVs8oovroQ,Cüneyt Özdemir,,,2,cuneyt_ozdemir,
https://youtu.be/p_CL00bR-CY,Cüneyt Özdemir,,,2,cuneyt_ozdemir,
https://youtu.be/0PfnQjapc_8,Cüneyt Özdemir,,,2,cuneyt_ozdemir,
https://youtu.be/HlwcVWnie5o,Cüneyt Özdemir,,,2,cuneyt_ozdemir,
https://youtu.be/4ePVCktrplo,Cüneyt Özdemir,,,2,cuneyt_ozdemir,
https://youtu.be/zwkjGSzPzcY,Cüneyt Özdemir,,,2,cuneyt_ozdemir,
https://youtu.be/y9Ho7vBmZP4,Cüneyt Özdemir,,,2,cuneyt_ozdemir,
https://youtu.be/0oKOKPjszUk,Cüneyt Özdemir,,,2,cuneyt_ozdemir,
https://youtu.be/MI9StvLSyOU,Cüneyt Özdemir,,,2,cuneyt_ozdemir,
https://youtu.be/uCswahMRzXE,Cüneyt Özdemir,,,2,cuneyt_ozdemir,
https://youtu.be/N4b9ZL8XBUo,Cüneyt Özdemir,,,2,cuneyt_ozdemir,
https://youtu.be/71cfKal0XPU,Cüneyt Özdemir,,,2,cuneyt_ozdemir,
https://youtu.be/nAI2BjIvkVs,Cüneyt Özdemir,,,2,cuneyt_ozdemir,
https://youtu.be/0_athQkgRH4,Cüneyt Özdemir,,,2,cuneyt_ozdemir,
https://youtu.be/IVvhytfBoaw,Cüneyt Özdemir,,,2,cuneyt_ozdemir,
https://youtu.be/ZEKrDK4v-gs,Cüneyt Özdemir,,,2,cuneyt_ozdemir,
https://youtu.be/b0rKfOvTuHU,Cüneyt Özdemir,,,2,cuneyt_ozdemir,
https://youtu.be/SfKlFydUaKA,Cüneyt Özdemir,,,2,cuneyt_ozdemir,
https://youtu.be/4lB7C4ojI4A,Cüneyt Özdemir,,,2,cuneyt_ozdemir,
https://youtu.be/BNT8gc68Zdg,Cüneyt Özdemir,,,2,cuneyt_ozdemir,
https://youtu.be/kiEAxe8kKQE,Cüneyt Özdemir,,,2,cuneyt_ozdemir,
https://youtu.be/RZQnZksZv9c,Cüneyt Özdemir,,,2,cuneyt_ozdemir,
https://youtu.be/OIF-02OzrUM,Cüneyt Özdemir,,,2,cuneyt_ozdemir,
https://youtu.be/04RtAg9SFtU,Cüneyt Özdemir,,,2,cuneyt_ozdemir,
https://youtu.be/BrPHkhCJXXU,Cüneyt Özdemir,,,2,cuneyt_ozdemir,
https://youtu.be/nPjk9qE2iG8,Cüneyt Özdemir,,,2,cuneyt_ozdemir,
https://youtu.be/C5lrBQRB99Y,Cüneyt Özdemir,,,2,cuneyt_ozdemir,
https://youtu.be/tsBvvJjHJrw,Cüneyt Özdemir,,,2,cuneyt_ozdemir,
https://youtu.be/t15FCfaepbY,Cüneyt Özdemir,,,2,cuneyt_ozdemir,
https://youtu.be/FuF4C60XsEs,Cüneyt Özdemir,,,2,cuneyt_ozdemir,
https://youtu.be/qeIrBPu0-m4,Cüneyt Özdemir,,,2,cuneyt_ozdemir,
https://youtu.be/XG08LDtM-lo,Cüneyt Özdemir,,,2,cuneyt_ozdemir,
https://youtu.be/91zRc9U9wG0,Cüneyt Özdemir,,,2,cuneyt_ozdemir,
https://youtu.be/F5vRw2-jjpc,Cüneyt Özdemir,,,2,cuneyt_ozdemir,
https://youtu.be/12Fx-WPDC0U,Cüneyt Özdemir,,,2,cuneyt_ozdemir,
https://youtu.be/ZExssH_5kSQ,Cüneyt Özdemir,,,2,cuneyt_ozdemir,
https://youtu.be/6dTSZu7xT14,Cüneyt Özdemir,,,2,cuneyt_ozdemir,
https://youtu.be/vvta3GalX34,Cüneyt Özdemir,,,2,cuneyt_ozdemir,
https://youtu.be/hmDJXuO8W6U,Cüneyt Özdemir,,,2,cuneyt_ozdemir,
https://youtu.be/EDtoPbEmLyI,Cüneyt Özdemir,,,2,cuneyt_ozdemir,
https://youtu.be/te666fyqA9A,Cüneyt Özdemir,,,2,cuneyt_ozdemir,
https://youtu.be/adQXcZFdfms,Cüneyt Özdemir,,,2,cuneyt_ozdemir,
https://youtu.be/iroSlBIjiJk,Cüneyt Özdemir,,,2,cuneyt_ozdemir,
https://youtu.be/ZFlzSE1j_N8,Cüneyt Özdemir,,,2,cuneyt_ozdemir,
https://youtu.be/d_CeLt_jWvw,Cüneyt Özdemir,,,2,cuneyt_ozdemir,
https://youtu.be/pPB3RrflgQ4,Cüneyt Özdemir,,,2,cuneyt_ozdemir,
https://youtu.be/izzL8nODacs,Cüneyt Özdemir,,,2,cuneyt_ozdemir,
https://youtu.be/_vqrAVUUjnc,Cüneyt Özdemir,,,2,cuneyt_ozdemir,
https://youtu.be/Wna1S3I87JY,Cüneyt Özdemir,,,2,cuneyt_ozdemir,
https://youtu.be/2xlc2UTT3fg,Cüneyt Özdemir,,,2,cuneyt_ozdemir,
https://youtu.be/oS9gnOTagmA,Cüneyt Özdemir,,,2,cuneyt_ozdemir,
https://youtu.be/83w8D4N-eZw,Cüneyt Özdemir,,,2,cuneyt_ozdemir,
https://youtu.be/j0jTFVmD0bw,Cüneyt Özdemir,,,2,cuneyt_ozdemir,
https://youtu.be/hD5GbqO_qyY,Cüneyt Özdemir,,,2,cuneyt_ozdemir,
https://youtu.be/gwrL7AtcrFI,Cüneyt Özdemir,,,2,cuneyt_ozdemir,
https://youtu.be/qGukH3tvpkA,Cüneyt Özdemir,,,2,cuneyt_ozdemir,
https://youtu.be/ETkn1mhxTAM,Cüneyt Özdemir,,,2,cuneyt_ozdemir,
https://youtu.be/VLFL1yxjsYA,Cüneyt Özdemir,,,2,cuneyt_ozdemir,
https://youtu.be/OiQHdaR1Jcs,Cüneyt Özdemir,,,2,cuneyt_ozdemir,
https://youtu.be/1Tz_aHPfuV0,Cüneyt Özdemir,,,2,cuneyt_ozdemir,
https://youtu.be/UzJe6Rb_ZXA,Cüneyt Özdemir,,,2,cuneyt_ozdemir,
https://youtu.be/8hQ_7_dLW8o,Cüneyt Özdemir,,,2,cuneyt_ozdemir,
https://youtu.be/KKEJX3EcJVU,Cüneyt Özdemir,,,2,cuneyt_ozdemir,
https://youtu.be/Fpurm0GGJMc,Cüneyt Özdemir,,,2,cuneyt_ozdemir,
https://youtu.be/2tEBtT0tpEI,Cüneyt Özdemir,,,2,cuneyt_ozdemir,
https://youtu.be/y0h6HtEZc1Q,Cüneyt Özdemir,,,2,cuneyt_ozdemir,
https://youtu.be/U4wosWxPB3M,Cüneyt Özdemir,,,2,cuneyt_ozdemir,
https://youtu.be/MinJH-WWLIQ,Cüneyt Özdemir,,,2,cuneyt_ozdemir,
https://youtu.be/0EyewcZd3fU,Cüneyt Özdemir,,,2,cuneyt_ozdemir,
https://youtu.be/3R6HL3jZIXw,Cüneyt Özdemir,,,2,cuneyt_ozdemir,
https://youtu.be/icGdGlvxmTc,Cüneyt Özdemir,,,2,cuneyt_ozdemir,
https://youtu.be/z1CkJw4TIWQ,Cüneyt Özdemir,,,2,cuneyt_ozdemir,
https://youtu.be/-R5V8lE5fkk,Cüneyt Özdemir,,,2,cuneyt_ozdemir,
https://youtu.be/F_mIC3okPjU,Cüneyt Özdemir,,,2,cuneyt_ozdemir,
https://youtu.be/5_7a_OErYrg,Cüneyt Özdemir,,,2,cuneyt_ozdemir,
https://youtu.be/HKZYpli9rQ8,Cüneyt Özdemir,,,2,cuneyt_ozdemir,
https://youtu.be/p6J1uMnA_zM,Cüneyt Özdemir,,,2,cuneyt_ozdemir,
https://youtu.be/wWcOaunP2Cs,Cüneyt Özdemir,,,2,cuneyt_ozdemir,
https://youtu.be/7GDRwVRXE9Q,Cüneyt Özdemir,,,2,cuneyt_ozdemir,
https://youtu.be/vTGv8qEy-eo,Cüneyt Özdemir,,,2,cuneyt_ozdemir,
https://youtu.be/8NTdbi1QcUY,Cüneyt Özdemir,,,2,cuneyt_ozdemir,
https://youtu.be/UqT1CPxesuo,Cüneyt Özdemir,,,2,cuneyt_ozdemir,
https://youtu.be/PY3w-rCoov4,Cüneyt Özdemir,,,2,cuneyt_ozdemir,
https://youtu.be/IhJF4zos-cs,Cüneyt Özdemir,,,2,cuneyt_ozdemir,
https://youtu.be/85_FdvU_DHQ,Cüneyt Özdemir,,,2,cuneyt_ozdemir,
https://youtu.be/4Ub4r2YfuCk,Cüneyt Özdemir,,,2,cuneyt_ozdemir,
https://youtu.be/zwq7EJdvxZA,Cüneyt Özdemir,,,2,cuneyt_ozdemir,
https://youtu.be/CIh0s8pFYKk,Cüneyt Özdemir,,,2,cuneyt_ozdemir,
https://youtu.be/FXJ5gwB_-q8,Cüneyt Özdemir,,,2,cuneyt_ozdemir,
https://youtu.be/Z5NZJmaqoHk,Cüneyt Özdemir,,,2,cuneyt_ozdemir,
https://youtu.be/oMOD04n5f1A,Cüneyt Özdemir,,,2,cuneyt_ozdemir,
https://youtu.be/FVHYPB0oDFU,Cüneyt Özdemir,,,2,cuneyt_ozdemir,
https://youtu.be/Qq57ermpWzU,Cüneyt Özdemir,,,2,cuneyt_ozdemir,
https://youtu.be/KuHhPs4R7E8,Cüneyt Özdemir,,,2,cuneyt_ozdemir,
https://youtu.be/4nx6jiIWX9s,Cüneyt Özdemir,,,2,cuneyt_ozdemir,
https://youtu.be/39hAmtKXMkE,Cüneyt Özdemir,,,2,cuneyt_ozdemir,
https://youtu.be/edEXRgIssD4,Cüneyt Özdemir,,,2,cuneyt_ozdemir,
https://youtu.be/JD8nZ1IfdbA,Cüneyt Özdemir,,,2,cuneyt_ozdemir,
https://youtu.be/ROqwE6PTFWQ,Cüneyt Özdemir,,,2,cuneyt_ozdemir,
https://youtu.be/fHrrigIKOIU,Cüneyt Özdemir,,,2,cuneyt_ozdemir,
https://youtu.be/E5mK7va5XSU,Cüneyt Özdemir,,,2,cuneyt_ozdemir,
https://youtu.be/EZGmmHySjqw,Cüneyt Özdemir,,,2,cuneyt_ozdemir,
https://youtu.be/HykzZ9gytFE,Cüneyt Özdemir,,,2,cuneyt_ozdemir,
https://youtu.be/Sh4ptIM6f3M,Cüneyt Özdemir,,,2,cuneyt_ozdemir,
https://youtu.be/tVB6CivxiPg,Cüneyt Özdemir,,,2,cuneyt_ozdemir,
https://youtu.be/TiMtU6BwzjI,Cüneyt Özdemir,,,2,cuneyt_ozdemir,
https://youtu.be/DbD7yKlcAZ4,Cüneyt Özdemir,,,2,cuneyt_ozdemir,
https://youtu.be/Pwpci3p6rrY,Cüneyt Özdemir,,,2,cuneyt_ozdemir,
https://youtu.be/9MUX-mlvcEg,Cüneyt Özdemir,,,2,cuneyt_ozdemir,
https://youtu.be/G1_66VYE5qk,Cüneyt Özdemir,,,2,cuneyt_ozdemir,
https://youtu.be/UV-z1BbzklM,Cüneyt Özdemir,,,2,cuneyt_ozdemir,
https://youtu.be/_g1w3M2813A,Cüneyt Özdemir,,,2,cuneyt_ozdemir,
https://youtu.be/2jdYYySqBfI,Cüneyt Özdemir,,,2,cuneyt_ozdemir,
https://youtu.be/yVcqY4ZxRIw,Cüneyt Özdemir,,,2,cuneyt_ozdemir,
https://youtu.be/ehg7u-Jhi40,Cüneyt Özdemir,,,2,cuneyt_ozdemir,
https://youtu.be/zETGgqd4QJM,Cüneyt Özdemir,,,2,cuneyt_ozdemir,
https://youtu.be/-PjtWinbXSs,Cüneyt Özdemir,,,2,cuneyt_ozdemir,
https://youtu.be/wMz-iCpOcUo,Cüneyt Özdemir,,,2,cuneyt_ozdemir,
https://youtu.be/33cRhfKeCr8,Cüneyt Özdemir,,,2,cuneyt_ozdemir,
https://youtu.be/tsjXbGkSSrc,Cüneyt Özdemir,,,2,cuneyt_ozdemir,
https://youtu.be/In34q3BHhr4,Cüneyt Özdemir,,,2,cuneyt_ozdemir,
https://youtu.be/2JmXTmSE1QM,Cüneyt Özdemir,,,2,cuneyt_ozdemir,
https://youtu.be/ri2j6LBm7go,Cüneyt Özdemir,,,2,cuneyt_ozdemir,
https://youtu.be/zHHzk5iJSVc,Cüneyt Özdemir,,,2,cuneyt_ozdemir,
https://youtu.be/qoZkWe5jktc,Cüneyt Özdemir,,,2,cuneyt_ozdemir,
https://youtu.be/_eKAKRcrTsw,Cüneyt Özdemir,,,2,cuneyt_ozdemir,
https://youtu.be/QD9F56zDYw8,Cüneyt Özdemir,,,2,cuneyt_ozdemir,
https://youtu.be/gyc2eUJamfQ,Cüneyt Özdemir,,,2,cuneyt_ozdemir,
https://youtu.be/0lIttfG1hDE,Cüneyt Özdemir,,,2,cuneyt_ozdemir,
https://youtu.be/_HEbOafCF3M,Cüneyt Özdemir,,,2,cuneyt_ozdemir,
https://youtu.be/lJb7isyKLFY,Cüneyt Özdemir,,,2,cuneyt_ozdemir,
https://youtu.be/v4rXOVDly0c,Cüneyt Özdemir,,,2,cuneyt_ozdemir,
https://youtu.be/jYeiqg2JPZI,Cüneyt Özdemir,,,2,cuneyt_ozdemir,
https://youtu.be/h3lmat2Rq6Q,Cüneyt Özdemir,,,2,cuneyt_ozdemir,
https://youtu.be/MMHvR4qaYww,Cüneyt Özdemir,,,2,cuneyt_ozdemir,
https://youtu.be/Jbwrbwg77to,Cüneyt Özdemir,,,2,cuneyt_ozdemir,
https://youtu.be/s2jamPVIVjo,Cüneyt Özdemir,,,2,cuneyt_ozdemir,
https://youtu.be/-9vuvuAPQvg,Cüneyt Özdemir,,,2,cuneyt_ozdemir,
https://youtu.be/RSW7AxpGF7E,Cüneyt Özdemir,,,2,cuneyt_ozdemir,
https://youtu.be/XFtSDnLZT5s,Cüneyt Özdemir,,,2,cuneyt_ozdemir,
https://youtu.be/QOh1DlECO8k,Cüneyt Özdemir,,,2,cuneyt_ozdemir,
https://youtu.be/9UaDI40g6hE,Cüneyt Özdemir,,,2,cuneyt_ozdemir,
https://youtu.be/r7izVRMnvv4,Cüneyt Özdemir,,,2,cuneyt_ozdemir,
https://youtu.be/HP_P3Ao-ZS4,Cüneyt Özdemir,,,2,cuneyt_ozdemir,
https://youtu.be/f4vA0BtnN7E,Cüneyt Özdemir,,,2,cuneyt_ozdemir,
https://youtu.be/lKqlQ5SADig,Cüneyt Özdemir,,,2,cuneyt_ozdemir,
https://youtu.be/AkdCvGpdCVc,Cüneyt Özdemir,,,2,cuneyt_ozdemir,
https://youtu.be/mGPt4FJaw2o,Cüneyt Özdemir,,,2,cuneyt_ozdemir,
https://youtu.be/of9t-8eA1yM,Cüneyt Özdemir,,,2,cuneyt_ozdemir,
https://youtu.be/8kJji_0zBLk,Cüneyt Özdemir,,,2,cuneyt_ozdemir,
https://youtu.be/gg7WO8ZjqdM,Cüneyt Özdemir,,,2,cuneyt_ozdemir,
https://youtu.be/tEB84a5UGvk,Cüneyt Özdemir,,,2,cuneyt_ozdemir,
https://youtu.be/ehEbVxk3AMM,Cüneyt Özdemir,,,2,cuneyt_ozdemir,
https://youtu.be/r-AQiMPNxuo,Cüneyt Özdemir,,,2,cuneyt_ozdemir,
https://youtu.be/JiK0Fz948BE,Cüneyt Özdemir,,,2,cuneyt_ozdemir,
https://youtu.be/xJnwXqt0WgI,Cüneyt Özdemir,,,2,cuneyt_ozdemir,
https://youtu.be/Z7T_DLh8e6g,Cüneyt Özdemir,,,2,cuneyt_ozdemir,
https://youtu.be/axcPLcy1AyI,Cüneyt Özdemir,,,2,cuneyt_ozdemir,
https://youtu.be/c4N3fi6hUrQ,Cüneyt Özdemir,,,2,cuneyt_ozdemir,
https://youtu.be/DKUXD8K9rs8,Cüneyt Özdemir,,,2,cuneyt_ozdemir,
https://youtu.be/-0jEglXM1sc,Cüneyt Özdemir,,,2,cuneyt_ozdemir,
https://youtu.be/ha2pv2zYK50,Cüneyt Özdemir,,,2,cuneyt_ozdemir,
https://youtu.be/2mQ085vtL88,Cüneyt Özdemir,,,2,cuneyt_ozdemir,
https://youtu.be/A15uAOnCSCA,Cüneyt Özdemir,,,2,cuneyt_ozdemir,
https://youtu.be/nrzXmKPS7mU,Cüneyt Özdemir,,,2,cuneyt_ozdemir,
https://youtu.be/q6n8yy1Dvjw,Cüneyt Özdemir,,,2,cuneyt_ozdemir,
https://youtu.be/-SMOFFvCrZM,Cüneyt Özdemir,,,2,cuneyt_ozdemir,
https://youtu.be/TyAfRYplTN4,Cüneyt Özdemir,,,2,cuneyt_ozdemir,
https://youtu.be/FR1r5Dvi9ok,Cüneyt Özdemir,,,2,cuneyt_ozdemir,
https://youtu.be/zwblDHDVJKs,Cüneyt Özdemir,,,2,cuneyt_ozdemir,
https://youtu.be/oxexFUdiPbA,Cüneyt Özdemir,,,2,cuneyt_ozdemir,
https://youtu.be/nNYMx_jhRWM,Cüneyt Özdemir,,,2,cuneyt_ozdemir,
https://youtu.be/IyJzznh4J8A,Cüneyt Özdemir,,,2,cuneyt_ozdemir,
https://youtu.be/luC_mh403hQ,Cüneyt Özdemir,,,2,cuneyt_ozdemir,
https://youtu.be/pqnm1EHhUEQ,Cüneyt Özdemir,,,2,cuneyt_ozdemir,
https://youtu.be/kUnfv3RMKTA,Cüneyt Özdemir,,,2,cuneyt_ozdemir,
https://youtu.be/vTfMlXDlVg0,Cüneyt Özdemir,,,2,cuneyt_ozdemir,
https://youtu.be/1nXjuoSmrIM,Cüneyt Özdemir,,,2,cuneyt_ozdemir,
https://youtu.be/N4_aglv3Pz8,Cüneyt Özdemir,,,2,cuneyt_ozdemir,
https://youtu.be/KkxcPEfYTLE,Cüneyt Özdemir,,,2,cuneyt_ozdemir,
https://youtu.be/-eOVp2OMiSk,Cüneyt Özdemir,,,2,cuneyt_ozdemir,
https://youtu.be/LYCouMStIIo,Cüneyt Özdemir,,,2,cuneyt_ozdemir,
https://youtu.be/cCLXR1RhoXQ,Cüneyt Özdemir,,,2,cuneyt_ozdemir,
https://youtu.be/VGDq35vqui0,Cüneyt Özdemir,,,2,cuneyt_ozdemir,
https://youtu.be/yuUVZG_b0Os,Cüneyt Özdemir,,,2,cuneyt_ozdemir,
https://youtu.be/K5H-OFoDlhw,Cüneyt Özdemir,,,2,cuneyt_ozdemir,
https://youtu.be/KXwFy3K40Z0,Cüneyt Özdemir,,,2,cuneyt_ozdemir,
https://youtu.be/xkxGostAuxE,Cüneyt Özdemir,,,2,cuneyt_ozdemir,
https://youtu.be/gf_V39U0NiA,Cüneyt Özdemir,,,2,cuneyt_ozdemir,
https://youtu.be/TzEFoAlNrFk,Cüneyt Özdemir,,,2,cuneyt_ozdemir,
https://youtu.be/SO7tyK6qiCA,Cüneyt Özdemir,,,2,cuneyt_ozdemir,
https://youtu.be/AsqSMUMU868,Cüneyt Özdemir,,,2,cuneyt_ozdemir,
https://youtu.be/Eo-jsNyiwZk,Cüneyt Özdemir,,,2,cuneyt_ozdemir,
https://youtu.be/yPFnDB7hmRU,Cüneyt Özdemir,,,2,cuneyt_ozdemir,
https://youtu.be/m4B1jITDJbg,Cüneyt Özdemir,,,2,cuneyt_ozdemir,
https://youtu.be/LMUSZiDQkr0,Cüneyt Özdemir,,,2,cuneyt_ozdemir,
https://youtu.be/usBOTXhyDd0,Cüneyt Özdemir,,,2,cuneyt_ozdemir,
https://youtu.be/Sf4tcmUtlLI,Cüneyt Özdemir,,,2,cuneyt_ozdemir,
https://youtu.be/Yq7f98uyuyg,Cüneyt Özdemir,,,2,cuneyt_ozdemir,
https://youtu.be/mO_sNx8gObU,Cüneyt Özdemir,,,2,cuneyt_ozdemir,
https://youtu.be/tkUrBjYFlvk,Cüneyt Özdemir,,,2,cuneyt_ozdemir,
https://youtu.be/yGdoO4j6fHg,Cüneyt Özdemir,,,2,cuneyt_ozdemir,
https://youtu.be/sAki2FdzttQ,Cüneyt Özdemir,,,2,cuneyt_ozdemir,
https://youtu.be/CvqP6DNHwgI,Cüneyt Özdemir,,,2,cuneyt_ozdemir,
https://youtu.be/pgTP5_cBMGw,Cüneyt Özdemir,,,2,cuneyt_ozdemir,
https://youtu.be/RUKt_SKcm58,Cüneyt Özdemir,,,2,cuneyt_ozdemir,
https://youtu.be/emvUVfEDHhg,Cüneyt Özdemir,,,2,cuneyt_ozdemir,
https://youtu.be/s30ch4yiSnM,Cüneyt Özdemir,,,2,cuneyt_ozdemir,
https://youtu.be/HRPvyYpTKEw,Cüneyt Özdemir,,,2,cuneyt_ozdemir,
https://youtu.be/EICUKRsxOqc,Cüneyt Özdemir,,,2,cuneyt_ozdemir,
https://youtu.be/PlK_Mkc_ROo,Cüneyt Özdemir,,,2,cuneyt_ozdemir,
https://youtu.be/ksueMiMD8xc,Cüneyt Özdemir,,,2,cuneyt_ozdemir,
https://youtu.be/gJjNGLUPc5k,Cüneyt Özdemir,,,2,cuneyt_ozdemir,
https://youtu.be/ZcaPeLYkGOA,Cüneyt Özdemir,,,2,cuneyt_ozdemir,
https://youtu.be/br3cIpm8T9E,Cüneyt Özdemir,,,2,cuneyt_ozdemir,
https://youtu.be/Q2eQnzjgV3A,Cüneyt Özdemir,,,2,cuneyt_ozdemir,
https://youtu.be/U38TwxpIN50,Cüneyt Özdemir,,,2,cuneyt_ozdemir,
https://youtu.be/mcuJa5459kg,Cüneyt Özdemir,,,2,cuneyt_ozdemir,
https://youtu.be/Rw_ELgy91Jg,Cüneyt Özdemir,,,2,cuneyt_ozdemir,
https://youtu.be/vb4t_fx_3Pc,Cüneyt Özdemir,,,2,cuneyt_ozdemir,
https://youtu.be/hAho-z0RJog,Cüneyt Özdemir,,,2,cuneyt_ozdemir,
https://youtu.be/XfyAkYL4pUU,Cüneyt Özdemir,,,2,cuneyt_ozdemir,
https://youtu.be/cLJ3oHY33_0,Cüneyt Özdemir,,,2,cuneyt_ozdemir,
https://youtu.be/w15kacSOxZQ,Cüneyt Özdemir,,,2,cuneyt_ozdemir,
https://youtu.be/mP6U7paSq4A,Cüneyt Özdemir,,,2,cuneyt_ozdemir,
https://youtu.be/lXy9s6ofork,Cüneyt Özdemir,,,2,cuneyt_ozdemir,
https://youtu.be/hyBNyRFu4Qw,Cüneyt Özdemir,,,2,cuneyt_ozdemir,
https://youtu.be/NtwspRHi5rM,Cüneyt Özdemir,,,2,cuneyt_ozdemir,
https://youtu.be/3fgiVEiiNV8,Cüneyt Özdemir,,,2,cuneyt_ozdemir,
https://youtu.be/MWDXat5JVYk,Cüneyt Özdemir,,,2,cuneyt_ozdemir,
https://youtu.be/CDevLhVMQ3M,Cüneyt Özdemir,,,2,cuneyt_ozdemir,
https://youtu.be/uRdA5TDqqWI,Cüneyt Özdemir,,,2,cuneyt_ozdemir,
https://youtu.be/KkXN3ArFhVo,Cüneyt Özdemir,,,2,cuneyt_ozdemir,
https://youtu.be/YNLQJ8I48eQ,Cüneyt Özdemir,,,2,cuneyt_ozdemir,
https://youtu.be/krpjtO6DnFQ,Cüneyt Özdemir,,,2,cuneyt_ozdemir,
https://youtu.be/m-hYbTXnuvk,Cüneyt Özdemir,,,2,cuneyt_ozdemir,
https://youtu.be/8f4RMWJc78E,Cüneyt Özdemir,,,2,cuneyt_ozdemir,
https://youtu.be/6PR1evCnBfs,Cüneyt Özdemir,,,2,cuneyt_ozdemir,
https://youtu.be/sYNB2RBVZ0U,Cüneyt Özdemir,,,2,cuneyt_ozdemir,
https://youtu.be/1sw7n0rWKN0,Cüneyt Özdemir,,,2,cuneyt_ozdemir,
https://youtu.be/fWr9h8cO5PI,Cüneyt Özdemir,,,2,cuneyt_ozdemir,
https://youtu.be/UAWxSS6iZT8,Cüneyt Özdemir,,,2,cuneyt_ozdemir,
https://youtu.be/8HyRqt_sUFE,Cüneyt Özdemir,,,2,cuneyt_ozdemir,
https://youtu.be/l6CD-wQrLro,Cüneyt Özdemir,,,2,cuneyt_ozdemir,
https://youtu.be/W55Wrv8Xm20,Cüneyt Özdemir,,,2,cuneyt_ozdemir,
https://youtu.be/mD2_-jy3R1k,Cüneyt Özdemir,,,2,cuneyt_ozdemir,
https://youtu.be/be1p28KETbY,Cüneyt Özdemir,,,2,cuneyt_ozdemir,
https://youtu.be/jpZRNN6HxG8,Cüneyt Özdemir,,,2,cuneyt_ozdemir,
https://youtu.be/WFLfJ3NLGw8,Cüneyt Özdemir,,,2,cuneyt_ozdemir,
https://youtu.be/40OsuLlRtsc,Cüneyt Özdemir,,,2,cuneyt_ozdemir,
https://youtu.be/CFy_3vbwqKY,Cüneyt Özdemir,,,2,cuneyt_ozdemir,
https://youtu.be/3_COGWvARy0,Cüneyt Özdemir,,,2,cuneyt_ozdemir,
https://youtu.be/hlGPIuWyzx4,Cüneyt Özdemir,,,2,cuneyt_ozdemir,
https://youtu.be/6Qu07eMqy0g,Cüneyt Özdemir,,,2,cuneyt_ozdemir,
https://youtu.be/UUZQm0AvRuA,Cüneyt Özdemir,,,2,cuneyt_ozdemir,
https://youtu.be/BRuAGnSizlY,Cüneyt Özdemir,,,2,cuneyt_ozdemir,
https://youtu.be/VHpmWibLreQ,Cüneyt Özdemir,,,2,cuneyt_ozdemir,
https://youtu.be/p2J7AWefrhQ,Cüneyt Özdemir,,,2,cuneyt_ozdemir,
https://youtu.be/96KsfLtfeuI,Cüneyt Özdemir,,,2,cuneyt_ozdemir,
https://youtu.be/zUIGs7cr4_A,Cüneyt Özdemir,,,2,cuneyt_ozdemir,
https://youtu.be/pXsOHSjOpRk,Cüneyt Özdemir,,,2,cuneyt_ozdemir,
https://youtu.be/FFhjSlmJU90,Cüneyt Özdemir,,,2,cuneyt_ozdemir,
https://youtu.be/T-t6Jsc-Qyw,Cüneyt Özdemir,,,2,cuneyt_ozdemir,
https://youtu.be/GNomFqB4STY,Cüneyt Özdemir,,,2,cuneyt_ozdemir,
https://youtu.be/3jJVy_bzILY,Cüneyt Özdemir,,,2,cuneyt_ozdemir,
https://youtu.be/MyHx-Oj1acY,Cüneyt Özdemir,,,2,cuneyt_ozdemir,
https://youtu.be/gaLlwRTHigA,Cüneyt Özdemir,,,2,cuneyt_ozdemir,
https://youtu.be/RpIMWWXKteg,Cüneyt Özdemir,,,2,cuneyt_ozdemir,
https://youtu.be/LwU-a_gm7Nc,Cüneyt Özdemir,,,2,cuneyt_ozdemir,
https://youtu.be/M_tr4qm-nQU,Cüneyt Özdemir,,,2,cuneyt_ozdemir,
https://youtu.be/XBiuYzjDKG4,Cüneyt Özdemir,,,2,cuneyt_ozdemir,
https://youtu.be/Jt4q9jUTeRE,Cüneyt Özdemir,,,2,cuneyt_ozdemir,
https://youtu.be/YCuKSQPE438,Cüneyt Özdemir,,,2,cuneyt_ozdemir,
https://youtu.be/0yFk4sJA8wI,Cüneyt Özdemir,,,2,cuneyt_ozdemir,
https://youtu.be/VRnDhfJl48U,Cüneyt Özdemir,,,2,cuneyt_ozdemir,
https://youtu.be/FqMckmjHJI8,Cüneyt Özdemir,,,2,cuneyt_ozdemir,
https://youtu.be/WOSMCQ5nwWU,Cüneyt Özdemir,,,2,cuneyt_ozdemir,
https://youtu.be/HwRgkaULQWc,Cüneyt Özdemir,,,2,cuneyt_ozdemir,
https://youtu.be/f3nCrcvn0hU,Cüneyt Özdemir,,,2,cuneyt_ozdemir,
https://youtu.be/0b9gPab7P-E,Cüneyt Özdemir,,,2,cuneyt_ozdemir,
https://youtu.be/gMrmeKNtg3g,Cüneyt Özdemir,,,2,cuneyt_ozdemir,
https://youtu.be/2Tz0kiDJvLA,Cüneyt Özdemir,,,2,cuneyt_ozdemir,
https://youtu.be/6a16R0hrGUY,Cüneyt Özdemir,,,2,cuneyt_ozdemir,
https://youtu.be/gwYpghlKWco,Cüneyt Özdemir,,,2,cuneyt_ozdemir,
https://youtu.be/zV64IXk3I2I,Cüneyt Özdemir,,,2,cuneyt_ozdemir,
https://youtu.be/mUwlTkuIt3U,Cüneyt Özdemir,,,2,cuneyt_ozdemir,
https://youtu.be/AxKhtFkFcxk,Cüneyt Özdemir,,,2,cuneyt_ozdemir,
https://youtu.be/kGgGkr9-kr8,Cüneyt Özdemir,,,2,cuneyt_ozdemir,
https://youtu.be/quFkXj72qjY,Cüneyt Özdemir,,,2,cuneyt_ozdemir,
https://youtu.be/vtDWvbn7RTU,Cüneyt Özdemir,,,2,cuneyt_ozdemir,
https://youtu.be/FoKVjcnrImE,Cüneyt Özdemir,,,2,cuneyt_ozdemir,
https://youtu.be/-JuOu5YTYFs,Cüneyt Özdemir,,,2,cuneyt_ozdemir,
https://youtu.be/yurmWYuCHK8,Cüneyt Özdemir,,,2,cuneyt_ozdemir,
https://youtu.be/Bss7j2K9RDI,Cüneyt Özdemir,,,2,cuneyt_ozdemir,
https://youtu.be/60lo3cYHnVs,Cüneyt Özdemir,,,2,cuneyt_ozdemir,
https://youtu.be/eJ7SMAw2Ny0,Cüneyt Özdemir,,,2,cuneyt_ozdemir,
https://youtu.be/4r4Azh3FNmQ,Cüneyt Özdemir,,,2,cuneyt_ozdemir,
https://youtu.be/moFQL04f_oQ,Cüneyt Özdemir,,,2,cuneyt_ozdemir,
https://youtu.be/mYA6abgSxAA,Cüneyt Özdemir,,,2,cuneyt_ozdemir,
https://youtu.be/yCXRMrWbPXc,Cüneyt Özdemir,,,2,cuneyt_ozdemir,
https://youtu.be/Mi-ibI4X1go,Cüneyt Özdemir,,,2,cuneyt_ozdemir,
https://youtu.be/lrTxaITVldo,Cüneyt Özdemir,,,2,cuneyt_ozdemir,
https://youtu.be/bSdWMGOzcDI,Cüneyt Özdemir,,,2,cuneyt_ozdemir,
https://youtu.be/52occzMfVgM,Cüneyt Özdemir,,,2,cuneyt_ozdemir,
https://youtu.be/e7wPdBG0Uoo,Cüneyt Özdemir,,,2,cuneyt_ozdemir,
https://youtu.be/p8k_gxGjhE8,Cüneyt Özdemir,,,2,cuneyt_ozdemir,
https://youtu.be/8nEFOZwMdAc,Cüneyt Özdemir,,,2,cuneyt_ozdemir,
https://youtu.be/zyY2DghhmvY,Cüneyt Özdemir,,,2,cuneyt_ozdemir,
https://youtu.be/SZFaE1uOhOM,Cüneyt Özdemir,,,2,cuneyt_ozdemir,
https://youtu.be/9m-TUGMwK_8,Cüneyt Özdemir,,,2,cuneyt_ozdemir,
https://youtu.be/Yj7KmUqpKGc,Cüneyt Özdemir,,,2,cuneyt_ozdemir,
https://youtu.be/kJomGsb7Uxg,Cüneyt Özdemir,,,2,cuneyt_ozdemir,
https://youtu.be/cJ4Tolu4wbs,Cüneyt Özdemir,,,2,cuneyt_ozdemir,
https://youtu.be/wArSfW7H56k,Cüneyt Özdemir,,,2,cuneyt_ozdemir,
https://youtu.be/uRwIhMj_iiI,Cüneyt Özdemir,,,2,cuneyt_ozdemir,
https://youtu.be/osCwWD5Uf0s,Cüneyt Özdemir,,,2,cuneyt_ozdemir,
https://youtu.be/YbtJz_OOCLY,Cüneyt Özdemir,,,2,cuneyt_ozdemir,
https://youtu.be/4-zHjva1qAc,Cüneyt Özdemir,,,2,cuneyt_ozdemir,
https://youtu.be/qqNOhf-ezNA,Cüneyt Özdemir,,,2,cuneyt_ozdemir,
https://youtu.be/iom8eazzPlw,Cüneyt Özdemir,,,2,cuneyt_ozdemir,
https://youtu.be/Y2LId-DabAo,Cüneyt Özdemir,,,2,cuneyt_ozdemir,
https://youtu.be/uCAlEPScjLY,Cüneyt Özdemir,,,2,cuneyt_ozdemir,
https://youtu.be/FwF2F0vQs6w,Cüneyt Özdemir,,,2,cuneyt_ozdemir,
https://youtu.be/kzL7AUas7Gk,Cüneyt Özdemir,,,2,cuneyt_ozdemir,
https://youtu.be/f2qLPA5Tp8s,Cüneyt Özdemir,,,2,cuneyt_ozdemir,
https://youtu.be/eWAQERNdxTY,Cüneyt Özdemir,,,2,cuneyt_ozdemir,
https://youtu.be/5KwfVOOnCZQ,Cüneyt Özdemir,,,2,cuneyt_ozdemir,
https://youtu.be/kM3nQpaKBTY,Cüneyt Özdemir,,,2,cuneyt_ozdemir,
https://youtu.be/XCrFWf9Xj1g,Cüneyt Özdemir,,,2,cuneyt_ozdemir,
https://youtu.be/aRAzt44SR0c,Cüneyt Özdemir,,,2,cuneyt_ozdemir,
https://youtu.be/sVKeAMMoFL8,Cüneyt Özdemir,,,2,cuneyt_ozdemir,
https://youtu.be/TTwvUR6isOM,Cüneyt Özdemir,,,2,cuneyt_ozdemir,
https://youtu.be/3HJ65mtcpaY,Cüneyt Özdemir,,,2,cuneyt_ozdemir,
https://youtu.be/a5LFBhvrvgE,Cüneyt Özdemir,,,2,cuneyt_ozdemir,
https://youtu.be/OnGemiv4T7c,Cüneyt Özdemir,,,2,cuneyt_ozdemir,
https://youtu.be/pHbVs5wZQPI,Cüneyt Özdemir,,,2,cuneyt_ozdemir,
https://youtu.be/qPSXAjiITUw,Cüneyt Özdemir,,,2,cuneyt_ozdemir,
https://youtu.be/fYQkQxC3UX0,Cüneyt Özdemir,,,2,cuneyt_ozdemir,
https://youtu.be/j31ToPsYQKE,Cüneyt Özdemir,,,2,cuneyt_ozdemir,
https://youtu.be/YRieIT5gUrE,Cüneyt Özdemir,,,2,cuneyt_ozdemir,
https://youtu.be/n5FtAs61ZU8,Cüneyt Özdemir,,,2,cuneyt_ozdemir,
https://youtu.be/47n0QyGyUjI,Cüneyt Özdemir,,,2,cuneyt_ozdemir,
https://youtu.be/E70YDwhHvas,Cüneyt Özdemir,,,2,cuneyt_ozdemir,
https://youtu.be/eCT9DG-cLWo,Cüneyt Özdemir,,,2,cuneyt_ozdemir,
https://youtu.be/li1ZY3Lqihk,Cüneyt Özdemir,,,2,cuneyt_ozdemir,
https://youtu.be/lth9Zhj99jQ,Cüneyt Özdemir,,,2,cuneyt_ozdemir,
https://youtu.be/AN8xmirPLVs,Cüneyt Özdemir,,,2,cuneyt_ozdemir,
https://youtu.be/irKn89eYCNI,Cüneyt Özdemir,,,2,cuneyt_ozdemir,
https://youtu.be/TbUpN9eCGOA,Cüneyt Özdemir,,,2,cuneyt_ozdemir,
https://youtu.be/9h9shMQ023o,Cüneyt Özdemir,,,2,cuneyt_ozdemir,
https://youtu.be/JTgGtNspCMw,Cüneyt Özdemir,,,2,cuneyt_ozdemir,
https://youtu.be/BTH-pJ_4IsE,Cüneyt Özdemir,,,2,cuneyt_ozdemir,
https://youtu.be/iKP1JjqtiOM,Cüneyt Özdemir,,,2,cuneyt_ozdemir,
https://youtu.be/S0JXT-F2Qhk,Cüneyt Özdemir,,,2,cuneyt_ozdemir,
https://youtu.be/OKDLx9V1QW0,Cüneyt Özdemir,,,2,cuneyt_ozdemir,
https://youtu.be/ujxhBkD-R_U,Cüneyt Özdemir,,,2,cuneyt_ozdemir,
https://youtu.be/7fK4pk8NMHY,Cüneyt Özdemir,,,2,cuneyt_ozdemir,
https://youtu.be/lvsUelZtdXk,Cüneyt Özdemir,,,2,cuneyt_ozdemir,
https://youtu.be/a6DXFKhCqEY,Cüneyt Özdemir,,,2,cuneyt_ozdemir,
https://youtu.be/1NoOh0ogKrc,Cüneyt Özdemir,,,2,cuneyt_ozdemir,
https://youtu.be/lWHZYasVqw0,Cüneyt Özdemir,,,2,cuneyt_ozdemir,
https://youtu.be/ZnEm6wvGrnY,Cüneyt Özdemir,,,2,cuneyt_ozdemir,
https://youtu.be/JR8fLSKLvh4,Cüneyt Özdemir,,,2,cuneyt_ozdemir,
https://youtu.be/z5CQ-hk-5HI,Cüneyt Özdemir,,,2,cuneyt_ozdemir,
https://youtu.be/j9iTafig4Qs,Cüneyt Özdemir,,,2,cuneyt_ozdemir,
https://youtu.be/KJMzx09hMxQ,Cüneyt Özdemir,,,2,cuneyt_ozdemir,
https://youtu.be/Dk7AGF_qiII,Cüneyt Özdemir,,,2,cuneyt_ozdemir,
https://youtu.be/F_iKKjY-lwQ,Cüneyt Özdemir,,,2,cuneyt_ozdemir,
https://youtu.be/_wmh3-uPGpw,Cüneyt Özdemir,,,2,cuneyt_ozdemir,
https://youtu.be/MsAJDj8xA9A,Cüneyt Özdemir,,,2,cuneyt_ozdemir,
https://youtu.be/WVqy2NUvScc,Cüneyt Özdemir,,,2,cuneyt_ozdemir,
https://youtu.be/Yu4ItzB2kZ4,Cüneyt Özdemir,,,2,cuneyt_ozdemir,
https://youtu.be/3gbviEhx1Zo,Cüneyt Özdemir,,,2,cuneyt_ozdemir,
https://youtu.be/g1qyqQ3T0XM,Cüneyt Özdemir,,,2,cuneyt_ozdemir,
https://youtu.be/H6UFKtX24NY,Cüneyt Özdemir,,,2,cuneyt_ozdemir,
https://youtu.be/EKFJca3KII8,Cüneyt Özdemir,,,2,cuneyt_ozdemir,
https://youtu.be/C5MW9ak1AGU,Cüneyt Özdemir,,,2,cuneyt_ozdemir,
https://youtu.be/eyxUlTUk44Q,Cüneyt Özdemir,,,2,cuneyt_ozdemir,
https://youtu.be/WBjMd6u3rqQ,Cüneyt Özdemir,,,2,cuneyt_ozdemir,
https://youtu.be/W19yG_PWaQ0,Cüneyt Özdemir,,,2,cuneyt_ozdemir,
https://youtu.be/NEdrBryGb0c,Cüneyt Özdemir,,,2,cuneyt_ozdemir,
https://youtu.be/Xm6ffOYBSDU,Cüneyt Özdemir,,,2,cuneyt_ozdemir,
https://youtu.be/0WHdmeHRSIs,Cüneyt Özdemir,,,2,cuneyt_ozdemir,
https://youtu.be/1wL8dI7aRIE,Cüneyt Özdemir,,,2,cuneyt_ozdemir,
https://youtu.be/tZAr5Qfkepo,Cüneyt Özdemir,,,2,cuneyt_ozdemir,
https://youtu.be/msx_gjW2OLA,Cüneyt Özdemir,,,2,cuneyt_ozdemir,
https://youtu.be/CfrUkJcXnW0,Cüneyt Özdemir,,,2,cuneyt_ozdemir,
https://youtu.be/WH4BQOI7_7U,Cüneyt Özdemir,,,2,cuneyt_ozdemir,
https://youtu.be/U945FCTlbt4,Cüneyt Özdemir,,,2,cuneyt_ozdemir,
https://youtu.be/RwHYUiGW_ZI,Cüneyt Özdemir,,,2,cuneyt_ozdemir,
https://youtu.be/0uE4XqgEzDk,Cüneyt Özdemir,,,2,cuneyt_ozdemir,
https://youtu.be/1lZ3kERby5E,Cüneyt Özdemir,,,2,cuneyt_ozdemir,
https://youtu.be/miqhTcGSei8,Cüneyt Özdemir,,,2,cuneyt_ozdemir,
https://youtu.be/C4jvIqBbbUk,Cüneyt Özdemir,,,2,cuneyt_ozdemir,
https://youtu.be/80IrqqC3NSU,Cüneyt Özdemir,,,2,cuneyt_ozdemir,
https://youtu.be/dq_9wECUKGw,Cüneyt Özdemir,,,2,cuneyt_ozdemir,
https://youtu.be/CPNaID-2UNY,Fatih Portakal TV,,,2,fatih_portakal,
https://youtu.be/2J6EEWo8WtA,TV100,,,2,kubra_par,
https://www.youtube.com/watch?v=QaNs0yK-mqc,Enver Aysever,,,2,enver_aysever,
https://www.youtube.com/watch?v=F8982zDOeHM,Sinan Burhan,,,2,sinan_burhan,
https://www.youtube.com/watch?v=OZsxeV7l1o0,Enver Aysever,,,2,enver_aysever,
https://www.youtube.com/watch?v=AdfKgEaiPyw,Enver Aysever,,,2,enver_aysever,
https://www.youtube.com/watch?v=o6CuM5p8S_8,Enver Aysever,,,2,enver_aysever,
https://www.youtube.com/watch?v=txbNLIZEj_M,Enver Aysever,,,2,enver_aysever,
https://www.youtube.com/watch?v=g9W7t5CXbH4,Enver Aysever,,,2,enver_aysever,
https://www.youtube.com/watch?v=QHi-SOMfnzk,Enver Aysever,,,2,enver_aysever,
https://www.youtube.com/watch?v=RYpTK90cqv8,Enver Aysever,,,2,enver_aysever,
https://www.youtube.com/watch?v=0pnnByB_OGI,Enver Aysever,,,2,enver_aysever,
https://www.youtube.com/watch?v=nugpnPs8pIQ,Enver Aysever,,,2,enver_aysever,
https://www.youtube.com/watch?v=SkN4IXfzBLM,Sinan Burhan,,,2,sinan_burhan,
https://www.youtube.com/watch?v=_UFsQe47K1M,Enver Aysever,,,2,enver_aysever,
https://www.youtube.com/watch?v=Pw079R0SIPw,Enver Aysever,,,2,enver_aysever,
https://www.youtube.com/watch?v=lM88Uh4wgEY,Enver Aysever,,,2,enver_aysever,
https://www.youtube.com/watch?v=2cLSQVxsX5U,Enver Aysever,,,2,enver_aysever,
https://www.youtube.com/watch?v=KFn7ACLC1NE,Enver Aysever,,,2,enver_aysever,
https://www.youtube.com/watch?v=K2KVT-sTxb4,Enver Aysever,,,2,enver_aysever,
https://www.youtube.com/watch?v=scZS1a00PEA,Enver Aysever,,,2,enver_aysever,
https://www.youtube.com/watch?v=91zIxNCBrlo,Enver Aysever,,,2,enver_aysever,
https://www.youtube.com/watch?v=3W6ZdTcRiY0,Enver Aysever,,,2,enver_aysever,
https://www.youtube.com/watch?v=N6M3EbHA6oQ,Enver Aysever,,,2,enver_aysever,
https://www.youtube.com/watch?v=gUAoUEqa0wQ,Enver Aysever,,,2,enver_aysever,
https://www.youtube.com/watch?v=dbhwaQYhCzQ,Turgay Güler,,,2,turgay_guler,
https://www.youtube.com/watch?v=31Q3eM3Z6eU,Enver Aysever,,,2,enver_aysever,
https://www.youtube.com/watch?v=pKaeQaJeUg8,Enver Aysever,,,2,enver_aysever,
https://www.youtube.com/watch?v=JeW0kSWLUFM,Enver Aysever,,,2,enver_aysever,
https://www.youtube.com/watch?v=LmY0LhgS8ww,Enver Aysever,,,2,enver_aysever,
https://www.youtube.com/watch?v=wTHZXMHzyg0,Enver Aysever,,,2,enver_aysever,
https://www.youtube.com/watch?v=ZGZv7M9pLgk,Enver Aysever,,,2,enver_aysever,
https://www.youtube.com/watch?v=nneR3bU9FyY,Enver Aysever,,,2,enver_aysever,
https://www.youtube.com/watch?v=66cU0cXEBbU,Enver Aysever,,,2,enver_aysever,
https://www.youtube.com/watch?v=je-lZ2V3Ozw,Enver Aysever,,,2,enver_aysever,
https://www.youtube.com/watch?v=lNB_OKb9E5g,Enver Aysever,,,2,enver_aysever,
https://www.youtube.com/watch?v=-amS0-kumYk,Enver Aysever,,,2,enver_aysever,
https://www.youtube.com/watch?v=_uwPufDHIeA,Enver Aysever,,,2,enver_aysever,
https://www.youtube.com/watch?v=10xJBatsfVI,Enver Aysever,,,2,enver_aysever,
https://www.youtube.com/watch?v=L793IaI8CXE,Enver Aysever,,,2,enver_aysever,
https://www.youtube.com/watch?v=qKfFc5wzC1M,Enver Aysever,,,2,enver_aysever,
https://www.youtube.com/watch?v=FT9LpmEANwY,Enver Aysever,,,2,enver_aysever,
https://www.youtube.com/watch?v=VrjO2EL7HpE,Enver Aysever,,,2,enver_aysever,
https://www.youtube.com/watch?v=ilDS5D1F8zs,Enver Aysever,,,2,enver_aysever,
https://www.youtube.com/watch?v=DVFshkUt4tg,Enver Aysever,,,2,enver_aysever,
https://www.youtube.com/watch?v=fkyXIkltm4M,Enver Aysever,,,2,enver_aysever,
https://www.youtube.com/watch?v=8ty8pbB4SKI,Enver Aysever,,,2,enver_aysever,
https://www.youtube.com/watch?v=j7cPsKKaar0,Enver Aysever,,,2,enver_aysever,
https://www.youtube.com/watch?v=e0fmNqJpto0,Enver Aysever,,,2,enver_aysever,
https://www.youtube.com/watch?v=Fq_0r1dNThs,Enver Aysever,,,2,enver_aysever,
https://www.youtube.com/watch?v=eWcmq6q3AsQ,Enver Aysever,,,2,enver_aysever,
https://www.youtube.com/watch?v=cwzSbzUsjTU,Enver Aysever,,,2,enver_aysever,
https://www.youtube.com/watch?v=-TJSDiwNPTM,Enver Aysever,,,2,enver_aysever,
https://www.youtube.com/watch?v=coEUQgjVLRk,Enver Aysever,,,2,enver_aysever,
https://www.youtube.com/watch?v=Hz5jC3_3PFk,Enver Aysever,,,2,enver_aysever,
https://www.youtube.com/watch?v=jDFHz2dPpdI,Turgay Güler,,,2,turgay_guler,
https://www.youtube.com/watch?v=DYFxBtXXQZA,Enver Aysever,,,2,enver_aysever,
https://www.youtube.com/watch?v=8Ee1UfIWW2A,Enver Aysever,,,2,enver_aysever,
https://www.youtube.com/watch?v=WYQMvNo3Sbo,Enver Aysever,,,2,enver_aysever,
https://www.youtube.com/watch?v=Tkxjrb_NwhQ,Enver Aysever,,,2,enver_aysever,
https://www.youtube.com/watch?v=VyTTeMbz3Mw,Enver Aysever,,,2,enver_aysever,
https://www.youtube.com/watch?v=ScgdkhRIcIQ,Enver Aysever,,,2,enver_aysever,
https://www.youtube.com/watch?v=_QtA1W1vxjM,Enver Aysever,,,2,enver_aysever,
https://www.youtube.com/watch?v=XgOOhaw1jH0,Enver Aysever,,,2,enver_aysever,
https://www.youtube.com/watch?v=uzBFNjeFUZc,Enver Aysever,,,2,enver_aysever,
https://www.youtube.com/watch?v=dSqeY5FmvvA,Enver Aysever,,,2,enver_aysever,
https://www.youtube.com/watch?v=t49LEoi-37A,Enver Aysever,,,2,enver_aysever,
https://www.youtube.com/watch?v=SCvsgMR6sxA,Enver Aysever,,,2,enver_aysever,
https://www.youtube.com/watch?v=T-jcpTBmkyk,Enver Aysever,,,2,enver_aysever,
https://www.youtube.com/watch?v=-hnZoJICwaY,Enver Aysever,,,2,enver_aysever,
https://www.youtube.com/watch?v=qBRqTHcApdc,Enver Aysever,,,2,enver_aysever,
https://www.youtube.com/watch?v=i_69tHhtAiI,Enver Aysever,,,2,enver_aysever,
https://www.youtube.com/watch?v=xFirPN7WTb4,Enver Aysever,,,2,enver_aysever,
https://www.youtube.com/watch?v=mLSXb-iWHy8,Turgay Güler,,,2,turgay_guler,
https://youtu.be/f6Q42KjoZbw,atv Haber,,,2,cem_ogretir,
https://youtu.be/87DM9tP2FM4,atv Haber,,,2,cem_ogretir,
https://youtu.be/y3edIirMJ7A,atv Haber,,,2,cem_ogretir,
https://youtu.be/kVd_6Tmylvk,atv Haber,,,2,cem_ogretir,
https://www.youtube.com/watch?v=R38q7Iky_4k,A Haber,,,2,can_okanar,
https://www.youtube.com/watch?v=P5WeuW4OW-s,A Haber,,,2,can_okanar,
https://www.youtube.com/watch?v=_uhPU0anPrk,Osman Gökçek,,,2,osman_gokcek,
https://youtu.be/QrThlYwOTVM,Cüneyt Özdemir,,,2,cuneyt_ozdemir,
https://youtu.be/FpYCbVuU0uc,Cüneyt Özdemir,,,2,cuneyt_ozdemir,
https://youtu.be/AP9t8Te15mA,Cüneyt Özdemir,,,2,cuneyt_ozdemir,
https://youtu.be/asjjGcujmgM,Cüneyt Özdemir,,,2,cuneyt_ozdemir,
https://youtu.be/UWBdzHoAoz0,Cüneyt Özdemir,,,2,cuneyt_ozdemir,
https://youtu.be/VB91ELWz3ww,Cüneyt Özdemir,,,2,cuneyt_ozdemir,
https://youtu.be/m8X40h1MGPc,Cüneyt Özdemir,,,2,cuneyt_ozdemir,
https://youtu.be/MaFPNkq9K1U,Cüneyt Özdemir,,,2,cuneyt_ozdemir,
https://youtu.be/02Kj1iV-F1o,Cüneyt Özdemir,,,2,cuneyt_ozdemir,
https://youtu.be/4fCoT0Bx_7U,Cüneyt Özdemir,,,2,cuneyt_ozdemir,
https://youtu.be/gLgZjmoSbNA,Cüneyt Özdemir,,,2,cuneyt_ozdemir,
https://youtu.be/GK0i909mIlg,Cüneyt Özdemir,,,2,cuneyt_ozdemir,
https://youtu.be/YeF6IUgEM6U,Cüneyt Özdemir,,,2,cuneyt_ozdemir,
https://youtu.be/WGbc6QVgA3Q,Cüneyt Özdemir,,,2,cuneyt_ozdemir,
https://youtu.be/H09r7pgW9bQ,Cüneyt Özdemir,,,2,cuneyt_ozdemir,
https://youtu.be/yPWnhzQ3qF8,Cüneyt Özdemir,,,2,cuneyt_ozdemir,
https://youtu.be/RAf2L_TuJWE,Cüneyt Özdemir,,,2,cuneyt_ozdemir,
https://youtu.be/M2ri6dJJHWM,Cüneyt Özdemir,,,2,cuneyt_ozdemir,
https://youtu.be/wD1UMjgR8C0,Cüneyt Özdemir,,,2,cuneyt_ozdemir,
https://youtu.be/mtIy7wbvlxw,Cüneyt Özdemir,,,2,cuneyt_ozdemir,
https://youtu.be/-1Z1OBf9X6I,Cüneyt Özdemir,,,2,cuneyt_ozdemir,
https://youtu.be/36gG5y7gn4c,Cüneyt Özdemir,,,2,cuneyt_ozdemir,
https://youtu.be/fN6OyFHgxrQ,Cüneyt Özdemir,,,2,cuneyt_ozdemir,
https://youtu.be/QL0ed-myTmc,Cüneyt Özdemir,,,2,cuneyt_ozdemir,
https://youtu.be/g7SMphGWf18,Cüneyt Özdemir,,,2,cuneyt_ozdemir,
https://youtu.be/J_G7UpKGzuE,Cüneyt Özdemir,,,2,cuneyt_ozdemir,
https://youtu.be/9ozcH1srx8k,Cüneyt Özdemir,,,2,cuneyt_ozdemir,
https://youtu.be/_VQ6r8NtuUI,Cüneyt Özdemir,,,2,cuneyt_ozdemir,
https://youtu.be/1pde_KnKFAI,Cüneyt Özdemir,,,2,cuneyt_ozdemir,
https://youtu.be/1GDnBtEug1E,Cüneyt Özdemir,,,2,cuneyt_ozdemir,
https://youtu.be/69xumT76KAc,Cüneyt Özdemir,,,2,cuneyt_ozdemir,
https://youtu.be/N6BPlDit5Cs,Cüneyt Özdemir,,,2,cuneyt_ozdemir,
https://youtu.be/ZnHq1T40Gmw,Cüneyt Özdemir,,,2,cuneyt_ozdemir,
https://youtu.be/Ac9TsBfxHBo,Cüneyt Özdemir,,,2,cuneyt_ozdemir,
https://youtu.be/KpU1hxkahOY,Cüneyt Özdemir,,,2,cuneyt_ozdemir,
https://youtu.be/aKNQ-R-3Tgk,Cüneyt Özdemir,,,2,cuneyt_ozdemir,
https://youtu.be/VUh2zvkFr3A,Cüneyt Özdemir,,,2,cuneyt_ozdemir,
https://youtu.be/1SUyL5MRJGI,Cüneyt Özdemir,,,2,cuneyt_ozdemir,
https://youtu.be/yUYiq0OMgFY,Cüneyt Özdemir,,,2,cuneyt_ozdemir,
https://youtu.be/AQAoWyehEEM,Cüneyt Özdemir,,,2,cuneyt_ozdemir,
https://youtu.be/Pzp0onW8rBw,Cüneyt Özdemir,,,2,cuneyt_ozdemir,
https://youtu.be/_7AYr9mPvTY,Cüneyt Özdemir,,,2,cuneyt_ozdemir,
https://youtu.be/-z9Lto-Pej0,Cüneyt Özdemir,,,2,cuneyt_ozdemir,
https://youtu.be/HQ5V84bdawg,Cüneyt Özdemir,,,2,cuneyt_ozdemir,
https://youtu.be/VexVnBP4d0c,Cüneyt Özdemir,,,2,cuneyt_ozdemir,
https://youtu.be/JN-plmM-r_I,Cüneyt Özdemir,,,2,cuneyt_ozdemir,
https://youtu.be/HEXCDsq7n7w,Cüneyt Özdemir,,,2,cuneyt_ozdemir,
https://youtu.be/HULAtI8eWm0,Cüneyt Özdemir,,,2,cuneyt_ozdemir,
https://youtu.be/e1Oj41gf8ug,Cüneyt Özdemir,,,2,cuneyt_ozdemir,
https://youtu.be/6d3rMm1PYEs,Cüneyt Özdemir,,,2,cuneyt_ozdemir,
https://youtu.be/tn7xqJqDS1I,Cüneyt Özdemir,,,2,cuneyt_ozdemir,
https://youtu.be/pZXVpqd3OFI,Cüneyt Özdemir,,,2,cuneyt_ozdemir,
https://youtu.be/c-9PN-QZ_TI,Cüneyt Özdemir,,,2,cuneyt_ozdemir,
https://youtu.be/tO1C8fWP3Go,Cüneyt Özdemir,,,2,cuneyt_ozdemir,
https://youtu.be/ofo-_7uimYA,Cüneyt Özdemir,,,2,cuneyt_ozdemir,
https://youtu.be/ZKxLzZ6lug8,Cüneyt Özdemir,,,2,cuneyt_ozdemir,
https://youtu.be/qbZEmOS8Ubk,Cüneyt Özdemir,,,2,cuneyt_ozdemir,
https://youtu.be/cq3FQZAdRUQ,Cüneyt Özdemir,,,2,cuneyt_ozdemir,
https://youtu.be/5TQbTY84l5M,Cüneyt Özdemir,,,2,cuneyt_ozdemir,
https://youtu.be/TbX6r3hfWmg,Cüneyt Özdemir,,,2,cuneyt_ozdemir,
https://youtu.be/zeVjYN3KsPE,Cüneyt Özdemir,,,2,cuneyt_ozdemir,
https://youtu.be/p9RF-YI2XBs,Cüneyt Özdemir,,,2,cuneyt_ozdemir,
https://youtu.be/u5EHt5FGL3A,Cüneyt Özdemir,,,2,cuneyt_ozdemir,
https://youtu.be/2TczQr1hcHc,Cüneyt Özdemir,,,2,cuneyt_ozdemir,
https://youtu.be/Mfc-npmcQyQ,Cüneyt Özdemir,,,2,cuneyt_ozdemir,
https://youtu.be/MspiVLVU5gI,Cüneyt Özdemir,,,2,cuneyt_ozdemir,
https://youtu.be/rjTtwkLlDew,Cüneyt Özdemir,,,2,cuneyt_ozdemir,
https://youtu.be/w0uDTG0qHR4,Cüneyt Özdemir,,,2,cuneyt_ozdemir,
https://youtu.be/ALqttPT28V0,Cüneyt Özdemir,,,2,cuneyt_ozdemir,
https://youtu.be/hMSX2TIkGFg,Cüneyt Özdemir,,,2,cuneyt_ozdemir,
https://youtu.be/edi5Vf-EUS0,Cüneyt Özdemir,,,2,cuneyt_ozdemir,
https://youtu.be/HKjrgA61AOc,Cüneyt Özdemir,,,2,cuneyt_ozdemir,
https://youtu.be/9cxwnCM4zfM,Cüneyt Özdemir,,,2,cuneyt_ozdemir,
https://youtu.be/4So7chjqoAc,Cüneyt Özdemir,,,2,cuneyt_ozdemir,
https://youtu.be/W0mCQLd98AU,Cüneyt Özdemir,,,2,cuneyt_ozdemir,
https://youtu.be/5VK9JqsSTJA,Cüneyt Özdemir,,,2,cuneyt_ozdemir,
https://youtu.be/hMBhhOUBHSY,Cüneyt Özdemir,,,2,cuneyt_ozdemir,
https://youtu.be/qCwzjR-I_Yg,Cüneyt Özdemir,,,2,cuneyt_ozdemir,
https://youtu.be/fQH6rxfckFY,Cüneyt Özdemir,,,2,cuneyt_ozdemir,
https://youtu.be/dqFUxSA5wpQ,Cüneyt Özdemir,,,2,cuneyt_ozdemir,
https://youtu.be/zTCIO4Hy8j8,Cüneyt Özdemir,,,2,cuneyt_ozdemir,
https://youtu.be/-M8G6QUgIx0,Cüneyt Özdemir,,,2,cuneyt_ozdemir,
https://youtu.be/v5Qm8hjLnCc,Cüneyt Özdemir,,,2,cuneyt_ozdemir,
https://youtu.be/kTn9ytqHTD8,Cüneyt Özdemir,,,2,cuneyt_ozdemir,
https://youtu.be/CMXIL7UyMYU,Cüneyt Özdemir,,,2,cuneyt_ozdemir,
https://youtu.be/IB3l0bdmU3k,Cüneyt Özdemir,,,2,cuneyt_ozdemir,
https://youtu.be/gWUEN5Um46M,Cüneyt Özdemir,,,2,cuneyt_ozdemir,
https://youtu.be/KAPv0-bLq_U,Cüneyt Özdemir,,,2,cuneyt_ozdemir,
https://youtu.be/HjI1iFaQ5Sw,Cüneyt Özdemir,,,2,cuneyt_ozdemir,
https://youtu.be/Eq9WT9OEThk,Cüneyt Özdemir,,,2,cuneyt_ozdemir,
https://youtu.be/ZoaksbAlNfg,Cüneyt Özdemir,,,2,cuneyt_ozdemir,
https://youtu.be/VznnjdtRw2g,Cüneyt Özdemir,,,2,cuneyt_ozdemir,
https://youtu.be/Q8Dy5EjNQP4,Cüneyt Özdemir,,,2,cuneyt_ozdemir,
https://youtu.be/zb9-ezbxE-0,Cüneyt Özdemir,,,2,cuneyt_ozdemir,
https://youtu.be/u9Vtit2kFJI,Cüneyt Özdemir,,,2,cuneyt_ozdemir,
https://youtu.be/kfkGQWERP0A,Cüneyt Özdemir,,,2,cuneyt_ozdemir,
https://youtu.be/6YO81v28mrw,Cüneyt Özdemir,,,2,cuneyt_ozdemir,
https://youtu.be/lmjCq5UCODs,Cüneyt Özdemir,,,2,cuneyt_ozdemir,
https://youtu.be/tTfq65j4a7M,Cüneyt Özdemir,,,2,cuneyt_ozdemir,
https://youtu.be/pSST2u_nKuM,Cüneyt Özdemir,,,2,cuneyt_ozdemir,
https://youtu.be/XxW8zNNrohs,Cüneyt Özdemir,,,2,cuneyt_ozdemir,
https://youtu.be/ISF0fjrXOww,Cüneyt Özdemir,,,2,cuneyt_ozdemir,
https://youtu.be/Zdz1DYOmQII,Cüneyt Özdemir,,,2,cuneyt_ozdemir,
https://youtu.be/jbaxARkiVk4,Cüneyt Özdemir,,,2,cuneyt_ozdemir,
https://youtu.be/FyVq-4k06Fk,Cüneyt Özdemir,,,2,cuneyt_ozdemir,
https://youtu.be/ZXFcOHZLZiI,Cüneyt Özdemir,,,2,cuneyt_ozdemir,
https://youtu.be/scU_lzlKQng,Cüneyt Özdemir,,,2,cuneyt_ozdemir,
https://youtu.be/MJrrwDuyVC8,Cüneyt Özdemir,,,2,cuneyt_ozdemir,
https://youtu.be/tD2X2KerxHU,Cüneyt Özdemir,,,2,cuneyt_ozdemir,
https://youtu.be/bjqw46XyRno,Cüneyt Özdemir,,,2,cuneyt_ozdemir,
https://youtu.be/QFFpbJ-Irzg,Cüneyt Özdemir,,,2,cuneyt_ozdemir,
https://youtu.be/i8NKfb-FUdk,Cüneyt Özdemir,,,2,cuneyt_ozdemir,
https://youtu.be/5X5IFL16DNY,Cüneyt Özdemir,,,2,cuneyt_ozdemir,
https://youtu.be/qsOBoIxyXs8,Cüneyt Özdemir,,,2,cuneyt_ozdemir,
https://youtu.be/wGz84fUkOXU,Cüneyt Özdemir,,,2,cuneyt_ozdemir,
https://youtu.be/1H2ZRotSCwo,Cüneyt Özdemir,,,2,cuneyt_ozdemir,
https://youtu.be/X8ZHC8X7oJ4,Cüneyt Özdemir,,,2,cuneyt_ozdemir,
https://youtu.be/hQ4WZPkprng,Cüneyt Özdemir,,,2,cuneyt_ozdemir,
https://youtu.be/DcCKfJfXZAA,Cüneyt Özdemir,,,2,cuneyt_ozdemir,
https://youtu.be/fAJc__2pJ9E,Cüneyt Özdemir,,,2,cuneyt_ozdemir,
https://youtu.be/nLuaSyWQSjo,Cüneyt Özdemir,,,2,cuneyt_ozdemir,
https://youtu.be/IztLeNhQjDE,Cüneyt Özdemir,,,2,cuneyt_ozdemir,
https://youtu.be/GOw6xGtJYkQ,Cüneyt Özdemir,,,2,cuneyt_ozdemir,
https://youtu.be/h0Z8ZvZpqrM,Cüneyt Özdemir,,,2,cuneyt_ozdemir,
https://youtu.be/TU4TuL9_rF4,Cüneyt Özdemir,,,2,cuneyt_ozdemir,
https://youtu.be/d8JNvW2pEt4,Cüneyt Özdemir,,,2,cuneyt_ozdemir,
https://youtu.be/kIhdq1mc6DM,Cüneyt Özdemir,,,2,cuneyt_ozdemir,
https://youtu.be/FNm7NKBWFv4,Cüneyt Özdemir,,,2,cuneyt_ozdemir,
https://youtu.be/ruI_RGTOaJA,Cüneyt Özdemir,,,2,cuneyt_ozdemir,
https://youtu.be/aoUDwI0USDo,Cüneyt Özdemir,,,2,cuneyt_ozdemir,
https://youtu.be/guiNr2-jqZA,Cüneyt Özdemir,,,2,cuneyt_ozdemir,
https://youtu.be/TfGvYuxCvjs,Cüneyt Özdemir,,,2,cuneyt_ozdemir,
https://youtu.be/xs9Sad1UUzg,Cüneyt Özdemir,,,2,cuneyt_ozdemir,
https://youtu.be/kil6gT04Czg,Cüneyt Özdemir,,,2,cuneyt_ozdemir,
https://youtu.be/6BsLJQ2vyrc,Cüneyt Özdemir,,,2,cuneyt_ozdemir,
https://youtu.be/ZZvwoGBZu-o,Cüneyt Özdemir,,,2,cuneyt_ozdemir,
https://youtu.be/wqLGDM-E6g8,Cüneyt Özdemir,,,2,cuneyt_ozdemir,
https://youtu.be/WRwWDVDXFcw,Cüneyt Özdemir,,,2,cuneyt_ozdemir,
https://youtu.be/OIdPmmUu9ME,Cüneyt Özdemir,,,2,cuneyt_ozdemir,
https://youtu.be/235xMdaQDcY,Cüneyt Özdemir,,,2,cuneyt_ozdemir,
https://youtu.be/KWiy9N-0wYs,Cüneyt Özdemir,,,2,cuneyt_ozdemir,
https://youtu.be/WFk9VVuWfKY,Cüneyt Özdemir,,,2,cuneyt_ozdemir,
https://youtu.be/GVWznPC9zwI,Cüneyt Özdemir,,,2,cuneyt_ozdemir,
https://youtu.be/sQFh94rk4vM,Cüneyt Özdemir,,,2,cuneyt_ozdemir,
https://youtu.be/vby5FRXXOfU,Cüneyt Özdemir,,,2,cuneyt_ozdemir,
https://youtu.be/aslOdTyIobQ,Cüneyt Özdemir,,,2,cuneyt_ozdemir,
https://youtu.be/Ir5Is5NKvrQ,Cüneyt Özdemir,,,2,cuneyt_ozdemir,
https://youtu.be/yiJz3jQP8GY,Cüneyt Özdemir,,,2,cuneyt_ozdemir,
https://youtu.be/KBHYG6zkOBs,Cüneyt Özdemir,,,2,cuneyt_ozdemir,
https://youtu.be/zdEvA2THOUI,Cüneyt Özdemir,,,2,cuneyt_ozdemir,
https://youtu.be/4TctCKAvAIU,Cüneyt Özdemir,,,2,cuneyt_ozdemir,
https://youtu.be/CFnHm_RAig0,Cüneyt Özdemir,,,2,cuneyt_ozdemir,
https://youtu.be/OmCkwzG88nc,Cüneyt Özdemir,,,2,cuneyt_ozdemir,
https://youtu.be/6pQKxbjVlyo,Cüneyt Özdemir,,,2,cuneyt_ozdemir,
https://youtu.be/_0MjqeUI3rA,Cüneyt Özdemir,,,2,cuneyt_ozdemir,
https://youtu.be/irTZmqruJzg,Cüneyt Özdemir,,,2,cuneyt_ozdemir,
https://youtu.be/YNhiBes9dvc,Cüneyt Özdemir,,,2,cuneyt_ozdemir,
https://youtu.be/bTD3naUDEJE,Cüneyt Özdemir,,,2,cuneyt_ozdemir,
https://youtu.be/l6v9imuzBC0,Cüneyt Özdemir,,,2,cuneyt_ozdemir,
https://youtu.be/GCG6ED4Loiw,Cüneyt Özdemir,,,2,cuneyt_ozdemir,
https://youtu.be/MLO1fVCT_BE,Cüneyt Özdemir,,,2,cuneyt_ozdemir,
https://youtu.be/WB5fBvGMqPs,Cüneyt Özdemir,,,2,cuneyt_ozdemir,
https://youtu.be/G86yoA1J2Mk,Cüneyt Özdemir,,,2,cuneyt_ozdemir,
https://youtu.be/F660Lk2q-wU,Cüneyt Özdemir,,,2,cuneyt_ozdemir,
https://youtu.be/cOpElaO139I,Cüneyt Özdemir,,,2,cuneyt_ozdemir,
https://youtu.be/qS9SE1JziEU,Cüneyt Özdemir,,,2,cuneyt_ozdemir,
https://youtu.be/2q0QkZpPI7s,Cüneyt Özdemir,,,2,cuneyt_ozdemir,
https://youtu.be/aXlPujTNftY,Cüneyt Özdemir,,,2,cuneyt_ozdemir,
https://youtu.be/-1IfmdtGZ6k,Cüneyt Özdemir,,,2,cuneyt_ozdemir,
https://youtu.be/XC0O2-R01G8,Cüneyt Özdemir,,,2,cuneyt_ozdemir,
https://youtu.be/JjS7JEK9BUQ,Cüneyt Özdemir,,,2,cuneyt_ozdemir,
https://youtu.be/Rx5JfOWTQtc,Cüneyt Özdemir,,,2,cuneyt_ozdemir,
https://youtu.be/Kn1qPKpJxs8,Cüneyt Özdemir,,,2,cuneyt_ozdemir,
https://youtu.be/2_BcV7kCLt8,Cüneyt Özdemir,,,2,cuneyt_ozdemir,
https://youtu.be/uXKU_eu9NXo,Cüneyt Özdemir,,,2,cuneyt_ozdemir,
https://youtu.be/sg2WT4KzdPQ,Cüneyt Özdemir,,,2,cuneyt_ozdemir,
https://youtu.be/Ds4Eufvl74A,Cüneyt Özdemir,,,2,cuneyt_ozdemir,
https://youtu.be/lUY1zy-JPEY,Cüneyt Özdemir,,,2,cuneyt_ozdemir,
https://youtu.be/juhx42zfdQA,Cüneyt Özdemir,,,2,cuneyt_ozdemir,
https://youtu.be/TfHQpqeO5tU,Cüneyt Özdemir,,,2,cuneyt_ozdemir,
https://youtu.be/OgKAN26z4Pg,Cüneyt Özdemir,,,2,cuneyt_ozdemir,
https://youtu.be/NiuTVnOkRFA,Cüneyt Özdemir,,,2,cuneyt_ozdemir,
https://youtu.be/WdXyq5DUEug,Cüneyt Özdemir,,,2,cuneyt_ozdemir,
https://youtu.be/CP0BIMfr-3I,Cüneyt Özdemir,,,2,cuneyt_ozdemir,
https://youtu.be/g884wLr9gNc,Cüneyt Özdemir,,,2,cuneyt_ozdemir,
https://youtu.be/cYheVOLCChg,Cüneyt Özdemir,,,2,cuneyt_ozdemir,
https://youtu.be/WL9gSlHcGW4,Cüneyt Özdemir,,,2,cuneyt_ozdemir,
https://youtu.be/9sU_emNMpec,Cüneyt Özdemir,,,2,cuneyt_ozdemir,
https://youtu.be/iNgXSDwMzEs,Cüneyt Özdemir,,,2,cuneyt_ozdemir,
https://youtu.be/vpn8w9fdYNw,Cüneyt Özdemir,,,2,cuneyt_ozdemir,
https://youtu.be/NUBPZQwqvX8,Cüneyt Özdemir,,,2,cuneyt_ozdemir,
https://youtu.be/hSevPep4sbo,Cüneyt Özdemir,,,2,cuneyt_ozdemir,
https://youtu.be/7TH9oMhl6X8,Cüneyt Özdemir,,,2,cuneyt_ozdemir,
https://youtu.be/Pe9jXNfKBEc,Cüneyt Özdemir,,,2,cuneyt_ozdemir,
https://youtu.be/mMi8IHP62kU,Cüneyt Özdemir,,,2,cuneyt_ozdemir,
https://youtu.be/xSoP34FUP4A,Cüneyt Özdemir,,,2,cuneyt_ozdemir,
https://youtu.be/Ce2isNMzGPQ,Cüneyt Özdemir,,,2,cuneyt_ozdemir,
https://youtu.be/piQBl_ccaJU,Cüneyt Özdemir,,,2,cuneyt_ozdemir,
https://youtu.be/V6TIW7Ok6Hw,Cüneyt Özdemir,,,2,cuneyt_ozdemir,
https://youtu.be/SzjSRCCKb4k,Cüneyt Özdemir,,,2,cuneyt_ozdemir,
https://youtu.be/2l1Kf9ItUlw,Cüneyt Özdemir,,,2,cuneyt_ozdemir,
https://youtu.be/1LO9tpP4S4M,Cüneyt Özdemir,,,2,cuneyt_ozdemir,
https://youtu.be/8p9Ed3k_UCE,Cüneyt Özdemir,,,2,cuneyt_ozdemir,
https://youtu.be/8yxEGPy6lqk,Cüneyt Özdemir,,,2,cuneyt_ozdemir,
https://youtu.be/0AuuGGmV9ys,Cüneyt Özdemir,,,2,cuneyt_ozdemir,
https://youtu.be/Gq_SU3UkEJ0,Cüneyt Özdemir,,,2,cuneyt_ozdemir,
https://youtu.be/sp6AhTdZnRc,Cüneyt Özdemir,,,2,cuneyt_ozdemir,
https://youtu.be/-v4IV3ABN_4,Cüneyt Özdemir,,,2,cuneyt_ozdemir,
https://youtu.be/vbgHfaYINTw,Cüneyt Özdemir,,,2,cuneyt_ozdemir,
https://youtu.be/RjKb8jpDKu4,Cüneyt Özdemir,,,2,cuneyt_ozdemir,
https://youtu.be/pT-YSAaSrDI,Cüneyt Özdemir,,,2,cuneyt_ozdemir,
https://youtu.be/Yu5kMpj_Eew,Cüneyt Özdemir,,,2,cuneyt_ozdemir,
https://youtu.be/-tzTpBL2n8Y,Cüneyt Özdemir,,,2,cuneyt_ozdemir,
https://youtu.be/7SrgRxJRgGU,Cüneyt Özdemir,,,2,cuneyt_ozdemir,
https://youtu.be/ggLHaHvdQZw,Cüneyt Özdemir,,,2,cuneyt_ozdemir,
https://youtu.be/R2zenD6ULbQ,Cüneyt Özdemir,,,2,cuneyt_ozdemir,
https://youtu.be/K4mW72lCB4o,Cüneyt Özdemir,,,2,cuneyt_ozdemir,
https://youtu.be/_IXkQ1lQi3Y,Cüneyt Özdemir,,,2,cuneyt_ozdemir,
https://youtu.be/UjSVYGryAhI,Cüneyt Özdemir,,,2,cuneyt_ozdemir,
https://youtu.be/Ha1QFux8h4g,Cüneyt Özdemir,,,2,cuneyt_ozdemir,
https://youtu.be/ZJ-UKdtTeFA,Cüneyt Özdemir,,,2,cuneyt_ozdemir,
https://youtu.be/nC_oicEbe8w,Cüneyt Özdemir,,,2,cuneyt_ozdemir,
https://youtu.be/1XmioWdfWkQ,Cüneyt Özdemir,,,2,cuneyt_ozdemir,
https://youtu.be/DlZ3gKRzJEM,Cüneyt Özdemir,,,2,cuneyt_ozdemir,
https://youtu.be/X2uGbGwXhcc,Cüneyt Özdemir,,,2,cuneyt_ozdemir,
https://youtu.be/cshfLVsI2tw,Cüneyt Özdemir,,,2,cuneyt_ozdemir,
https://youtu.be/Ry00m4Azf8Y,Cüneyt Özdemir,,,2,cuneyt_ozdemir,
https://youtu.be/z15EYh2mRNY,Cüneyt Özdemir,,,2,cuneyt_ozdemir,
https://youtu.be/Cxcpm-hzYI0,Cüneyt Özdemir,,,2,cuneyt_ozdemir,
https://youtu.be/Ge6G6zZv0vs,Cüneyt Özdemir,,,2,cuneyt_ozdemir,
https://youtu.be/ch42LJG8YU8,Cüneyt Özdemir,,,2,cuneyt_ozdemir,
https://youtu.be/wK2uFbVVfrM,Cüneyt Özdemir,,,2,cuneyt_ozdemir,
https://youtu.be/KpbaF4wlxvs,Cüneyt Özdemir,,,2,cuneyt_ozdemir,
https://youtu.be/d6IOp-0XJzo,Cüneyt Özdemir,,,2,cuneyt_ozdemir,
https://youtu.be/BTDxeUWBG9s,Cüneyt Özdemir,,,2,cuneyt_ozdemir,
https://youtu.be/pzhPmqmLREA,Cüneyt Özdemir,,,2,cuneyt_ozdemir,
https://youtu.be/PLaOFrLUVUw,Cüneyt Özdemir,,,2,cuneyt_ozdemir,
https://youtu.be/CcKY6owTMD4,Cüneyt Özdemir,,,2,cuneyt_ozdemir,
https://youtu.be/Kim5LLX3q-8,Cüneyt Özdemir,,,2,cuneyt_ozdemir,
https://youtu.be/G7ZNpVOULUM,Cüneyt Özdemir,,,2,cuneyt_ozdemir,
https://youtu.be/7vPsCy09qyU,Cüneyt Özdemir,,,2,cuneyt_ozdemir,
https://youtu.be/LhWjYQdaGk0,Cüneyt Özdemir,,,2,cuneyt_ozdemir,
https://youtu.be/LNwEzBIFi6c,Cüneyt Özdemir,,,2,cuneyt_ozdemir,
https://youtu.be/fbtCtIJ8rBs,Cüneyt Özdemir,,,2,cuneyt_ozdemir,
https://youtu.be/SUUynDhVNtM,Cüneyt Özdemir,,,2,cuneyt_ozdemir,
https://youtu.be/nOTFFf0RYEA,Cüneyt Özdemir,,,2,cuneyt_ozdemir,
https://youtu.be/cn05DPu1hZ4,Cüneyt Özdemir,,,2,cuneyt_ozdemir,
https://youtu.be/P2rASst7rJ4,Cüneyt Özdemir,,,2,cuneyt_ozdemir,
https://youtu.be/GnIOUG4R9bk,Cüneyt Özdemir,,,2,cuneyt_ozdemir,
https://youtu.be/6qSRwg9ozgg,Cüneyt Özdemir,,,2,cuneyt_ozdemir,
https://youtu.be/tCbkW39gtP8,Cüneyt Özdemir,,,2,cuneyt_ozdemir,
https://youtu.be/lFyc5Q9AfDo,Cüneyt Özdemir,,,2,cuneyt_ozdemir,
https://youtu.be/41R2YWJ2kcA,Cüneyt Özdemir,,,2,cuneyt_ozdemir,
https://youtu.be/WuZG-l0TVWI,Cüneyt Özdemir,,,2,cuneyt_ozdemir,
https://youtu.be/GY-PCLWzChw,Cüneyt Özdemir,,,2,cuneyt_ozdemir,
https://youtu.be/wHxRoRzi3M8,Cüneyt Özdemir,,,2,cuneyt_ozdemir,
https://youtu.be/TXS6YIYmfBw,Cüneyt Özdemir,,,2,cuneyt_ozdemir,
https://youtu.be/nLIVKrw3CLQ,Cüneyt Özdemir,,,2,cuneyt_ozdemir,
https://youtu.be/BFVYP3SaG3o,Cüneyt Özdemir,,,2,cuneyt_ozdemir,
https://youtu.be/r_-hLzK4jrY,Cüneyt Özdemir,,,2,cuneyt_ozdemir,
https://youtu.be/dneVRgr6KkM,Cüneyt Özdemir,,,2,cuneyt_ozdemir,
https://youtu.be/yAvTvprj57w,Cüneyt Özdemir,,,2,cuneyt_ozdemir,
https://youtu.be/hYEJRtkoLEg,Cüneyt Özdemir,,,2,cuneyt_ozdemir,
https://youtu.be/zkN_V6eUccg,Cüneyt Özdemir,,,2,cuneyt_ozdemir,
https://youtu.be/KdpPiZSPeIE,Cüneyt Özdemir,,,2,cuneyt_ozdemir,
https://youtu.be/xr4di7I-Oo4,Cüneyt Özdemir,,,2,cuneyt_ozdemir,
https://youtu.be/hUzLdVVVY6g,Cüneyt Özdemir,,,2,cuneyt_ozdemir,
https://youtu.be/3PnRmca7rO0,Cüneyt Özdemir,,,2,cuneyt_ozdemir,
https://youtu.be/Hzxo2TNtqLg,Cüneyt Özdemir,,,2,cuneyt_ozdemir,
https://youtu.be/TROsMg4jV3c,Cüneyt Özdemir,,,2,cuneyt_ozdemir,
https://youtu.be/L8MMzvtv0A0,Cüneyt Özdemir,,,2,cuneyt_ozdemir,
https://youtu.be/il9AC_BmhuE,Cüneyt Özdemir,,,2,cuneyt_ozdemir,
https://youtu.be/oheTMv6Xdr4,Cüneyt Özdemir,,,2,cuneyt_ozdemir,
https://youtu.be/2_rlRl_KqxE,Cüneyt Özdemir,,,2,cuneyt_ozdemir,
https://youtu.be/8PGdDQSgZLU,Cüneyt Özdemir,,,2,cuneyt_ozdemir,
https://youtu.be/gPm7Qnygn2Q,Cüneyt Özdemir,,,2,cuneyt_ozdemir,
https://youtu.be/P4AjhwRJqEg,Cüneyt Özdemir,,,2,cuneyt_ozdemir,
https://youtu.be/39S-I4CLUew,Cüneyt Özdemir,,,2,cuneyt_ozdemir,
https://youtu.be/oztD0BHrOoE,Cüneyt Özdemir,,,2,cuneyt_ozdemir,
https://youtu.be/IuLOPCbdllU,Cüneyt Özdemir,,,2,cuneyt_ozdemir,
https://youtu.be/h9w-tn1Vq6Y,Cüneyt Özdemir,,,2,cuneyt_ozdemir,
https://youtu.be/m_5OgBwMfFY,Cüneyt Özdemir,,,2,cuneyt_ozdemir,
https://youtu.be/uhwSuO0VBQQ,Cüneyt Özdemir,,,2,cuneyt_ozdemir,
https://youtu.be/P019sHqdptM,Cüneyt Özdemir,,,2,cuneyt_ozdemir,
https://youtu.be/yrrqCOy6M0E,Cüneyt Özdemir,,,2,cuneyt_ozdemir,
https://youtu.be/H5hMxAFEOjQ,Cüneyt Özdemir,,,2,cuneyt_ozdemir,
https://youtu.be/OmzgdzgwIJ4,Cüneyt Özdemir,,,2,cuneyt_ozdemir,
https://youtu.be/8dIJiInp1jw,Cüneyt Özdemir,,,2,cuneyt_ozdemir,
https://youtu.be/R7wQtDCL5_0,Cüneyt Özdemir,,,2,cuneyt_ozdemir,
https://youtu.be/2omhzBDRZOU,Cüneyt Özdemir,,,2,cuneyt_ozdemir,
https://youtu.be/OC3vMWfQJjQ,Cüneyt Özdemir,,,2,cuneyt_ozdemir,
https://youtu.be/POpMb0eV23w,Cüneyt Özdemir,,,2,cuneyt_ozdemir,
https://youtu.be/Xz-eV1eGeeY,Cüneyt Özdemir,,,2,cuneyt_ozdemir,
https://youtu.be/ezNxXGkuGyA,Cüneyt Özdemir,,,2,cuneyt_ozdemir,
https://youtu.be/ezj871LEAJA,Cüneyt Özdemir,,,2,cuneyt_ozdemir,
https://youtu.be/d5mysiTY8mU,Cüneyt Özdemir,,,2,cuneyt_ozdemir,
https://youtu.be/OAEvPBeVJH8,Cüneyt Özdemir,,,2,cuneyt_ozdemir,
https://youtu.be/lIG3q3drVJw,Cüneyt Özdemir,,,2,cuneyt_ozdemir,
https://youtu.be/51sLryXCBsA,Cüneyt Özdemir,,,2,cuneyt_ozdemir,
https://youtu.be/Xn3DfsotN4Y,Cüneyt Özdemir,,,2,cuneyt_ozdemir,
https://youtu.be/WYKdLsGp2aw,Cüneyt Özdemir,,,2,cuneyt_ozdemir,
https://youtu.be/xS5wld5VJhQ,Cüneyt Özdemir,,,2,cuneyt_ozdemir,
https://youtu.be/sUiuDByezv4,Cüneyt Özdemir,,,2,cuneyt_ozdemir,
https://youtu.be/jL8JEPx8d-Q,Cüneyt Özdemir,,,2,cuneyt_ozdemir,
https://youtu.be/Di51kV5pvs0,Cüneyt Özdemir,,,2,cuneyt_ozdemir,
https://youtu.be/7J1K7YpiJAI,Cüneyt Özdemir,,,2,cuneyt_ozdemir,
https://youtu.be/RR_u4RmOBzM,Cüneyt Özdemir,,,2,cuneyt_ozdemir,
https://youtu.be/p9in_rltTjE,Cüneyt Özdemir,,,2,cuneyt_ozdemir,
https://youtu.be/TQ6yCwpyA-w,Cüneyt Özdemir,,,2,cuneyt_ozdemir,
https://youtu.be/p3BowBE8XpE,Cüneyt Özdemir,,,2,cuneyt_ozdemir,
https://youtu.be/JBB8aP76Ty8,Cüneyt Özdemir,,,2,cuneyt_ozdemir,
https://youtu.be/i8IDKYoq_e0,Cüneyt Özdemir,,,2,cuneyt_ozdemir,
https://youtu.be/t7Pyo3YVBoo,Cüneyt Özdemir,,,2,cuneyt_ozdemir,
https://youtu.be/zz0SwDkZyiE,Cüneyt Özdemir,,,2,cuneyt_ozdemir,
https://youtu.be/NhJhtqKv3M0,Cüneyt Özdemir,,,2,cuneyt_ozdemir,
https://youtu.be/_45eGErSxNw,Cüneyt Özdemir,,,2,cuneyt_ozdemir,
https://youtu.be/mOpqY6RtY_4,Cüneyt Özdemir,,,2,cuneyt_ozdemir,
https://www.youtube.com/watch?v=kF7hTWKcIHU,CNN_TURK_5N1K,,,2,cuneyt_ozdemir,1
https://www.youtube.com/watch?v=U3Wc4BVabHo,CNN_TURK_5N1K,,,2,cuneyt_ozdemir,1
https://www.youtube.com/watch?v=-_yYkBu4e3c,CNN_TURK_5N1K,,,2,cuneyt_ozdemir,1
https://www.youtube.com/watch?v=x9J3CC72z84,CNN_TURK_5N1K,,,2,cuneyt_ozdemir,1
https://www.youtube.com/watch?v=hHqreuiWMKM,CNN_TURK_5N1K,,,2,cuneyt_ozdemir,1
https://www.youtube.com/watch?v=NWI-lcU2aXI,CNN_TURK_5N1K,,,2,cuneyt_ozdemir,1
https://www.youtube.com/watch?v=5msUXyFxRBw,CNN_TURK_5N1K,,,2,cuneyt_ozdemir,1
https://www.youtube.com/watch?v=BFVGS9H0p-M,CNN_TURK_5N1K,,,2,cuneyt_ozdemir,1
https://www.youtube.com/watch?v=vcucRrM-spU,CNN_TURK_5N1K,,,2,cuneyt_ozdemir,1
https://www.youtube.com/watch?v=XqkjAuIDcJk,CNN_TURK_5N1K,,,2,cuneyt_ozdemir,1
https://www.youtube.com/watch?v=eDD5WztJT7A,CNN_TURK_5N1K,,,2,cuneyt_ozdemir,
https://www.youtube.com/watch?v=REivSO8Ty28,CNN_TURK_5N1K,,,2,cuneyt_ozdemir,1
https://www.youtube.com/watch?v=XmHDqgwmDsQ,CNN_TURK_5N1K,,,2,cuneyt_ozdemir,1
https://www.youtube.com/watch?v=PIwjEdhYSV0,CNN_TURK_5N1K,,,2,cuneyt_ozdemir,1
https://www.youtube.com/watch?v=PuKBG2g6tdI,CNN_TURK_5N1K,,,2,cuneyt_ozdemir,1
https://www.youtube.com/watch?v=h2xcEY2vmtk,CNN_TURK_5N1K,,,2,cuneyt_ozdemir,1
https://www.youtube.com/watch?v=JguRh_rq5cw,CNN_TURK_5N1K,,,2,cuneyt_ozdemir,1
https://www.youtube.com/watch?v=nFdY0wflplA,CNN_TURK_5N1K,,,2,cuneyt_ozdemir,1
https://www.youtube.com/watch?v=K9dd5-beKZ4,CNN_TURK_5N1K,,,2,cuneyt_ozdemir,1
https://www.youtube.com/watch?v=gV9_eyXJXPs,CNN_TURK_5N1K,,,2,cuneyt_ozdemir,1
https://www.youtube.com/watch?v=35tX3gHV_Ho,CNN_TURK_5N1K,,,2,cuneyt_ozdemir,1
https://www.youtube.com/watch?v=NTdQlcukEFU,CNN_TURK_5N1K,,,2,cuneyt_ozdemir,1
https://www.youtube.com/watch?v=eBbF_GNlcbo,CNN_TURK_5N1K,,,2,cuneyt_ozdemir,1
https://www.youtube.com/watch?v=OzpkMRjH1NI,CNN_TURK_5N1K,,,2,cuneyt_ozdemir,1
https://www.youtube.com/watch?v=YEPCQTqFe6o,CNN_TURK_5N1K,,,2,cuneyt_ozdemir,1
https://www.youtube.com/watch?v=61WFswGE0PI,CNN_TURK_5N1K,,,2,cuneyt_ozdemir,1
https://www.youtube.com/watch?v=-2a6NOweYFk,CNN_TURK_5N1K,,,2,cuneyt_ozdemir,1
https://www.youtube.com/watch?v=wSg6QVxhmXA,CNN_TURK_5N1K,,,2,cuneyt_ozdemir,1
https://www.youtube.com/watch?v=72e-YmJAW8U,CNN_TURK_5N1K,,,2,cuneyt_ozdemir,1
https://www.youtube.com/watch?v=gvXvRwrGhNY,CNN_TURK_5N1K,,,2,cuneyt_ozdemir,1
https://www.youtube.com/watch?v=yNPstL1oC8M,CNN_TURK_5N1K,,,2,cuneyt_ozdemir,1
https://www.youtube.com/watch?v=lh3TKuRSCNM,CNN_TURK_5N1K,,,2,cuneyt_ozdemir,1
https://www.youtube.com/watch?v=sJdlb8jOCnA,CNN_TURK_5N1K,,,2,cuneyt_ozdemir,1
https://www.youtube.com/watch?v=BI-KFBS5wuY,CNN_TURK_5N1K,,,2,cuneyt_ozdemir,1
https://www.youtube.com/watch?v=tu1SKJCB_Rg,CNN_TURK_5N1K,,,2,cuneyt_ozdemir,
https://www.youtube.com/watch?v=_T4DhlBlcyQ,CNN_TURK_5N1K,,,2,cuneyt_ozdemir,1
https://www.youtube.com/watch?v=awslBapmVWY,CNN_TURK_5N1K,,,2,cuneyt_ozdemir,1
https://www.youtube.com/watch?v=2OGFIphNhlg,CNN_TURK_5N1K,,,2,cuneyt_ozdemir,1
https://www.youtube.com/watch?v=UiPEBofZqhQ,CNN_TURK_5N1K,,,2,cuneyt_ozdemir,1
https://www.youtube.com/watch?v=xivYHwbDrmE,CNN_TURK_5N1K,,,2,cuneyt_ozdemir,1
https://www.youtube.com/watch?v=2-4i44dRrhg,CNN_TURK_5N1K,,,2,cuneyt_ozdemir,1
https://www.youtube.com/watch?v=E25VOn-7Yz0,CNN_TURK_5N1K,,,2,cuneyt_ozdemir,1
https://www.youtube.com/watch?v=qcwEDk-oGOU,CNN_TURK_5N1K,,,2,cuneyt_ozdemir,1
https://www.youtube.com/watch?v=avasEAfzK_4,CNN_TURK_5N1K,,,2,cuneyt_ozdemir,1
https://www.youtube.com/watch?v=PoAuEDwLcJE,CNN_TURK_5N1K,,,2,cuneyt_ozdemir,1
https://www.youtube.com/watch?v=tzdmP7pvGaA,CNN_TURK_5N1K,,,2,cuneyt_ozdemir,1
https://www.youtube.com/watch?v=L3aZ84ZkHwM,CNN_TURK_5N1K,,,2,cuneyt_ozdemir,1
https://www.youtube.com/watch?v=ZjElH-nMcpg,CNN_TURK_5N1K,,,2,cuneyt_ozdemir,1
https://www.youtube.com/watch?v=wHbM_JMwSZE,CNN_TURK_5N1K,,,2,cuneyt_ozdemir,1
https://www.youtube.com/watch?v=1y4F3Mwl6ks,CNN_TURK_5N1K,,,2,cuneyt_ozdemir,1
https://www.youtube.com/watch?v=qnPOigwGl0I,CNN_TURK_5N1K,,,2,cuneyt_ozdemir,1
https://www.youtube.com/watch?v=Il7u_X2yMmA,CNN_TURK_5N1K,,,2,cuneyt_ozdemir,1
https://www.youtube.com/watch?v=Q1-Q3U2ZWIU,CNN_TURK_5N1K,,,2,cuneyt_ozdemir,1
https://www.youtube.com/watch?v=wbMAzTSodsQ,CNN_TURK_5N1K,,,2,cuneyt_ozdemir,1
https://www.youtube.com/watch?v=kobZ7p1FJqA,CNN_TURK_5N1K,,,2,cuneyt_ozdemir,1
https://www.youtube.com/watch?v=OQ2RMmaZHHA,CNN_TURK_5N1K,,,2,cuneyt_ozdemir,1
https://www.youtube.com/watch?v=PnkK8ByVhrE,CNN_TURK_5N1K,,,2,cuneyt_ozdemir,1
https://www.youtube.com/watch?v=XE92rNJ0Lvs,CNN_TURK_5N1K,,,2,cuneyt_ozdemir,1
https://www.youtube.com/watch?v=IXLXSYAQ1nA,CNN_TURK_5N1K,,,2,cuneyt_ozdemir,
https://www.youtube.com/watch?v=W_2v6EXYJ8w,CNN_TURK_5N1K,,,2,cuneyt_ozdemir,1
https://www.youtube.com/watch?v=q9GUAKzXc5g,CNN_TURK_5N1K,,,2,cuneyt_ozdemir,1
https://www.youtube.com/watch?v=7r84zYjjSg0,CNN_TURK_5N1K,,,2,cuneyt_ozdemir,1
https://www.youtube.com/watch?v=q1x9RvVhssE,CNN_TURK_5N1K,,,2,cuneyt_ozdemir,
https://www.youtube.com/watch?v=CDUZrWXFyXA,CNN_TURK_5N1K,,,2,cuneyt_ozdemir,1
https://www.youtube.com/watch?v=7gRn9aEhN68,CNN_TURK_5N1K,,,2,cuneyt_ozdemir,1
https://www.youtube.com/watch?v=HqxuEIDeQjs,CNN_TURK_5N1K,,,2,cuneyt_ozdemir,1
https://www.youtube.com/watch?v=m4YKVmGiieE,CNN_TURK_5N1K,,,2,cuneyt_ozdemir,
https://www.youtube.com/watch?v=7ZgM24peRXk,CNN_TURK_5N1K,,,2,cuneyt_ozdemir,1
https://www.youtube.com/watch?v=Rr5REGTBItE,CNN_TURK_5N1K,,,2,cuneyt_ozdemir,
https://www.youtube.com/watch?v=EOlU_Jdv9hc,CNN_TURK_5N1K,,,2,cuneyt_ozdemir,1
https://www.youtube.com/watch?v=Erc7dU2J2EM,CNN_TURK_5N1K,,,2,cuneyt_ozdemir,
https://www.youtube.com/watch?v=vYeNRXnevMU,CNN_TURK_5N1K,,,2,cuneyt_ozdemir,1
https://www.youtube.com/watch?v=8weH7xZB6oY,CNN_TURK_5N1K,,,2,cuneyt_ozdemir,1
https://www.youtube.com/watch?v=6_x6lpfLrUs,CNN_TURK_5N1K,,,2,cuneyt_ozdemir,1
https://www.youtube.com/watch?v=eE-ugpLFnW8,CNN_TURK_5N1K,,,2,cuneyt_ozdemir,1
https://www.youtube.com/watch?v=vnEkX9NLW6k,CNN_TURK_5N1K,,,2,cuneyt_ozdemir,1
https://www.youtube.com/watch?v=dvlIhfJPy-o,CNN_TURK_5N1K,,,2,cuneyt_ozdemir,1
https://www.youtube.com/watch?v=ggAKIVurd3w,CNN_TURK_5N1K,,,2,cuneyt_ozdemir,1
https://www.youtube.com/watch?v=imgW7bwGpY8,CNN_TURK_5N1K,,,2,cuneyt_ozdemir,1
https://www.youtube.com/watch?v=bjkufcXtmiY,CNN_TURK_5N1K,,,2,cuneyt_ozdemir,1
https://www.youtube.com/watch?v=19xl9omMt3c,CNN_TURK_5N1K,,,2,cuneyt_ozdemir,
https://www.youtube.com/watch?v=IK1WlwPIlPU,CNN_TURK_5N1K,,,2,cuneyt_ozdemir,1
https://www.youtube.com/watch?v=qGVsQuUMGeg,CNN_TURK_5N1K,,,2,cuneyt_ozdemir,1
https://www.youtube.com/watch?v=0CerPw2nrgg,CNN_TURK_5N1K,,,2,cuneyt_ozdemir,1
https://www.youtube.com/watch?v=oRD-xxMllP4,CNN_TURK_5N1K,,,2,cuneyt_ozdemir,1
https://www.youtube.com/watch?v=Bauu3oIHLGY,CNN_TURK_5N1K,,,2,cuneyt_ozdemir,1
https://www.youtube.com/watch?v=8-OmlScYLow,CNN_TURK_5N1K,,,2,cuneyt_ozdemir,1
https://www.youtube.com/watch?v=_c1dMamhHF4,CNN_TURK_5N1K,,,2,cuneyt_ozdemir,
https://www.youtube.com/watch?v=NTaDSyUOARU,CNN_TURK_5N1K,,,2,cuneyt_ozdemir,1
https://www.youtube.com/watch?v=1UuuEc1Uwjw,CNN_TURK_5N1K,,,2,cuneyt_ozdemir,1
https://www.youtube.com/watch?v=fVd4OtP24jM,CNN_TURK_5N1K,,,2,cuneyt_ozdemir,1
https://www.youtube.com/watch?v=mj_eW8YuCZE,CNN_TURK_5N1K,,,2,cuneyt_ozdemir,1
https://www.youtube.com/watch?v=wvPbBxy8t3E,CNN_TURK_5N1K,,,2,cuneyt_ozdemir,
https://www.youtube.com/watch?v=NoRrY8y6lks,CNN_TURK_5N1K,,,2,cuneyt_ozdemir,1
https://www.youtube.com/watch?v=jRnNP-J-uos,CNN_TURK_5N1K,,,2,cuneyt_ozdemir,1
https://www.youtube.com/watch?v=AgLULyCltmY,CNN_TURK_5N1K,,,2,cuneyt_ozdemir,1
https://www.youtube.com/watch?v=6Y2bjWWYj-0,CNN_TURK_5N1K,,,2,cuneyt_ozdemir,1
https://www.youtube.com/watch?v=tlCM1tXhEzA,CNN_TURK_5N1K,,,2,cuneyt_ozdemir,1
https://www.youtube.com/watch?v=EiaDqenW-2s,CNN_TURK_5N1K,,,2,cuneyt_ozdemir,1
https://www.youtube.com/watch?v=THtIl51t0q8,CNN_TURK_5N1K,,,2,cuneyt_ozdemir,1
https://www.youtube.com/watch?v=KrC0hT890Ss,CNN_TURK_5N1K,,,2,cuneyt_ozdemir,1
https://www.youtube.com/watch?v=URlppo0JRok,CNN_TURK_5N1K,,,2,cuneyt_ozdemir,1
https://www.youtube.com/watch?v=6bduo5a_3LI,CNN_TURK_5N1K,,,2,cuneyt_ozdemir,1
https://www.youtube.com/watch?v=wROLxLPld54,CNN_TURK_5N1K,,,2,cuneyt_ozdemir,1
https://www.youtube.com/watch?v=LO4HMM-_3ts,CNN_TURK_5N1K,,,2,cuneyt_ozdemir,1
https://www.youtube.com/watch?v=NpD7y_7ELEM,CNN_TURK_5N1K,,,2,cuneyt_ozdemir,1
https://www.youtube.com/watch?v=f-MBBuaPoPo,CNN_TURK_5N1K,,,2,cuneyt_ozdemir,1
https://www.youtube.com/watch?v=-0IfWVFztSc,CNN_TURK_5N1K,,,2,cuneyt_ozdemir,1
https://www.youtube.com/watch?v=dC8NxS2EMVo,CNN_TURK_5N1K,,,2,cuneyt_ozdemir,1
https://www.youtube.com/watch?v=v01pNRvj2G0,CNN_TURK_5N1K,,,2,cuneyt_ozdemir,1
https://www.youtube.com/watch?v=jovCqXdA5is,CNN_TURK_5N1K,,,2,cuneyt_ozdemir,1
https://www.youtube.com/watch?v=VtwaCQATeTs,CNN_TURK_5N1K,,,2,cuneyt_ozdemir,1
https://www.youtube.com/watch?v=ZOJRmVk1Zfw,CNN_TURK_5N1K,,,2,cuneyt_ozdemir,1
https://www.youtube.com/watch?v=x-2h-p6PPgA,CNN_TURK_5N1K,,,2,cuneyt_ozdemir,1
https://www.youtube.com/watch?v=0FsusaeijMw,CNN_TURK_5N1K,,,2,cuneyt_ozdemir,1
https://www.youtube.com/watch?v=-90rgMhugAg,CNN_TURK_5N1K,,,2,cuneyt_ozdemir,1
https://www.youtube.com/watch?v=L0IfwLwVlJ8,CNN_TURK_5N1K,,,2,cuneyt_ozdemir,1
https://www.youtube.com/watch?v=dlN9vN9zcnQ,CNN_TURK_5N1K,,,2,cuneyt_ozdemir,1
https://www.youtube.com/watch?v=1PiCnIGgQHY,CNN_TURK_5N1K,,,2,cuneyt_ozdemir,1
https://www.youtube.com/watch?v=UycSzJjNZP4,CNN_TURK_5N1K,,,2,cuneyt_ozdemir,1
https://www.youtube.com/watch?v=NCzq1_y5fv0,CNN_TURK_5N1K,,,2,cuneyt_ozdemir,1
https://www.youtube.com/watch?v=JXghOkoWWzo,CNN_TURK_5N1K,,,2,cuneyt_ozdemir,1
https://www.youtube.com/watch?v=0GGggz5V5Oo,CNN_TURK_5N1K,,,2,cuneyt_ozdemir,1
https://www.youtube.com/watch?v=RZns6lfptto,CNN_TURK_5N1K,,,2,cuneyt_ozdemir,1
https://www.youtube.com/watch?v=eLU918aZWbI,CNN_TURK_5N1K,,,2,cuneyt_ozdemir,1
https://www.youtube.com/watch?v=akX3z079wS4,CNN_TURK_5N1K,,,2,cuneyt_ozdemir,1
https://www.youtube.com/watch?v=kX27ezm7AXs,CNN_TURK_5N1K,,,2,cuneyt_ozdemir,1
https://www.youtube.com/watch?v=jPNrppF3V6E,CNN_TURK_5N1K,,,2,cuneyt_ozdemir,1
https://www.youtube.com/watch?v=Iri2NfH03Os,CNN_TURK_5N1K,,,2,cuneyt_ozdemir,1
https://www.youtube.com/watch?v=GefCMN1Br-c,CNN_TURK_5N1K,,,2,cuneyt_ozdemir,1
https://www.youtube.com/watch?v=E1HBaq8RTtA,CNN_TURK_5N1K,,,2,cuneyt_ozdemir,1
https://www.youtube.com/watch?v=yw6Ui8XWSHw,CNN_TURK_5N1K,,,2,cuneyt_ozdemir,1
https://www.youtube.com/watch?v=GMvT0q-IE3c,CNN_TURK_5N1K,,,2,cuneyt_ozdemir,1
https://www.youtube.com/watch?v=xXzZvCQZ6ec,CNN_TURK_5N1K,,,2,cuneyt_ozdemir,1
https://www.youtube.com/watch?v=I_ZvDrlTcbQ,CNN_TURK_5N1K,,,2,cuneyt_ozdemir,1
https://www.youtube.com/watch?v=Re3zv_Wt7tI,CNN_TURK_5N1K,,,2,cuneyt_ozdemir,1
https://www.youtube.com/watch?v=5dpiXmWjON8,CNN_TURK_5N1K,,,2,cuneyt_ozdemir,1
https://www.youtube.com/watch?v=fAiC1pRHRJQ,CNN_TURK_5N1K,,,2,cuneyt_ozdemir,1
https://www.youtube.com/watch?v=ejWkMuVHlXo,CNN_TURK_5N1K,,,2,cuneyt_ozdemir,1
https://www.youtube.com/watch?v=SbTxVRiYaqQ,CNN_TURK_5N1K,,,2,cuneyt_ozdemir,
https://www.youtube.com/watch?v=3Y9ZCCfAzn4,CNN_TURK_5N1K,,,2,cuneyt_ozdemir,
https://www.youtube.com/watch?v=hjvyF97p5uI,CNN_TURK_5N1K,,,2,cuneyt_ozdemir,
https://www.youtube.com/watch?v=vGnKZbEa4Uc,CNN_TURK_5N1K,,,2,cuneyt_ozdemir,
https://www.youtube.com/watch?v=jZ8yMWr5ryw,CNN_TURK_5N1K,,,2,cuneyt_ozdemir,
https://www.youtube.com/watch?v=1LWVLgYkeYE,CNN_TURK_5N1K,,,2,cuneyt_ozdemir,
https://www.youtube.com/watch?v=HV1bHnDoQhw,CNN_TURK_5N1K,,,2,cuneyt_ozdemir,
https://www.youtube.com/watch?v=i-8VuFN9ZC0,CNN_TURK_5N1K,,,2,cuneyt_ozdemir,
https://www.youtube.com/watch?v=nIi54deTGKc,CNN_TURK_5N1K,,,2,cuneyt_ozdemir,
https://www.youtube.com/watch?v=pA48LCnCNcg,CNN_TURK_5N1K,,,2,cuneyt_ozdemir,
https://www.youtube.com/watch?v=oVhT1p1UwzU,CNN_TURK_5N1K,,,2,cuneyt_ozdemir,
https://www.youtube.com/watch?v=5lNnf_QYeZs,CNN_TURK_5N1K,,,2,cuneyt_ozdemir,
https://www.youtube.com/watch?v=hJkwSJ0NqUA,CNN_TURK_5N1K,,,2,cuneyt_ozdemir,
https://www.youtube.com/watch?v=pmP1O_KZXCU,CNN_TURK_5N1K,,,2,cuneyt_ozdemir,
https://www.youtube.com/watch?v=FE-wUyq2lhc,CNN_TURK_5N1K,,,2,cuneyt_ozdemir,
https://www.youtube.com/watch?v=PkdbPld9YhI,CNN_TURK_5N1K,,,2,cuneyt_ozdemir,
https://www.youtube.com/watch?v=P0VAwUiMxWY,CNN_TURK_5N1K,,,2,cuneyt_ozdemir,
https://www.youtube.com/watch?v=sZ0tNJbLSl0,CNN_TURK_5N1K,,,2,cuneyt_ozdemir,
https://www.youtube.com/watch?v=tmS0w2xt24E,CNN_TURK_5N1K,,,2,cuneyt_ozdemir,
https://www.youtube.com/watch?v=uUcKByx0vcg,CNN_TURK_5N1K,,,2,cuneyt_ozdemir,
https://www.youtube.com/watch?v=WI6HGvS0C70,CNN_TURK_5N1K,,,2,cuneyt_ozdemir,
https://www.youtube.com/watch?v=E3xsKdEPI1g,CNN_TURK_5N1K,,,2,cuneyt_ozdemir,
https://www.youtube.com/watch?v=Jy7kbawo9Qs,CNN_TURK_5N1K,,,2,cuneyt_ozdemir,
https://www.youtube.com/watch?v=N-2pqhKKdSw,CNN_TURK_5N1K,,,2,cuneyt_ozdemir,
https://www.youtube.com/watch?v=_iQ5qBLSLT0,CNN_TURK_5N1K,,,2,cuneyt_ozdemir,
https://www.youtube.com/watch?v=8VREZ03yue4,CNN_TURK_5N1K,,,2,cuneyt_ozdemir,
https://www.youtube.com/watch?v=R2oE5L9HWq0,CNN_TURK_5N1K,,,2,cuneyt_ozdemir,
https://www.youtube.com/watch?v=g-aMUGNEKMM,CNN_TURK_5N1K,,,2,cuneyt_ozdemir,
https://www.youtube.com/watch?v=tfdV6t5AfoQ,CNN_TURK_5N1K,,,2,cuneyt_ozdemir,
https://www.youtube.com/watch?v=2cdl_rUk-hw,CNN_TURK_5N1K,,,2,cuneyt_ozdemir,
https://www.youtube.com/watch?v=VyBHlUMgGSg,CNN_TURK_5N1K,,,2,cuneyt_ozdemir,
https://www.youtube.com/watch?v=yHbnvlM2zCU,CNN_TURK_5N1K,,,2,cuneyt_ozdemir,
https://www.youtube.com/watch?v=pVev9tBL5Jk,CNN_TURK_5N1K,,,2,cuneyt_ozdemir,
https://www.youtube.com/watch?v=QL4RyM_Oba0,CNN_TURK_5N1K,,,2,cuneyt_ozdemir,
https://www.youtube.com/watch?v=FCSyBDlQQs8,CNN_TURK_5N1K,,,2,cuneyt_ozdemir,
https://www.youtube.com/watch?v=Dsjqe3A96cc,CNN_TURK_5N1K,,,2,cuneyt_ozdemir,
https://www.youtube.com/watch?v=-qC_XAhSU3M,CNN_TURK_5N1K,,,2,cuneyt_ozdemir,
https://www.youtube.com/watch?v=WlnQdwZIpu0,CNN_TURK_5N1K,,,2,cuneyt_ozdemir,
https://www.youtube.com/watch?v=ZtL-dN_R-6M,CNN_TURK_5N1K,,,2,cuneyt_ozdemir,
https://www.youtube.com/watch?v=JtgeJAjfWXg,CNN_TURK_5N1K,,,2,cuneyt_ozdemir,
https://www.youtube.com/watch?v=Y6o0UgZKsZw,CNN_TURK_5N1K,,,2,cuneyt_ozdemir,
https://www.youtube.com/watch?v=ZNcqT3I_QHE,CNN_TURK_5N1K,,,2,cuneyt_ozdemir,
https://www.youtube.com/watch?v=DRHn12GTL6o,CNN_TURK_5N1K,,,2,cuneyt_ozdemir,
https://www.youtube.com/watch?v=cthvOck8ZFo,CNN_TURK_5N1K,,,2,cuneyt_ozdemir,
https://www.youtube.com/watch?v=PJB_6ImT8Po,CNN_TURK_5N1K,,,2,cuneyt_ozdemir,
https://www.youtube.com/watch?v=volC_08W_Ls,CNN_TURK_5N1K,,,2,cuneyt_ozdemir,
https://www.youtube.com/watch?v=BmOAgEwnKmQ,CNN_TURK_5N1K,,,2,cuneyt_ozdemir,
https://www.youtube.com/watch?v=To8i0jx_OZI,CNN_TURK_5N1K,,,2,cuneyt_ozdemir,
https://www.youtube.com/watch?v=hgsQbp4aHUQ,CNN_TURK_5N1K,,,2,cuneyt_ozdemir,
https://www.youtube.com/watch?v=MsR1GXz4f_I,CNN_TURK_5N1K,,,2,cuneyt_ozdemir,
https://www.youtube.com/watch?v=qTimCZL2SPU,CNN_TURK_5N1K,,,2,cuneyt_ozdemir,
https://www.youtube.com/watch?v=ut2jNMjU_yo,CNN_TURK_5N1K,,,2,cuneyt_ozdemir,
https://www.youtube.com/watch?v=kyYORMgsOT0,CNN_TURK_5N1K,,,2,cuneyt_ozdemir,
https://www.youtube.com/watch?v=BRrVMPvmORE,CNN_TURK_5N1K,,,2,cuneyt_ozdemir,
https://www.youtube.com/watch?v=Fh7dEcNHtBc,CNN_TURK_5N1K,,,2,cuneyt_ozdemir,
https://www.youtube.com/watch?v=PKO9q_OPjus,CNN_TURK_5N1K,,,2,cuneyt_ozdemir,
https://www.youtube.com/watch?v=AT8-LCXwTi8,CNN_TURK_5N1K,,,2,cuneyt_ozdemir,
https://www.youtube.com/watch?v=zzPJSqMTr3s,CNN_TURK_5N1K,,,2,cuneyt_ozdemir,
https://www.youtube.com/watch?v=-jfYAKNi80k,CNN_TURK_5N1K,,,2,cuneyt_ozdemir,
https://www.youtube.com/watch?v=z4ls37jXdm4,CNN_TURK_5N1K,,,2,cuneyt_ozdemir,
https://www.youtube.com/watch?v=JkoKeRcmSVY,CNN_TURK_5N1K,,,2,cuneyt_ozdemir,
https://www.youtube.com/watch?v=3dkml7zB-R4,CNN_TURK_5N1K,,,2,cuneyt_ozdemir,
https://www.youtube.com/watch?v=W2tzsspBRP0,CNN_TURK_5N1K,,,2,cuneyt_ozdemir,
https://www.youtube.com/watch?v=DVjlMryTlj0,CNN_TURK_5N1K,,,2,cuneyt_ozdemir,
https://www.youtube.com/watch?v=-hpCqP3UVAY,CNN_TURK_5N1K,,,2,cuneyt_ozdemir,
https://www.youtube.com/watch?v=y2lzyjDf_Mc,CNN_TURK_5N1K,,,2,cuneyt_ozdemir,
https://www.youtube.com/watch?v=WgIiXjuFNnU,CNN_TURK_5N1K,,,2,cuneyt_ozdemir,
https://www.youtube.com/watch?v=8udDnNgIkVw,CNN_TURK_5N1K,,,2,cuneyt_ozdemir,
https://www.youtube.com/watch?v=qeaCfeSc5eE,CNN_TURK_5N1K,,,2,cuneyt_ozdemir,
https://www.youtube.com/watch?v=GZM5DmS7Y7c,CNN_TURK_5N1K,,,2,cuneyt_ozdemir,
https://www.youtube.com/watch?v=Efxm9CrlO1s,CNN_TURK_5N1K,,,2,cuneyt_ozdemir,
https://www.youtube.com/watch?v=ypSmpV7WhG8,CNN_TURK_5N1K,,,2,cuneyt_ozdemir,
https://www.youtube.com/watch?v=BMoyyIE7H9I,CNN_TURK_5N1K,,,2,cuneyt_ozdemir,
https://www.youtube.com/watch?v=CW3vu0Y6Irk,CNN_TURK_5N1K,,,2,cuneyt_ozdemir,
https://www.youtube.com/watch?v=ZA7-S7tKLok,CNN_TURK_5N1K,,,2,cuneyt_ozdemir,
https://www.youtube.com/watch?v=NCVv0APURhg,CNN_TURK_5N1K,,,2,cuneyt_ozdemir,
