url,channel,start,end,pipeline,reporter,completed
https://www.youtube.com/watch?v=bMcQIbJeFc4,A Haber,,,2,can_okanar,
https://www.youtube.com/watch?v=8mWUgIuzNOM,Deniz Zeyrek,,,2,deniz_zeyrek,
https://www.youtube.com/watch?v=Tkwuu_Un_sE,Halk TV,,,2,ece_uner,
https://www.youtube.com/watch?v=QaNs0yK-mqc,Enver Aysever,,,2,enver_aysever,
https://www.youtube.com/watch?v=5OhqwYlvJcY,Ersan Şen,,,2,ersan_sen,
https://www.youtube.com/watch?v=gAplQG9sBro,Fatih Altaylı,,,2,fatih_altayli,
https://www.youtube.com/watch?v=xSepfrU58uE,Fatih Portakal TV,,,2,fatih_portakal,
https://www.youtube.com/watch?v=MyskyM1C-kk,Hadi Özışık,,,2,hadi_ozisik,
https://www.youtube.com/watch?v=smhUE8Nozns,Sözcü TV,,,2,ismail_kucukkaya,
https://www.youtube.com/watch?v=mjY7badj6_o,Levent Gültekin,,,2,levent_gultekin,
https://www.youtube.com/watch?v=NfTRnlNv7CE,Nagehan Alçı,,,2,nagehan_alci,
https://www.youtube.com/watch?v=3HkSoPlmyxI,Osman Gökçek,,,2,osman_gokcek,
https://www.youtube.com/watch?v=kKQLanNuZHQ,Özlem Gürses,,,2,ozlem_gurses,
https://www.youtube.com/watch?v=vAj3_pwxMXU,Medyascope,,,2,rusen_cakir,
https://www.youtube.com/watch?v=4wI_vZpYyMc,Sabahattin Önkibar,,,2,sabahattin_onkibar,
https://www.youtube.com/watch?v=O4UHzBDwnj4,Sinan Burhan,,,2,sinan_burhan,
https://www.youtube.com/watch?v=Ar1BMNhVYoU,Turgay Güler,,,2,turgay_guler,
https://www.youtube.com/watch?v=hPAQz8AyWLk,Yılmaz Özdil,,,2,yilmaz_ozdil,
https://www.youtube.com/watch?v=wkchbtgqdhY,Sinan Burhan,,,2,sinan_burhan,
https://www.youtube.com/watch?v=KyJxXm_Qz2E,Hadi Özışık,,,2,hadi_ozisik,
https://www.youtube.com/watch?v=cjGnu2EsYvk,Osman Gökçek,,,2,osman_gokcek,
https://www.youtube.com/watch?v=VTBXiCsErGE,Enver Aysever,,,2,enver_aysever,
https://www.youtube.com/watch?v=Grm6FSTcMxI,Sinan Burhan,,,2,sinan_burhan,
https://www.youtube.com/watch?v=RAqsb23vDWA,Osman Gökçek,,,2,osman_gokcek,
https://www.youtube.com/watch?v=J_1yFC_kbSs,Halk TV,,,2,ece_uner,
https://www.youtube.com/watch?v=iY_iliviLkI,Turgay Güler,,,2,turgay_guler,
https://www.youtube.com/watch?v=F8982zDOeHM,Sinan Burhan,,,2,sinan_burhan,
https://www.youtube.com/watch?v=HEKDoQywM08,Ersan Şen,,,2,ersan_sen,
https://www.youtube.com/watch?v=v1ceSp0DfU0,A Haber,,,2,can_okanar,
https://www.youtube.com/watch?v=Gmu2-VPjFao,Hadi Özışık,,,2,hadi_ozisik,
https://www.youtube.com/watch?v=err46BDGqyI,Sinan Burhan,,,2,sinan_burhan,
https://www.youtube.com/watch?v=z7wFMoLJ4vE,Osman Gökçek,,,2,osman_gokcek,
https://www.youtube.com/watch?v=hJfzQLBSv6M,Fatih Portakal TV,,,2,fatih_portakal,
https://www.youtube.com/watch?v=n4zfD5xvkJE,Sabahattin Önkibar,,,2,sabahattin_onkibar,
https://www.youtube.com/watch?v=VMAFgwF1kQ4,Turgay Güler,,,2,turgay_guler,
https://www.youtube.com/watch?v=49EHELg6G44,Osman Gökçek,,,2,osman_gokcek,
https://www.youtube.com/watch?v=l42KAmxS8nE,Halk TV,,,2,ece_uner,
https://www.youtube.com/watch?v=409tm4vLYP0,Hadi Özışık,,,2,hadi_ozisik,
https://www.youtube.com/watch?v=v9tUNDUrNoE,Medyascope,,,2,rusen_cakir,
https://www.youtube.com/watch?v=dW-v3YGbI30,Özlem Gürses,,,2,ozlem_gurses,
https://www.youtube.com/watch?v=yHj1A2wPA0Y,Osman Gökçek,,,2,osman_gokcek,
https://www.youtube.com/watch?v=r_Ysp5Ypz5I,Fatih Portakal TV,,,2,fatih_portakal,
https://www.youtube.com/watch?v=OZsxeV7l1o0,Enver Aysever,,,2,enver_aysever,
https://www.youtube.com/watch?v=3AyLNsdGHm4,A Haber,,,2,can_okanar,
https://www.youtube.com/watch?v=bWkWu9vyfqE,Sinan Burhan,,,2,sinan_burhan,
https://www.youtube.com/watch?v=jz1jO4YwP1E,Turgay Güler,,,2,turgay_guler,
https://www.youtube.com/watch?v=MvBTzqqrS3c,Halk TV,,,2,ece_uner,
https://www.youtube.com/watch?v=AdfKgEaiPyw,Enver Aysever,,,2,enver_aysever,
https://www.youtube.com/watch?v=9RAi8mYmd0U,Hadi Özışık,,,2,hadi_ozisik,
https://www.youtube.com/watch?v=AMLP-X6PD8Y,Nagehan Alçı,,,2,nagehan_alci,
https://www.youtube.com/watch?v=DSSIF3q4Omw,Sinan Burhan,,,2,sinan_burhan,
https://www.youtube.com/watch?v=tKxxEDqW0nI,Osman Gökçek,,,2,osman_gokcek,
https://www.youtube.com/watch?v=B8kKUsEYbFA,Sinan Burhan,,,2,sinan_burhan,
https://www.youtube.com/watch?v=o6CuM5p8S_8,Enver Aysever,,,2,enver_aysever,
https://www.youtube.com/watch?v=H3yIuRy84Rk,Sabahattin Önkibar,,,2,sabahattin_onkibar,
https://www.youtube.com/watch?v=cltVFndkRyc,Osman Gökçek,,,2,osman_gokcek,
https://www.youtube.com/watch?v=Pt0fEtT7MsE,Hadi Özışık,,,2,hadi_ozisik,
https://www.youtube.com/watch?v=jgrYSvE6jc4,Fatih Portakal TV,,,2,fatih_portakal,
https://www.youtube.com/watch?v=_w2rM2Pp5TQ,Halk TV,,,2,ismail_kucukkaya,
https://www.youtube.com/watch?v=aKSc2er7opE,Sinan Burhan,,,2,sinan_burhan,
https://www.youtube.com/watch?v=2Q5EOrBhKwI,Halk TV,,,2,ece_uner,
https://www.youtube.com/watch?v=txbNLIZEj_M,Enver Aysever,,,2,enver_aysever,
https://www.youtube.com/watch?v=MtDARYBxL-Y,Turgay Güler,,,2,turgay_guler,
https://www.youtube.com/watch?v=U5vGNl6wySw,Medyascope,,,2,rusen_cakir,
https://www.youtube.com/watch?v=vfyTgu-Vzu0,Deniz Zeyrek,,,2,deniz_zeyrek,
https://www.youtube.com/watch?v=hXaRqKdzqvE,Hadi Özışık,,,2,hadi_ozisik,
https://www.youtube.com/watch?v=R38q7Iky_4k,A Haber,,,2,can_okanar,
https://www.youtube.com/watch?v=zQXKxGvRGdk,Levent Gültekin,,,2,levent_gultekin,
https://www.youtube.com/watch?v=xjzPmj98014,Fatih Portakal TV,,,2,fatih_portakal,
https://www.youtube.com/watch?v=vtd-cI2JI8U,Osman Gökçek,,,2,osman_gokcek,
https://www.youtube.com/watch?v=gQUeJ04Vp6Y,Enver Aysever,,,2,enver_aysever,
https://www.youtube.com/watch?v=BKF4lhurIEs,Yılmaz Özdil,,,2,yilmaz_ozdil,
https://www.youtube.com/watch?v=bZc7V22FglQ,Sinan Burhan,,,2,sinan_burhan,
https://www.youtube.com/watch?v=ysmXZ7N5gJk,Özlem Gürses,,,2,ozlem_gurses,
https://www.youtube.com/watch?v=PJTxagUpZg0,Halk TV,,,2,ece_uner,
https://www.youtube.com/watch?v=uDlzfUmVjUM,Sinan Burhan,,,2,sinan_burhan,
https://www.youtube.com/watch?v=Sl2Gbb3vJfw,Fatih Altaylı,,,2,fatih_altayli,
https://www.youtube.com/watch?v=e8-thcvdoS4,Turgay Güler,,,2,turgay_guler,
https://www.youtube.com/watch?v=Jzi73WQyQvg,Ersan Şen,,,2,ersan_sen,
https://www.youtube.com/watch?v=69Wl_rpLmn8,Sabahattin Önkibar,,,2,sabahattin_onkibar,
https://www.youtube.com/watch?v=M7JGSvWdepg,Hadi Özışık,,,2,hadi_ozisik,
https://www.youtube.com/watch?v=1KIIOhl9cvQ,Osman Gökçek,,,2,osman_gokcek,
https://www.youtube.com/watch?v=PlZthDAXH44,A Haber,,,2,can_okanar,
https://www.youtube.com/watch?v=bbUHdbms4kw,Halk TV,,,2,ece_uner,
https://www.youtube.com/watch?v=NLCXUOxJEPE,Enver Aysever,,,2,enver_aysever,
https://www.youtube.com/watch?v=MwkJWZDQ9wQ,Turgay Güler,,,2,turgay_guler,
https://www.youtube.com/watch?v=C34jEWaMM4A,Sinan Burhan,,,2,sinan_burhan,
https://www.youtube.com/watch?v=Wmos901Ipls,Medyascope,,,2,rusen_cakir,
https://www.youtube.com/watch?v=xuCPWDNu8As,Osman Gökçek,,,2,osman_gokcek,
https://www.youtube.com/watch?v=qHZ-YRXmeNk,Ersan Şen,,,2,ersan_sen,
https://www.youtube.com/watch?v=OgTgLP02sKQ,Fatih Portakal TV,,,2,fatih_portakal,
https://www.youtube.com/watch?v=C-BIpFJHsy0,A Haber,,,2,can_okanar,
https://www.youtube.com/watch?v=SJSJ5-g8M0Y,Nagehan Alçı,,,2,nagehan_alci,
https://www.youtube.com/watch?v=UMSNbZyH2n0,Osman Gökçek,,,2,osman_gokcek,
https://www.youtube.com/watch?v=ihO6TKDeE4A,Turgay Güler,,,2,turgay_guler,
https://www.youtube.com/watch?v=CIlZQEElvck,Halk TV,,,2,ece_uner,
https://www.youtube.com/watch?v=zfdMXY_dUJM,Sinan Burhan,,,2,sinan_burhan,
https://www.youtube.com/watch?v=MZkOU82w2HI,Fatih Portakal TV,,,2,fatih_portakal,
https://www.youtube.com/watch?v=kBJpb0KMTyU,Hadi Özışık,,,2,hadi_ozisik,
https://www.youtube.com/watch?v=4KxpXU3xLtM,Özlem Gürses,,,2,ozlem_gurses,
https://www.youtube.com/watch?v=gX7wHGBs1bs,Sabahattin Önkibar,,,2,sabahattin_onkibar,
https://www.youtube.com/watch?v=9_C3g6obKHA,Sinan Burhan,,,2,sinan_burhan,
https://www.youtube.com/watch?v=045dGivOp_s,Osman Gökçek,,,2,osman_gokcek,
https://www.youtube.com/watch?v=Ix2yNJkjYw4,Sözcü TV,,,2,ismail_kucukkaya,
https://www.youtube.com/watch?v=eI_loZf0vC8,Turgay Güler,,,2,turgay_guler,
https://www.youtube.com/watch?v=ZACr7Du_P_o,Hadi Özışık,,,2,hadi_ozisik,
https://www.youtube.com/watch?v=v1EYQp9hAsU,Nagehan Alçı,,,2,nagehan_alci,
https://www.youtube.com/watch?v=k2Qn3ksblOE,Deniz Zeyrek,,,2,deniz_zeyrek,
https://www.youtube.com/watch?v=g9W7t5CXbH4,Enver Aysever,,,2,enver_aysever,
https://www.youtube.com/watch?v=vm2kHUW2OUk,Osman Gökçek,,,2,osman_gokcek,
https://www.youtube.com/watch?v=cmO4885BjkA,Medyascope,,,2,rusen_cakir,
https://www.youtube.com/watch?v=vKPhPh1C3sk,Özlem Gürses,,,2,ozlem_gurses,
https://www.youtube.com/watch?v=0fhqaptinhk,Halk TV,,,2,ece_uner,
https://www.youtube.com/watch?v=bJuR18GnEb0,A Haber,,,2,can_okanar,
https://www.youtube.com/watch?v=NucKqatry4Q,Turgay Güler,,,2,turgay_guler,
https://www.youtube.com/watch?v=QHi-SOMfnzk,Enver Aysever,,,2,enver_aysever,
https://www.youtube.com/watch?v=yz1sGj1vUxQ,Hadi Özışık,,,2,hadi_ozisik,
https://www.youtube.com/watch?v=5TBxyXI5zGo,Osman Gökçek,,,2,osman_gokcek,
https://www.youtube.com/watch?v=j-Pt_2v4A1Y,Sinan Burhan,,,2,sinan_burhan,
https://www.youtube.com/watch?v=r2ryb4XYG_U,Levent Gültekin,,,2,levent_gultekin,
https://www.youtube.com/watch?v=lCXdL9Pxvzc,Sabahattin Önkibar,,,2,sabahattin_onkibar,
https://www.youtube.com/watch?v=RYpTK90cqv8,Enver Aysever,,,2,enver_aysever,
https://www.youtube.com/watch?v=hrlynl1X1fY,Yılmaz Özdil,,,2,yilmaz_ozdil,
https://www.youtube.com/watch?v=wlVp5DbBWyI,Halk TV,,,2,ece_uner,
https://www.youtube.com/watch?v=OjLNwN1_JPM,Nagehan Alçı,,,2,nagehan_alci,
https://www.youtube.com/watch?v=6rJMs-R3aYk,Osman Gökçek,,,2,osman_gokcek,
https://www.youtube.com/watch?v=akZuMQM1JlA,Turgay Güler,,,2,turgay_guler,
https://www.youtube.com/watch?v=WeU4OMJ1g_M,Ersan Şen,,,2,ersan_sen,
https://www.youtube.com/watch?v=YY-a7EXYf6A,Hadi Özışık,,,2,hadi_ozisik,
https://www.youtube.com/watch?v=0pnnByB_OGI,Enver Aysever,,,2,enver_aysever,
https://www.youtube.com/watch?v=v0gciPi6ryI,Osman Gökçek,,,2,osman_gokcek,
https://www.youtube.com/watch?v=3sjrYGMVc84,Fatih Portakal TV,,,2,fatih_portakal,
https://www.youtube.com/watch?v=2iCYvQXjVJI,Hadi Özışık,,,2,hadi_ozisik,
https://www.youtube.com/watch?v=CH7XRKm4Khc,Medyascope,,,2,rusen_cakir,
https://www.youtube.com/watch?v=yxr_i5Fz3v8,Turgay Güler,,,2,turgay_guler,
https://www.youtube.com/watch?v=OgnO6pSlgEM,Halk TV,,,2,ece_uner,
https://www.youtube.com/watch?v=QdAt6TkVN3Q,Sinan Burhan,,,2,sinan_burhan,
https://www.youtube.com/watch?v=UI_OuL3zm1g,Osman Gökçek,,,2,osman_gokcek,
https://www.youtube.com/watch?v=jqbX0xw90fQ,A Haber,,,2,can_okanar,
https://www.youtube.com/watch?v=nugpnPs8pIQ,Enver Aysever,,,2,enver_aysever,
https://www.youtube.com/watch?v=Km6qBovsSEs,Özlem Gürses,,,2,ozlem_gurses,
https://www.youtube.com/watch?v=bBlZVglZ1Hw,Fatih Portakal TV,,,2,fatih_portakal,
https://www.youtube.com/watch?v=eDmHQxtOcdM,Sabahattin Önkibar,,,2,sabahattin_onkibar,
https://www.youtube.com/watch?v=Au8Fw_bm0xk,Hadi Özışık,,,2,hadi_ozisik,
https://www.youtube.com/watch?v=h-qt1K8xR9U,Fatih Altaylı,,,2,fatih_altayli,
https://www.youtube.com/watch?v=U_-Fd6njcDE,Enver Aysever,,,2,enver_aysever,
https://www.youtube.com/watch?v=C14fxv5TYBY,Halk TV,,,2,ece_uner,
https://www.youtube.com/watch?v=c3gljdgyH7U,Turgay Güler,,,2,turgay_guler,
https://www.youtube.com/watch?v=IlJVvkgmdjk,Ersan Şen,,,2,ersan_sen,
https://www.youtube.com/watch?v=SkN4IXfzBLM,Sinan Burhan,,,2,sinan_burhan,
https://www.youtube.com/watch?v=GeeHviA1c6c,Sözcü TV,,,2,ismail_kucukkaya,
https://www.youtube.com/watch?v=izX37uoPYTk,Osman Gökçek,,,2,osman_gokcek,
https://www.youtube.com/watch?v=xmnegTwtfHE,Özlem Gürses,,,2,ozlem_gurses,
https://www.youtube.com/watch?v=1jvdqWri0YQ,Sinan Burhan,,,2,sinan_burhan,
https://www.youtube.com/watch?v=N4FaecPfplI,Fatih Portakal TV,,,2,fatih_portakal,
https://www.youtube.com/watch?v=WXD43S3SKB8,Hadi Özışık,,,2,hadi_ozisik,
https://www.youtube.com/watch?v=09w3Akc9aGc,Enver Aysever,,,2,enver_aysever,
https://www.youtube.com/watch?v=G7_W3pgsnyk,Sinan Burhan,,,2,sinan_burhan,
https://www.youtube.com/watch?v=ozL4UFMGRWg,Osman Gökçek,,,2,osman_gokcek,
https://www.youtube.com/watch?v=ygYeMGD38Zc,Turgay Güler,,,2,turgay_guler,
https://www.youtube.com/watch?v=td-qGjUSiLU,Osman Gökçek,,,2,osman_gokcek,
https://www.youtube.com/watch?v=fYYO6cXYXr0,Halk TV,,,2,ece_uner,
https://www.youtube.com/watch?v=ZcLnF5wK-6Q,Fatih Portakal TV,,,2,fatih_portakal,
https://www.youtube.com/watch?v=8wiO8u9h0Jw,A Haber,,,2,can_okanar,
https://www.youtube.com/watch?v=G86xxPP4MjM,Medyascope,,,2,rusen_cakir,
https://www.youtube.com/watch?v=d3JeuvhxMy8,Nagehan Alçı,,,2,nagehan_alci,
https://www.youtube.com/watch?v=jqbMZvXn5wE,Osman Gökçek,,,2,osman_gokcek,
https://www.youtube.com/watch?v=9vugjwQOLbc,Deniz Zeyrek,,,2,deniz_zeyrek,
https://www.youtube.com/watch?v=m9FaX6tDp6Y,Sabahattin Önkibar,,,2,sabahattin_onkibar,
https://www.youtube.com/watch?v=7ejmH2fnGyE,Ersan Şen,,,2,ersan_sen,
https://www.youtube.com/watch?v=me9OIF6-yWk,Hadi Özışık,,,2,hadi_ozisik,
https://www.youtube.com/watch?v=iuQqS0Ydims,Fatih Portakal TV,,,2,fatih_portakal,
https://www.youtube.com/watch?v=jOWcujNq5VI,Osman Gökçek,,,2,osman_gokcek,
https://www.youtube.com/watch?v=_UFsQe47K1M,Enver Aysever,,,2,enver_aysever,
https://www.youtube.com/watch?v=iPwJPjbpdj0,Halk TV,,,2,ece_uner,
https://www.youtube.com/watch?v=ymfU2tPVstU,Osman Gökçek,,,2,osman_gokcek,
https://www.youtube.com/watch?v=P1Fobn-63QA,Yılmaz Özdil,,,2,yilmaz_ozdil,
https://www.youtube.com/watch?v=zBB3RSdTZ7M,Turgay Güler,,,2,turgay_guler,
https://www.youtube.com/watch?v=lxeyv_09Oyg,Özlem Gürses,,,2,ozlem_gurses,
https://www.youtube.com/watch?v=tDr-E0EY2xg,Hadi Özışık,,,2,hadi_ozisik,
https://www.youtube.com/watch?v=noBjEIb9DOE,Fatih Portakal TV,,,2,fatih_portakal,
https://www.youtube.com/watch?v=o-ob0i5vXv4,Turgay Güler,,,2,turgay_guler,
https://www.youtube.com/watch?v=P5WeuW4OW-s,A Haber,,,2,can_okanar,
https://www.youtube.com/watch?v=QKN8IoF2rBQ,Levent Gültekin,,,2,levent_gultekin,
https://www.youtube.com/watch?v=g9fYB6bW62c,Osman Gökçek,,,2,osman_gokcek,
https://www.youtube.com/watch?v=Pw079R0SIPw,Enver Aysever,,,2,enver_aysever,
https://www.youtube.com/watch?v=qI8MBJTLtd4,Halk TV,,,2,ece_uner,
https://www.youtube.com/watch?v=kNEf6lG-yls,Medyascope,,,2,rusen_cakir,
https://www.youtube.com/watch?v=aNxEIi_zi2w,Osman Gökçek,,,2,osman_gokcek,
https://www.youtube.com/watch?v=l8ZSXxKGgDc,Sabahattin Önkibar,,,2,sabahattin_onkibar,
https://www.youtube.com/watch?v=lM88Uh4wgEY,Enver Aysever,,,2,enver_aysever,
https://www.youtube.com/watch?v=hpsSJsrpe6w,Osman Gökçek,,,2,osman_gokcek,
https://www.youtube.com/watch?v=RPzUpH2_3Sk,Fatih Portakal TV,,,2,fatih_portakal,
https://www.youtube.com/watch?v=fPmSXyvq0xI,Turgay Güler,,,2,turgay_guler,
https://www.youtube.com/watch?v=2cLSQVxsX5U,Enver Aysever,,,2,enver_aysever,
https://www.youtube.com/watch?v=VcSo-4Nq8VQ,Özlem Gürses,,,2,ozlem_gurses,
https://www.youtube.com/watch?v=NKjQzNT1a60,Halk TV,,,2,ece_uner,
https://www.youtube.com/watch?v=VUutNyVRlEw,Ersan Şen,,,2,ersan_sen,
https://www.youtube.com/watch?v=oxzfg4_yGCc,A Haber,,,2,can_okanar,
https://www.youtube.com/watch?v=ekuH5AbZrvE,Fatih Portakal TV,,,2,fatih_portakal,
https://www.youtube.com/watch?v=XW4YpxH5Fks,Halk TV,,,2,ismail_kucukkaya,
https://www.youtube.com/watch?v=LWA1iLZdEyU,Hadi Özışık,,,2,hadi_ozisik,
https://www.youtube.com/watch?v=pzXWvQZnLyc,Nagehan Alçı,,,2,nagehan_alci,
https://www.youtube.com/watch?v=k-mOaxAx5Fc,Osman Gökçek,,,2,osman_gokcek,
https://www.youtube.com/watch?v=KFn7ACLC1NE,Enver Aysever,,,2,enver_aysever,
https://www.youtube.com/watch?v=Nje_Bc0ZQck,Turgay Güler,,,2,turgay_guler,
https://www.youtube.com/watch?v=mh8x3R4pVvQ,Osman Gökçek,,,2,osman_gokcek,
https://www.youtube.com/watch?v=HsjzbPZXsks,Medyascope,,,2,rusen_cakir,
https://www.youtube.com/watch?v=OPp-6uU7RgM,Fatih Portakal TV,,,2,fatih_portakal,
https://www.youtube.com/watch?v=k5nPNtqOVpE,Enver Aysever,,,2,enver_aysever,
https://www.youtube.com/watch?v=9GEO6Qgg8c0,Halk TV,,,2,ece_uner,
https://www.youtube.com/watch?v=qlWU30lguaA,Sabahattin Önkibar,,,2,sabahattin_onkibar,
https://www.youtube.com/watch?v=TnatY-bL4ao,Ersan Şen,,,2,ersan_sen,
https://www.youtube.com/watch?v=PltRm-nvfiU,Osman Gökçek,,,2,osman_gokcek,
https://www.youtube.com/watch?v=n4LI7c451So,Turgay Güler,,,2,turgay_guler,
https://www.youtube.com/watch?v=g0jS7mBk6e8,Deniz Zeyrek,,,2,deniz_zeyrek,
https://www.youtube.com/watch?v=rBv5WOZ1jeM,Hadi Özışık,,,2,hadi_ozisik,
https://www.youtube.com/watch?v=K2KVT-sTxb4,Enver Aysever,,,2,enver_aysever,
https://www.youtube.com/watch?v=nNLu06ntteY,A Haber,,,2,can_okanar,
https://www.youtube.com/watch?v=B5jHQa_rRUI,Osman Gökçek,,,2,osman_gokcek,
https://www.youtube.com/watch?v=BS8i8Vhsncg,Halk TV,,,2,ece_uner,
https://www.youtube.com/watch?v=ZWwlga-BjxE,Ersan Şen,,,2,ersan_sen,
https://www.youtube.com/watch?v=4RVgayTgOEA,Turgay Güler,,,2,turgay_guler,
https://www.youtube.com/watch?v=9vCdsVurbQQ,Medyascope,,,2,rusen_cakir,
https://www.youtube.com/watch?v=OmRUcDXTnc8,Fatih Portakal TV,,,2,fatih_portakal,
https://www.youtube.com/watch?v=jcQsGGRzZok,Fatih Altaylı,,,2,fatih_altayli,
https://www.youtube.com/watch?v=085ikgazVCg,Özlem Gürses,,,2,ozlem_gurses,
https://www.youtube.com/watch?v=scZS1a00PEA,Enver Aysever,,,2,enver_aysever,
https://www.youtube.com/watch?v=CjtfOgMpVcw,Yılmaz Özdil,,,2,yilmaz_ozdil,
https://www.youtube.com/watch?v=k570Ade9lZk,Osman Gökçek,,,2,osman_gokcek,
https://www.youtube.com/watch?v=haJGGr3Kpgs,Sabahattin Önkibar,,,2,sabahattin_onkibar,
https://www.youtube.com/watch?v=tyyySLmdaW8,Halk TV,,,2,ece_uner,
https://www.youtube.com/watch?v=Rgu3yge4mSc,Hadi Özışık,,,2,hadi_ozisik,
https://www.youtube.com/watch?v=91zIxNCBrlo,Enver Aysever,,,2,enver_aysever,
https://www.youtube.com/watch?v=GyjtQ5io3WE,Turgay Güler,,,2,turgay_guler,
https://www.youtube.com/watch?v=wk0gwhL3XBc,A Haber,,,2,can_okanar,
https://www.youtube.com/watch?v=sNq9LhMAOPQ,Levent Gültekin,,,2,levent_gultekin,
https://www.youtube.com/watch?v=b9biDie0N3Q,Osman Gökçek,,,2,osman_gokcek,
https://www.youtube.com/watch?v=kzdFZUB1eHg,Hadi Özışık,,,2,hadi_ozisik,
https://www.youtube.com/watch?v=RMoiz-8NI58,Ersan Şen,,,2,ersan_sen,
https://www.youtube.com/watch?v=3W6ZdTcRiY0,Enver Aysever,,,2,enver_aysever,
https://www.youtube.com/watch?v=sBr8AeJe6D0,Nagehan Alçı,,,2,nagehan_alci,
https://www.youtube.com/watch?v=5nKycdGRhcM,Özlem Gürses,,,2,ozlem_gurses,
https://www.youtube.com/watch?v=CeNc_eKQtnw,Sözcü TV,,,2,ismail_kucukkaya,
https://www.youtube.com/watch?v=kMKkUc272yQ,Halk TV,,,2,ece_uner,
https://www.youtube.com/watch?v=MSlf8R26sV4,Fatih Portakal TV,,,2,fatih_portakal,
https://www.youtube.com/watch?v=DzpzXYOdv1g,Turgay Güler,,,2,turgay_guler,
https://www.youtube.com/watch?v=XlZs-OnpyEI,Medyascope,,,2,rusen_cakir,
https://www.youtube.com/watch?v=N6M3EbHA6oQ,Enver Aysever,,,2,enver_aysever,
https://www.youtube.com/watch?v=nECZF54eqdQ,Osman Gökçek,,,2,osman_gokcek,
https://www.youtube.com/watch?v=SJR8bfsYkLU,Ersan Şen,,,2,ersan_sen,
https://www.youtube.com/watch?v=sG8fFSbDMF4,Fatih Portakal TV,,,2,fatih_portakal,
https://www.youtube.com/watch?v=T9TJ9FQ_xlU,Sabahattin Önkibar,,,2,sabahattin_onkibar,
https://www.youtube.com/watch?v=cgbpfHZ3CLI,Enver Aysever,,,2,enver_aysever,
https://www.youtube.com/watch?v=K6UvrKfDNQU,Hadi Özışık,,,2,hadi_ozisik,
https://www.youtube.com/watch?v=MiC5_bY24rg,Turgay Güler,,,2,turgay_guler,
https://www.youtube.com/watch?v=koUCCy0h1xg,A Haber,,,2,can_okanar,
https://www.youtube.com/watch?v=akGI3d4gCas,Ersan Şen,,,2,ersan_sen,
https://www.youtube.com/watch?v=kiXZLM15_jQ,Halk TV,,,2,ece_uner,
https://www.youtube.com/watch?v=gUAoUEqa0wQ,Enver Aysever,,,2,enver_aysever,
https://www.youtube.com/watch?v=blAaNzbGIjw,Osman Gökçek,,,2,osman_gokcek,
https://www.youtube.com/watch?v=EXJ-Th4wfGs,Hadi Özışık,,,2,hadi_ozisik,
https://www.youtube.com/watch?v=3R5gwGy8gG0,Ersan Şen,,,2,ersan_sen,
https://www.youtube.com/watch?v=5q_ApuN_FJs,Osman Gökçek,,,2,osman_gokcek,
https://www.youtube.com/watch?v=8cUdVjENpN0,Özlem Gürses,,,2,ozlem_gurses,
https://www.youtube.com/watch?v=ohXX07V6-lc,Medyascope,,,2,rusen_cakir,
https://www.youtube.com/watch?v=5x2NipSz9ew,Nagehan Alçı,,,2,nagehan_alci,
https://www.youtube.com/watch?v=dbhwaQYhCzQ,Turgay Güler,,,2,turgay_guler,
https://www.youtube.com/watch?v=0C9t_V49cFo,Deniz Zeyrek,,,2,deniz_zeyrek,
https://www.youtube.com/watch?v=jQ1aC_k43WI,Hadi Özışık,,,2,hadi_ozisik,
https://www.youtube.com/watch?v=w_rsIeZdDn0,Halk TV,,,2,ece_uner,
https://www.youtube.com/watch?v=DW8_eXxT7-4,Osman Gökçek,,,2,osman_gokcek,
https://www.youtube.com/watch?v=c5zoibe5VKo,Fatih Portakal TV,,,2,fatih_portakal,
https://www.youtube.com/watch?v=K2siWEAJAlU,Enver Aysever,,,2,enver_aysever,
https://www.youtube.com/watch?v=n5w74H5ABZ0,Osman Gökçek,,,2,osman_gokcek,
https://www.youtube.com/watch?v=61C_8nZoUm4,A Haber,,,2,can_okanar,
https://www.youtube.com/watch?v=HcOqpHAbxTg,Sabahattin Önkibar,,,2,sabahattin_onkibar,
https://www.youtube.com/watch?v=LMBYqzB7Z6U,Hadi Özışık,,,2,hadi_ozisik,
https://www.youtube.com/watch?v=592J4OFVaW8,Turgay Güler,,,2,turgay_guler,
https://www.youtube.com/watch?v=yCmz4OeLa3I,Halk TV,,,2,ece_uner,
https://www.youtube.com/watch?v=kgFHPo6U6X8,Enver Aysever,,,2,enver_aysever,
https://www.youtube.com/watch?v=yikBeY2cEQg,Osman Gökçek,,,2,osman_gokcek,
https://www.youtube.com/watch?v=T5OG0HbKhvc,Özlem Gürses,,,2,ozlem_gurses,
https://www.youtube.com/watch?v=m57VqZUh6xs,Fatih Portakal TV,,,2,fatih_portakal,
https://www.youtube.com/watch?v=J6Ah3FPo3_k,Ersan Şen,,,2,ersan_sen,
https://www.youtube.com/watch?v=RpG5Ux0PwaM,Yılmaz Özdil,,,2,yilmaz_ozdil,
https://www.youtube.com/watch?v=Wy7nI0SC560,Osman Gökçek,,,2,osman_gokcek,
https://www.youtube.com/watch?v=yPu_Am-8nkQ,Turgay Güler,,,2,turgay_guler,
https://www.youtube.com/watch?v=serajiYqjmI,Fatih Altaylı,,,2,fatih_altayli,
https://www.youtube.com/watch?v=e3z7uv2gnMM,Hadi Özışık,,,2,hadi_ozisik,
https://www.youtube.com/watch?v=UjoNvTqSzVA,Halk TV,,,2,ismail_kucukkaya,
https://www.youtube.com/watch?v=4CnONBpfaKQ,Fatih Portakal TV,,,2,fatih_portakal,
https://www.youtube.com/watch?v=FbowiEW3gNE,Osman Gökçek,,,2,osman_gokcek,
https://www.youtube.com/watch?v=llZrxKO9NgY,Levent Gültekin,,,2,levent_gultekin,
https://www.youtube.com/watch?v=hAWN24euKdY,Halk TV,,,2,ece_uner,
https://www.youtube.com/watch?v=fn27Fc4iDuw,Medyascope,,,2,rusen_cakir,
https://www.youtube.com/watch?v=m0F9Dqx_LQg,Osman Gökçek,,,2,osman_gokcek,
https://www.youtube.com/watch?v=OyRz55cgg0U,A Haber,,,2,can_okanar,
https://www.youtube.com/watch?v=kj1bHmpiyrI,Özlem Gürses,,,2,ozlem_gurses,
https://www.youtube.com/watch?v=27xWlLF7hO8,Sabahattin Önkibar,,,2,sabahattin_onkibar,
https://www.youtube.com/watch?v=R4oMEqmwVJI,Ersan Şen,,,2,ersan_sen,
https://www.youtube.com/watch?v=w4yssHDrPoI,Osman Gökçek,,,2,osman_gokcek,
https://www.youtube.com/watch?v=JOnXSWdZ70Y,Fatih Portakal TV,,,2,fatih_portakal,
https://www.youtube.com/watch?v=D6nNolq9JY8,Osman Gökçek,,,2,osman_gokcek,
https://www.youtube.com/watch?v=31Q3eM3Z6eU,Enver Aysever,,,2,enver_aysever,
https://www.youtube.com/watch?v=wG7bToRC-9E,Turgay Güler,,,2,turgay_guler,
https://www.youtube.com/watch?v=gm1G4QkIzhc,Halk TV,,,2,ece_uner,
https://www.youtube.com/watch?v=5oFX6wXSdVk,Nagehan Alçı,,,2,nagehan_alci,
https://www.youtube.com/watch?v=W5W6lZQaWmM,Hadi Özışık,,,2,hadi_ozisik,
https://www.youtube.com/watch?v=cOQDRSzDKog,A Haber,,,2,can_okanar,
https://www.youtube.com/watch?v=y4VBNQso578,Osman Gökçek,,,2,osman_gokcek,
https://www.youtube.com/watch?v=mLKYZzunpcU,Fatih Portakal TV,,,2,fatih_portakal,
https://www.youtube.com/watch?v=zL-BzLV8JJE,Turgay Güler,,,2,turgay_guler,
https://www.youtube.com/watch?v=6A9j5dPu9ys,Halk TV,,,2,ece_uner,
https://www.youtube.com/watch?v=LnrZFqysf4k,Osman Gökçek,,,2,osman_gokcek,
https://www.youtube.com/watch?v=Ev0J4BJb06s,Medyascope,,,2,rusen_cakir,
https://www.youtube.com/watch?v=4YP8zF7lVfo,Enver Aysever,,,2,enver_aysever,
https://www.youtube.com/watch?v=zGIvD0hWVfE,Sabahattin Önkibar,,,2,sabahattin_onkibar,
https://www.youtube.com/watch?v=N7uWIKNjwnI,Osman Gökçek,,,2,osman_gokcek,
https://www.youtube.com/watch?v=U9iazcDFPeE,Hadi Özışık,,,2,hadi_ozisik,
https://www.youtube.com/watch?v=i4v75nBPFvU,Özlem Gürses,,,2,ozlem_gurses,
https://www.youtube.com/watch?v=OXv_jdHJun4,Deniz Zeyrek,,,2,deniz_zeyrek,
https://www.youtube.com/watch?v=upWdwnbHpgg,Osman Gökçek,,,2,osman_gokcek,
https://www.youtube.com/watch?v=i_e9_N06xSY,Turgay Güler,,,2,turgay_guler,
https://www.youtube.com/watch?v=a6GrQUqfDVs,Fatih Portakal TV,,,2,fatih_portakal,
https://www.youtube.com/watch?v=q3F95wpmBkY,Halk TV,,,2,ece_uner,
https://www.youtube.com/watch?v=X8sauLc7qf4,Ersan Şen,,,2,ersan_sen,
https://www.youtube.com/watch?v=dGMqQdnnrn0,Hadi Özışık,,,2,hadi_ozisik,
https://www.youtube.com/watch?v=WK7qFIBCeuw,A Haber,,,2,can_okanar,
https://www.youtube.com/watch?v=7-ErGoDs7pI,Osman Gökçek,,,2,osman_gokcek,
https://www.youtube.com/watch?v=ZJRgnExRGpE,Sözcü TV,,,2,ismail_kucukkaya,
https://www.youtube.com/watch?v=JWVJTBmvs18,Nagehan Alçı,,,2,nagehan_alci,
https://www.youtube.com/watch?v=nOVlhx2xKF0,Enver Aysever,,,2,enver_aysever,
https://www.youtube.com/watch?v=Yz5lYTmw0YI,Yılmaz Özdil,,,2,yilmaz_ozdil,
https://www.youtube.com/watch?v=tGg2xshROes,Hadi Özışık,,,2,hadi_ozisik,
https://www.youtube.com/watch?v=CZxnYMbo6bc,Osman Gökçek,,,2,osman_gokcek,
https://www.youtube.com/watch?v=uAD1e_yHshA,Turgay Güler,,,2,turgay_guler,
https://www.youtube.com/watch?v=5YXloOa1D8k,Halk TV,,,2,ece_uner,
https://www.youtube.com/watch?v=-tlX-r_BWjs,Osman Gökçek,,,2,osman_gokcek,
https://www.youtube.com/watch?v=kIMWdWYC0ZM,Sabahattin Önkibar,,,2,sabahattin_onkibar,
https://www.youtube.com/watch?v=3CDotPcG9oA,Hadi Özışık,,,2,hadi_ozisik,
https://www.youtube.com/watch?v=fU2wEjM7j9I,Levent Gültekin,,,2,levent_gultekin,
https://www.youtube.com/watch?v=pY_8-Q_oMtg,Enver Aysever,,,2,enver_aysever,
https://www.youtube.com/watch?v=axeArCB4ECE,Ersan Şen,,,2,ersan_sen,
https://www.youtube.com/watch?v=7gGPjo3vxt0,Medyascope,,,2,rusen_cakir,
https://www.youtube.com/watch?v=ASWHkqFfulk,Fatih Portakal TV,,,2,fatih_portakal,
https://www.youtube.com/watch?v=pKaeQaJeUg8,Enver Aysever,,,2,enver_aysever,
https://www.youtube.com/watch?v=AeAoVV7ZmPE,A Haber,,,2,can_okanar,
https://www.youtube.com/watch?v=Zxg4atq4Tjc,Özlem Gürses,,,2,ozlem_gurses,
https://www.youtube.com/watch?v=n0OtlX0UEaA,Hadi Özışık,,,2,hadi_ozisik,
https://www.youtube.com/watch?v=-9ilpoUth3A,Ersan Şen,,,2,ersan_sen,
https://www.youtube.com/watch?v=XhaRrBGwRuM,Halk TV,,,2,ece_uner,
https://www.youtube.com/watch?v=Fn3tgTjvnAI,Turgay Güler,,,2,turgay_guler,
https://www.youtube.com/watch?v=I683lliFOmA,Osman Gökçek,,,2,osman_gokcek,
https://www.youtube.com/watch?v=YHhhVkZuksg,Fatih Altaylı,,,2,fatih_altayli,
https://www.youtube.com/watch?v=7023B64yBxs,Enver Aysever,,,2,enver_aysever,
https://www.youtube.com/watch?v=uByzuLgJDeU,Enver Aysever,,,2,enver_aysever,
https://www.youtube.com/watch?v=bvAvD6tBTkc,Fatih Portakal TV,,,2,fatih_portakal,
https://www.youtube.com/watch?v=qXHgZlzei3I,Sabahattin Önkibar,,,2,sabahattin_onkibar,
https://www.youtube.com/watch?v=ITCweL5IXhQ,Ersan Şen,,,2,ersan_sen,
https://www.youtube.com/watch?v=YJ5LJXTXuF0,Osman Gökçek,,,2,osman_gokcek,
https://www.youtube.com/watch?v=MdpYAkVn3xU,Halk TV,,,2,ece_uner,
https://www.youtube.com/watch?v=m7QX8_MuhD8,Medyascope,,,2,rusen_cakir,
https://www.youtube.com/watch?v=rCV3xWxDrUY,Turgay Güler,,,2,turgay_guler,
https://www.youtube.com/watch?v=ZAEDaJ8viiU,Hadi Özışık,,,2,hadi_ozisik,
https://www.youtube.com/watch?v=d3X0E18TFY8,Osman Gökçek,,,2,osman_gokcek,
https://www.youtube.com/watch?v=tfV7fV47HDo,A Haber,,,2,can_okanar,
https://www.youtube.com/watch?v=JGXMztCPTgo,Enver Aysever,,,2,enver_aysever,
https://www.youtube.com/watch?v=M-yWz_JoMO4,Fatih Portakal TV,,,2,fatih_portakal,
https://www.youtube.com/watch?v=dpdUwV9a_kY,Nagehan Alçı,,,2,nagehan_alci,
https://www.youtube.com/watch?v=PziT6nFZAKk,Hadi Özışık,,,2,hadi_ozisik,
https://www.youtube.com/watch?v=ZqMryH7Dzns,Osman Gökçek,,,2,osman_gokcek,
https://www.youtube.com/watch?v=49wtTWBr-h8,Deniz Zeyrek,,,2,deniz_zeyrek,
https://www.youtube.com/watch?v=1yrD55dNKzk,Yılmaz Özdil,,,2,yilmaz_ozdil,
https://www.youtube.com/watch?v=t0gkZcptecU,Halk TV,,,2,ece_uner,
https://www.youtube.com/watch?v=YZcBaeGwXOo,Turgay Güler,,,2,turgay_guler,
https://www.youtube.com/watch?v=7z7Vzt2GCy4,Ersan Şen,,,2,ersan_sen,
https://www.youtube.com/watch?v=yD8qqcCr7bE,Özlem Gürses,,,2,ozlem_gurses,
https://www.youtube.com/watch?v=yLzk_RNFaXQ,Fatih Portakal TV,,,2,fatih_portakal,
https://www.youtube.com/watch?v=vBc0gz5AvDA,Halk TV,,,2,ismail_kucukkaya,
https://www.youtube.com/watch?v=84_UtQx9nzc,Osman Gökçek,,,2,osman_gokcek,
https://www.youtube.com/watch?v=GganGV1A6ho,Sabahattin Önkibar,,,2,sabahattin_onkibar,
https://www.youtube.com/watch?v=I6Kx59-Cesg,Fatih Portakal TV,,,2,fatih_portakal,
https://www.youtube.com/watch?v=o-Zphr3eFlw,Turgay Güler,,,2,turgay_guler,
https://www.youtube.com/watch?v=aIRTTmTCV80,Enver Aysever,,,2,enver_aysever,
https://www.youtube.com/watch?v=MR611YkQVvA,A Haber,,,2,can_okanar,
https://www.youtube.com/watch?v=PmZ-qK1mYzo,Hadi Özışık,,,2,hadi_ozisik,
https://www.youtube.com/watch?v=EM5h2hDj4DA,Medyascope,,,2,rusen_cakir,
https://www.youtube.com/watch?v=wtcHfhRlxy8,Halk TV,,,2,ece_uner,
https://www.youtube.com/watch?v=0vV8Z3MFcqs,Osman Gökçek,,,2,osman_gokcek,
https://www.youtube.com/watch?v=JeW0kSWLUFM,Enver Aysever,,,2,enver_aysever,
https://www.youtube.com/watch?v=PGCUdJnkDpI,Hadi Özışık,,,2,hadi_ozisik,
https://www.youtube.com/watch?v=-ZJ8ICnVAoQ,Turgay Güler,,,2,turgay_guler,
https://www.youtube.com/watch?v=slGej0jYYlY,Levent Gültekin,,,2,levent_gultekin,
https://www.youtube.com/watch?v=_s1iqF5iFMQ,Osman Gökçek,,,2,osman_gokcek,
https://www.youtube.com/watch?v=giW0dGEMFeY,Halk TV,,,2,ece_uner,
https://www.youtube.com/watch?v=LmY0LhgS8ww,Enver Aysever,,,2,enver_aysever,
https://www.youtube.com/watch?v=qCfVigKErOE,Fatih Portakal TV,,,2,fatih_portakal,
https://www.youtube.com/watch?v=Xbztdoj7sGE,Ersan Şen,,,2,ersan_sen,
https://www.youtube.com/watch?v=MpKv69n6er8,Turgay Güler,,,2,turgay_guler,
https://www.youtube.com/watch?v=Dw4svzSoAWo,A Haber,,,2,can_okanar,
https://www.youtube.com/watch?v=hKPCerqbrNk,Özlem Gürses,,,2,ozlem_gurses,
https://www.youtube.com/watch?v=iRVoMp4b0bM,Sabahattin Önkibar,,,2,sabahattin_onkibar,
https://www.youtube.com/watch?v=wWmnTAdB3Us,Medyascope,,,2,rusen_cakir,
https://www.youtube.com/watch?v=RsKugaukrSQ,Osman Gökçek,,,2,osman_gokcek,
https://www.youtube.com/watch?v=o8aS4bozlEI,Nagehan Alçı,,,2,nagehan_alci,
https://www.youtube.com/watch?v=wTHZXMHzyg0,Enver Aysever,,,2,enver_aysever,
https://www.youtube.com/watch?v=0H4ZxsmofBg,Turgay Güler,,,2,turgay_guler,
https://www.youtube.com/watch?v=c5ts1I-mEeY,Halk TV,,,2,ece_uner,
https://www.youtube.com/watch?v=erM5LvWY4Xg,Ersan Şen,,,2,ersan_sen,
https://www.youtube.com/watch?v=d5yFvsG7fqM,Hadi Özışık,,,2,hadi_ozisik,
https://www.youtube.com/watch?v=B3VNqQQk80w,Özlem Gürses,,,2,ozlem_gurses,
https://www.youtube.com/watch?v=ZGZv7M9pLgk,Enver Aysever,,,2,enver_aysever,
https://www.youtube.com/watch?v=gdH57NJTX6k,Osman Gökçek,,,2,osman_gokcek,
https://www.youtube.com/watch?v=7JGxSjKaStc,A Haber,,,2,can_okanar,
https://www.youtube.com/watch?v=C-1WRxuOl9g,Ersan Şen,,,2,ersan_sen,
https://www.youtube.com/watch?v=QXLB4OK5EdA,Hadi Özışık,,,2,hadi_ozisik,
https://www.youtube.com/watch?v=EkRvoPnCyw8,Fatih Portakal TV,,,2,fatih_portakal,
https://www.youtube.com/watch?v=W08foJwYIcI,Halk TV,,,2,ece_uner,
https://www.youtube.com/watch?v=GFoqi4Ba_64,Sözcü TV,,,2,ismail_kucukkaya,
https://www.youtube.com/watch?v=uCFvD02lzN0,Osman Gökçek,,,2,osman_gokcek,
https://www.youtube.com/watch?v=lsRyQEO6yGM,Turgay Güler,,,2,turgay_guler,
https://www.youtube.com/watch?v=OdtELwmD7EI,Deniz Zeyrek,,,2,deniz_zeyrek,
https://www.youtube.com/watch?v=nneR3bU9FyY,Enver Aysever,,,2,enver_aysever,
https://www.youtube.com/watch?v=6xNvfjvf8i4,Sabahattin Önkibar,,,2,sabahattin_onkibar,
https://www.youtube.com/watch?v=CmoCJvnbbx8,Osman Gökçek,,,2,osman_gokcek,
https://www.youtube.com/watch?v=VgPqqmrl-0I,Yılmaz Özdil,,,2,yilmaz_ozdil,
https://www.youtube.com/watch?v=gVIiujjI7lY,Medyascope,,,2,rusen_cakir,
https://www.youtube.com/watch?v=nPHt1H2NR-c,Ersan Şen,,,2,ersan_sen,
https://www.youtube.com/watch?v=swQ98E8v4uw,Hadi Özışık,,,2,hadi_ozisik,
https://www.youtube.com/watch?v=dPwfnycIIBA,Halk TV,,,2,ece_uner,
https://www.youtube.com/watch?v=KYBr2xKu2Gw,Osman Gökçek,,,2,osman_gokcek,
https://www.youtube.com/watch?v=BypWmCJFFvk,Turgay Güler,,,2,turgay_guler,
https://www.youtube.com/watch?v=VGqkWQ7_vA4,Fatih Altaylı,,,2,fatih_altayli,
https://www.youtube.com/watch?v=PPi8XZl6gGw,Hadi Özışık,,,2,hadi_ozisik,
https://www.youtube.com/watch?v=ox61f8lrfZ4,A Haber,,,2,can_okanar,
https://www.youtube.com/watch?v=AStTnqQr4Yo,Osman Gökçek,,,2,osman_gokcek,
https://www.youtube.com/watch?v=vuAOGWPbMHE,Fatih Portakal TV,,,2,fatih_portakal,
https://www.youtube.com/watch?v=LxiobAnustg,Nagehan Alçı,,,2,nagehan_alci,
https://www.youtube.com/watch?v=aiI4iD1e9vg,Osman Gökçek,,,2,osman_gokcek,
https://www.youtube.com/watch?v=49I32vouXHE,Turgay Güler,,,2,turgay_guler,
https://www.youtube.com/watch?v=l4cxCAdWOnQ,Özlem Gürses,,,2,ozlem_gurses,
https://www.youtube.com/watch?v=DEshsF5BHRI,Hadi Özışık,,,2,hadi_ozisik,
https://www.youtube.com/watch?v=-jWMjkBvCCU,Enver Aysever,,,2,enver_aysever,
https://www.youtube.com/watch?v=cCBN9Am62Ck,Osman Gökçek,,,2,osman_gokcek,
https://www.youtube.com/watch?v=2TRFeXf6IdU,Halk TV,,,2,ece_uner,
https://www.youtube.com/watch?v=_X4m30qXTS8,Sabahattin Önkibar,,,2,sabahattin_onkibar,
https://www.youtube.com/watch?v=y67E-_drlLY,Hadi Özışık,,,2,hadi_ozisik,
https://www.youtube.com/watch?v=njlbHzO8-oc,Osman Gökçek,,,2,osman_gokcek,
https://www.youtube.com/watch?v=3NCFcCR2rfw,Turgay Güler,,,2,turgay_guler,
https://www.youtube.com/watch?v=ohA_YR8xYBA,Medyascope,,,2,rusen_cakir,
https://www.youtube.com/watch?v=Y3fGdL4l7T8,Özlem Gürses,,,2,ozlem_gurses,
https://www.youtube.com/watch?v=zHmG1ODbAlU,Fatih Portakal TV,,,2,fatih_portakal,
https://www.youtube.com/watch?v=yINksI6-gDk,Levent Gültekin,,,2,levent_gultekin,
https://www.youtube.com/watch?v=KL68MokOJfc,Enver Aysever,,,2,enver_aysever,
https://www.youtube.com/watch?v=QJbovrsbvuI,Halk TV,,,2,ece_uner,
https://www.youtube.com/watch?v=lkMBkTbRKCw,A Haber,,,2,can_okanar,
https://www.youtube.com/watch?v=oQThy7ojXVY,Osman Gökçek,,,2,osman_gokcek,
https://www.youtube.com/watch?v=cDM7WjYCAl8,Fatih Portakal TV,,,2,fatih_portakal,
https://www.youtube.com/watch?v=kBEZ1U2NJ4E,Hadi Özışık,,,2,hadi_ozisik,
https://www.youtube.com/watch?v=EpEAPayjwfs,Turgay Güler,,,2,turgay_guler,
https://www.youtube.com/watch?v=mFoxultGBfA,Enver Aysever,,,2,enver_aysever,
https://www.youtube.com/watch?v=YlhdFUFfYmA,Halk TV,,,2,ismail_kucukkaya,
https://www.youtube.com/watch?v=YdJJOsBn80s,Halk TV,,,2,ece_uner,
https://www.youtube.com/watch?v=ckk5NyOWfok,Medyascope,,,2,rusen_cakir,
https://www.youtube.com/watch?v=iEM9QiVrAro,Sabahattin Önkibar,,,2,sabahattin_onkibar,
https://www.youtube.com/watch?v=whzupshwMfs,Osman Gökçek,,,2,osman_gokcek,
https://www.youtube.com/watch?v=4TAcJ7Yjd9w,Turgay Güler,,,2,turgay_guler,
https://www.youtube.com/watch?v=oV-3MUWqSr0,Hadi Özışık,,,2,hadi_ozisik,
https://www.youtube.com/watch?v=2JZvk-n6hmc,Osman Gökçek,,,2,osman_gokcek,
https://www.youtube.com/watch?v=KjJQmakz4ek,Deniz Zeyrek,,,2,deniz_zeyrek,
https://www.youtube.com/watch?v=WLJBY1cYpGI,Nagehan Alçı,,,2,nagehan_alci,
https://www.youtube.com/watch?v=yllwJtU15mM,Enver Aysever,,,2,enver_aysever,
https://www.youtube.com/watch?v=akY4xpIgkz4,Osman Gökçek,,,2,osman_gokcek,
https://www.youtube.com/watch?v=AScfCDXGBUw,Yılmaz Özdil,,,2,yilmaz_ozdil,
https://www.youtube.com/watch?v=2SSXe9-SYck,Turgay Güler,,,2,turgay_guler,
https://www.youtube.com/watch?v=PAc8-R0-QPc,Hadi Özışık,,,2,hadi_ozisik,
https://www.youtube.com/watch?v=cLLQQB65xVo,Halk TV,,,2,ece_uner,
https://www.youtube.com/watch?v=JSybH6Ia4Ls,Fatih Portakal TV,,,2,fatih_portakal,
https://www.youtube.com/watch?v=z3LUhbAihew,Özlem Gürses,,,2,ozlem_gurses,
https://www.youtube.com/watch?v=NlCeMs8OvZg,Enver Aysever,,,2,enver_aysever,
https://www.youtube.com/watch?v=LKpYyTAKJZE,Osman Gökçek,,,2,osman_gokcek,
https://www.youtube.com/watch?v=ugdMRaUA2iU,Turgay Güler,,,2,turgay_guler,
https://www.youtube.com/watch?v=J1Xoc-tx7U4,Hadi Özışık,,,2,hadi_ozisik,
https://www.youtube.com/watch?v=kqbLTfaYzM0,Medyascope,,,2,rusen_cakir,
https://www.youtube.com/watch?v=NImgCumSxOg,Osman Gökçek,,,2,osman_gokcek,
https://www.youtube.com/watch?v=zMVWBwiP2sY,Sabahattin Önkibar,,,2,sabahattin_onkibar,
https://www.youtube.com/watch?v=iMrVK55tOXU,Fatih Portakal TV,,,2,fatih_portakal,
https://www.youtube.com/watch?v=fbbOTRBpstk,Enver Aysever,,,2,enver_aysever,
https://www.youtube.com/watch?v=YzVId9NTJIk,Halk TV,,,2,ece_uner,
https://www.youtube.com/watch?v=V0NuGUYdx2Y,Turgay Güler,,,2,turgay_guler,
https://www.youtube.com/watch?v=hElEKUQZUSI,Osman Gökçek,,,2,osman_gokcek,
https://www.youtube.com/watch?v=zm17RtnTEaA,Hadi Özışık,,,2,hadi_ozisik,
https://www.youtube.com/watch?v=K_8Gqb_wCQ8,Özlem Gürses,,,2,ozlem_gurses,
https://www.youtube.com/watch?v=dGIYwtqKFC4,Halk TV,,,2,ece_uner,
https://www.youtube.com/watch?v=yo_sMMd-tIc,Fatih Portakal TV,,,2,fatih_portakal,
https://www.youtube.com/watch?v=GHUkIkLjCdw,Fatih Altaylı,,,2,fatih_altayli,
https://www.youtube.com/watch?v=StgxkpUm_uE,Sözcü TV,,,2,ismail_kucukkaya,
https://www.youtube.com/watch?v=if1823H72KQ,Turgay Güler,,,2,turgay_guler,
https://www.youtube.com/watch?v=oVUoBAmMrVk,Osman Gökçek,,,2,osman_gokcek,
https://www.youtube.com/watch?v=voEKT2Mb_Bs,Levent Gültekin,,,2,levent_gultekin,
https://www.youtube.com/watch?v=WztwhR-ugx8,Enver Aysever,,,2,enver_aysever,
https://www.youtube.com/watch?v=f9GN2lD5oYc,Sabahattin Önkibar,,,2,sabahattin_onkibar,
https://www.youtube.com/watch?v=2Tub3iak1GE,Hadi Özışık,,,2,hadi_ozisik,
https://www.youtube.com/watch?v=eYSlB5MEYoM,Fatih Portakal TV,,,2,fatih_portakal,
https://www.youtube.com/watch?v=y-09z4Qd-nw,Medyascope,,,2,rusen_cakir,
https://www.youtube.com/watch?v=fRSNiz74_Pg,Halk TV,,,2,ece_uner,
https://www.youtube.com/watch?v=5kSW_YckANM,Nagehan Alçı,,,2,nagehan_alci,
https://www.youtube.com/watch?v=bJvdwUlWdno,Turgay Güler,,,2,turgay_guler,
https://www.youtube.com/watch?v=5IQH27p1SdA,Deniz Zeyrek,,,2,deniz_zeyrek,
https://www.youtube.com/watch?v=GyKFOUGJ7zw,Osman Gökçek,,,2,osman_gokcek,
https://www.youtube.com/watch?v=eFatLJrZdDE,Halk TV,,,2,ece_uner,
https://www.youtube.com/watch?v=NYGwDzmNI-s,Enver Aysever,,,2,enver_aysever,
https://www.youtube.com/watch?v=3zn04EIw_3Q,Yılmaz Özdil,,,2,yilmaz_ozdil,
https://www.youtube.com/watch?v=hCLF7fquejE,Hadi Özışık,,,2,hadi_ozisik,
https://www.youtube.com/watch?v=faQ5ZAS5R4M,Osman Gökçek,,,2,osman_gokcek,
https://www.youtube.com/watch?v=xLN-ZoiVQq8,Özlem Gürses,,,2,ozlem_gurses,
https://www.youtube.com/watch?v=38AKHULuaNo,Turgay Güler,,,2,turgay_guler,
https://www.youtube.com/watch?v=kwPJ5dTTf6Y,Sabahattin Önkibar,,,2,sabahattin_onkibar,
https://www.youtube.com/watch?v=c6zu8xFYSZQ,Medyascope,,,2,rusen_cakir,
https://www.youtube.com/watch?v=xL3p6MszO7s,Halk TV,,,2,ece_uner,
https://www.youtube.com/watch?v=j2DD5hStICo,Osman Gökçek,,,2,osman_gokcek,
https://www.youtube.com/watch?v=r9Op7k0iMKk,Fatih Portakal TV,,,2,fatih_portakal,
https://www.youtube.com/watch?v=CeKz6251VHA,Turgay Güler,,,2,turgay_guler,
https://www.youtube.com/watch?v=OB3ofk0LOlY,Fatih Portakal TV,,,2,fatih_portakal,
https://www.youtube.com/watch?v=66cU0cXEBbU,Enver Aysever,,,2,enver_aysever,
https://www.youtube.com/watch?v=uKhDpSUUCeM,Hadi Özışık,,,2,hadi_ozisik,
https://www.youtube.com/watch?v=_TYmpnzkXYY,Fatih Portakal TV,,,2,fatih_portakal,
https://www.youtube.com/watch?v=4irzchSXkOw,Nagehan Alçı,,,2,nagehan_alci,
https://www.youtube.com/watch?v=5mudcCZh1kM,Osman Gökçek,,,2,osman_gokcek,
https://www.youtube.com/watch?v=NayHQQO3tJ0,Enver Aysever,,,2,enver_aysever,
https://www.youtube.com/watch?v=8NluTjqQab0,Halk TV,,,2,ismail_kucukkaya,
https://www.youtube.com/watch?v=YBBxMBpn6qA,Medyascope,,,2,rusen_cakir,
https://www.youtube.com/watch?v=KMz73ADKc94,Turgay Güler,,,2,turgay_guler,
https://www.youtube.com/watch?v=N3P5EO0A5AA,Osman Gökçek,,,2,osman_gokcek,
https://www.youtube.com/watch?v=Lc0VziQvxUA,Sabahattin Önkibar,,,2,sabahattin_onkibar,
https://www.youtube.com/watch?v=Y9IX1ynjzXg,Deniz Zeyrek,,,2,deniz_zeyrek,
https://www.youtube.com/watch?v=OMHtnEVnzrY,Osman Gökçek,,,2,osman_gokcek,
https://www.youtube.com/watch?v=vvlVcwxy6XM,Hadi Özışık,,,2,hadi_ozisik,
https://www.youtube.com/watch?v=EEwqeseSFQg,Özlem Gürses,,,2,ozlem_gurses,
https://www.youtube.com/watch?v=7g-bx2c_J5g,Fatih Portakal TV,,,2,fatih_portakal,
https://www.youtube.com/watch?v=EmJM6hySrfw,Turgay Güler,,,2,turgay_guler,
https://www.youtube.com/watch?v=je-lZ2V3Ozw,Enver Aysever,,,2,enver_aysever,
https://www.youtube.com/watch?v=YLqEaruUHTI,Osman Gökçek,,,2,osman_gokcek,
https://www.youtube.com/watch?v=Hr_6_6Y8Nc8,Nagehan Alçı,,,2,nagehan_alci,
https://www.youtube.com/watch?v=W-1Y4GlQjR8,Levent Gültekin,,,2,levent_gultekin,
https://www.youtube.com/watch?v=xuwlnnMGEs8,Fatih Altaylı,,,2,fatih_altayli,
https://www.youtube.com/watch?v=lNB_OKb9E5g,Enver Aysever,,,2,enver_aysever,
https://www.youtube.com/watch?v=W3Le6FSOTAA,Osman Gökçek,,,2,osman_gokcek,
https://www.youtube.com/watch?v=eY1uxUM7GqY,Hadi Özışık,,,2,hadi_ozisik,
https://www.youtube.com/watch?v=D94yP7m9qEI,Yılmaz Özdil,,,2,yilmaz_ozdil,
https://www.youtube.com/watch?v=1Ed-6GiOT0M,Medyascope,,,2,rusen_cakir,
https://www.youtube.com/watch?v=ODs7so0qiho,Sabahattin Önkibar,,,2,sabahattin_onkibar,
https://www.youtube.com/watch?v=35qkyhMbCZQ,Turgay Güler,,,2,turgay_guler,
https://www.youtube.com/watch?v=I5sR3h3VJ8Q,Fatih Portakal TV,,,2,fatih_portakal,
https://www.youtube.com/watch?v=N2wIA_k3Cew,Osman Gökçek,,,2,osman_gokcek,
https://www.youtube.com/watch?v=w71cAjJzdfk,Hadi Özışık,,,2,hadi_ozisik,
https://www.youtube.com/watch?v=hSh6KjJhP80,Enver Aysever,,,2,enver_aysever,
https://www.youtube.com/watch?v=2eeN_rPmzmw,Turgay Güler,,,2,turgay_guler,
https://www.youtube.com/watch?v=dveqxjK0MlU,Özlem Gürses,,,2,ozlem_gurses,
https://www.youtube.com/watch?v=83LXqQ5HJO4,Osman Gökçek,,,2,osman_gokcek,
https://www.youtube.com/watch?v=KnRQVII4r5Q,Fatih Portakal TV,,,2,fatih_portakal,
https://www.youtube.com/watch?v=LCoh8G_h_gI,Hadi Özışık,,,2,hadi_ozisik,
https://www.youtube.com/watch?v=eJ1w9Dv1fHk,Enver Aysever,,,2,enver_aysever,
https://www.youtube.com/watch?v=0W6DiI7WKLQ,Medyascope,,,2,rusen_cakir,
https://www.youtube.com/watch?v=6ouswuUlNc8,Sözcü TV,,,2,ismail_kucukkaya,
https://www.youtube.com/watch?v=17MDDX81tOo,Turgay Güler,,,2,turgay_guler,
https://www.youtube.com/watch?v=rBrGaYhTt68,Sabahattin Önkibar,,,2,sabahattin_onkibar,
https://www.youtube.com/watch?v=7rWlWgmMHcQ,Fatih Portakal TV,,,2,fatih_portakal,
https://www.youtube.com/watch?v=06yRq194ga0,Hadi Özışık,,,2,hadi_ozisik,
https://www.youtube.com/watch?v=pP-xzFVP9pQ,Osman Gökçek,,,2,osman_gokcek,
https://www.youtube.com/watch?v=cnhmtxR5jvw,Turgay Güler,,,2,turgay_guler,
https://www.youtube.com/watch?v=FQtJvav0ZKM,Osman Gökçek,,,2,osman_gokcek,
https://www.youtube.com/watch?v=p1hRBhxIOD8,Deniz Zeyrek,,,2,deniz_zeyrek,
https://www.youtube.com/watch?v=6nZcH2b98Ic,Fatih Portakal TV,,,2,fatih_portakal,
https://www.youtube.com/watch?v=Roff-NjIBSU,Nagehan Alçı,,,2,nagehan_alci,
https://www.youtube.com/watch?v=IMPBwhHbjr8,Enver Aysever,,,2,enver_aysever,
https://www.youtube.com/watch?v=9CQ9xtIIn4s,Osman Gökçek,,,2,osman_gokcek,
https://www.youtube.com/watch?v=V0icmSfPnVE,Hadi Özışık,,,2,hadi_ozisik,
https://www.youtube.com/watch?v=tI0VPxu6vek,Fatih Portakal TV,,,2,fatih_portakal,
https://www.youtube.com/watch?v=CXBZ-OqXChs,Özlem Gürses,,,2,ozlem_gurses,
https://www.youtube.com/watch?v=rLKyjHJT0Wg,Turgay Güler,,,2,turgay_guler,
https://www.youtube.com/watch?v=VJc3uF7bxqQ,Osman Gökçek,,,2,osman_gokcek,
https://www.youtube.com/watch?v=3-y8OoY-BME,Medyascope,,,2,rusen_cakir,
https://www.youtube.com/watch?v=YmjaehOBVNA,Osman Gökçek,,,2,osman_gokcek,
https://www.youtube.com/watch?v=5qZPRX0-Up4,Sabahattin Önkibar,,,2,sabahattin_onkibar,
https://www.youtube.com/watch?v=E1QIz387C40,Enver Aysever,,,2,enver_aysever,
https://www.youtube.com/watch?v=MNeZrvtRBME,Fatih Portakal TV,,,2,fatih_portakal,
https://www.youtube.com/watch?v=YP1xq5KRqjE,Özlem Gürses,,,2,ozlem_gurses,
https://www.youtube.com/watch?v=ZhAE9wdGPbk,Levent Gültekin,,,2,levent_gultekin,
https://www.youtube.com/watch?v=eXjBbPzoJmU,Yılmaz Özdil,,,2,yilmaz_ozdil,
https://www.youtube.com/watch?v=KGo4uXBPQCM,Enver Aysever,,,2,enver_aysever,
https://www.youtube.com/watch?v=m2l-yTb2GGs,Turgay Güler,,,2,turgay_guler,
https://www.youtube.com/watch?v=JKvihRRz-1g,Fatih Portakal TV,,,2,fatih_portakal,
https://www.youtube.com/watch?v=aOUzQ2Vik6o,Hadi Özışık,,,2,hadi_ozisik,
https://www.youtube.com/watch?v=RqBvqpBi9c8,Osman Gökçek,,,2,osman_gokcek,
https://www.youtube.com/watch?v=fTP5-lxEEp0,Enver Aysever,,,2,enver_aysever,
https://www.youtube.com/watch?v=KbdERnO_LC4,Medyascope,,,2,rusen_cakir,
https://www.youtube.com/watch?v=uqphT70Od8o,Hadi Özışık,,,2,hadi_ozisik,
https://www.youtube.com/watch?v=SuCCOFMWT0k,Nagehan Alçı,,,2,nagehan_alci,
https://www.youtube.com/watch?v=W8DLiwkxi0o,Deniz Zeyrek,,,2,deniz_zeyrek,
https://www.youtube.com/watch?v=_nywRrmtmAA,Osman Gökçek,,,2,osman_gokcek,
https://www.youtube.com/watch?v=gltTUywxiSQ,Sabahattin Önkibar,,,2,sabahattin_onkibar,
https://www.youtube.com/watch?v=_QIGhtQSZrg,Turgay Güler,,,2,turgay_guler,
https://www.youtube.com/watch?v=cpV0jORGhZI,Fatih Portakal TV,,,2,fatih_portakal,
https://www.youtube.com/watch?v=EX5imFNOQWI,Fatih Altaylı,,,2,fatih_altayli,
https://www.youtube.com/watch?v=mK1U7IZoqOM,Osman Gökçek,,,2,osman_gokcek,
https://www.youtube.com/watch?v=NkFOUcFBu6s,Halk TV,,,2,ismail_kucukkaya,
https://www.youtube.com/watch?v=12lJxXtp0e4,Özlem Gürses,,,2,ozlem_gurses,
https://www.youtube.com/watch?v=LrZzx8E_rQw,Hadi Özışık,,,2,hadi_ozisik,
https://www.youtube.com/watch?v=lON0Ul101L4,Osman Gökçek,,,2,osman_gokcek,
https://www.youtube.com/watch?v=VqQl-JVA3IU,Enver Aysever,,,2,enver_aysever,
https://www.youtube.com/watch?v=HqmXECHTlkg,Fatih Portakal TV,,,2,fatih_portakal,
https://www.youtube.com/watch?v=9e8x0hhMOFo,Medyascope,,,2,rusen_cakir,
https://www.youtube.com/watch?v=xtRhhh0Zhrk,Osman Gökçek,,,2,osman_gokcek,
https://www.youtube.com/watch?v=qVx4VDeUBgs,Osman Gökçek,,,2,osman_gokcek,
https://www.youtube.com/watch?v=dsZAmdg6P9I,Enver Aysever,,,2,enver_aysever,
https://www.youtube.com/watch?v=tiAx625xOmA,Hadi Özışık,,,2,hadi_ozisik,
https://www.youtube.com/watch?v=FeqJ1iczhPs,Turgay Güler,,,2,turgay_guler,
https://www.youtube.com/watch?v=-GI0_NMkx8g,Sabahattin Önkibar,,,2,sabahattin_onkibar,
https://www.youtube.com/watch?v=09wsGXfH9eI,Fatih Portakal TV,,,2,fatih_portakal,
https://www.youtube.com/watch?v=AV60_9IZ9RA,Enver Aysever,,,2,enver_aysever,
https://www.youtube.com/watch?v=GNAM-i5fIAc,Hadi Özışık,,,2,hadi_ozisik,
https://www.youtube.com/watch?v=NlNScAM1lnk,Nagehan Alçı,,,2,nagehan_alci,
https://www.youtube.com/watch?v=3fdPd7t9moE,Osman Gökçek,,,2,osman_gokcek,
https://www.youtube.com/watch?v=xv2g9VbhDRo,Turgay Güler,,,2,turgay_guler,
https://www.youtube.com/watch?v=dccZH7pkLBs,Özlem Gürses,,,2,ozlem_gurses,
https://www.youtube.com/watch?v=iZpM3ArYktA,Fatih Portakal TV,,,2,fatih_portakal,
https://www.youtube.com/watch?v=ocL3E5YAVXY,Yılmaz Özdil,,,2,yilmaz_ozdil,
https://www.youtube.com/watch?v=4Y3LyKY_UkE,Enver Aysever,,,2,enver_aysever,
https://www.youtube.com/watch?v=6u-zmNuq4GM,Osman Gökçek,,,2,osman_gokcek,
https://www.youtube.com/watch?v=nMLvPUMqEU0,Medyascope,,,2,rusen_cakir,
https://www.youtube.com/watch?v=ju-wQfLW2Rc,Levent Gültekin,,,2,levent_gultekin,
https://www.youtube.com/watch?v=Y4Avc6o-dtw,Hadi Özışık,,,2,hadi_ozisik,
https://www.youtube.com/watch?v=WrXLkNhTxIk,Fatih Portakal TV,,,2,fatih_portakal,
https://www.youtube.com/watch?v=lWwiwi8v4BI,Sabahattin Önkibar,,,2,sabahattin_onkibar,
https://www.youtube.com/watch?v=YB2hrYVvvkY,Turgay Güler,,,2,turgay_guler,
https://www.youtube.com/watch?v=HDAsFCwPqfs,Özlem Gürses,,,2,ozlem_gurses,
https://www.youtube.com/watch?v=LGdudQZfQfo,Sözcü TV,,,2,ismail_kucukkaya,
https://www.youtube.com/watch?v=oDp38bfRPuY,Osman Gökçek,,,2,osman_gokcek,
https://www.youtube.com/watch?v=fdn4CZFuO1M,Deniz Zeyrek,,,2,deniz_zeyrek,
https://www.youtube.com/watch?v=1R7cWDtg55I,Fatih Portakal TV,,,2,fatih_portakal,
https://www.youtube.com/watch?v=uvVcIhMR9rE,Turgay Güler,,,2,turgay_guler,
https://www.youtube.com/watch?v=WZQFTAGCM1M,Osman Gökçek,,,2,osman_gokcek,
https://www.youtube.com/watch?v=KCrrnKUZINQ,Hadi Özışık,,,2,hadi_ozisik,
https://www.youtube.com/watch?v=X3BzmOIFZYw,Enver Aysever,,,2,enver_aysever,
https://www.youtube.com/watch?v=rZDSpTiYGvg,Medyascope,,,2,rusen_cakir,
https://www.youtube.com/watch?v=iQXtKu0t3C8,Nagehan Alçı,,,2,nagehan_alci,
https://www.youtube.com/watch?v=i8DUEy7a6IM,Özlem Gürses,,,2,ozlem_gurses,
https://www.youtube.com/watch?v=3PLLjOV3L08,Enver Aysever,,,2,enver_aysever,
https://www.youtube.com/watch?v=XeLohbXG_I0,Turgay Güler,,,2,turgay_guler,
https://www.youtube.com/watch?v=lFNLMJDI6fE,Fatih Portakal TV,,,2,fatih_portakal,
https://www.youtube.com/watch?v=zj7T4Y989CE,Sabahattin Önkibar,,,2,sabahattin_onkibar,
https://www.youtube.com/watch?v=QW1qjDhkoig,Hadi Özışık,,,2,hadi_ozisik,
https://www.youtube.com/watch?v=xmkV1QbUqQg,Osman Gökçek,,,2,osman_gokcek,
https://www.youtube.com/watch?v=Nh7XwFbcD1s,Enver Aysever,,,2,enver_aysever,
https://www.youtube.com/watch?v=X91breNU5bc,Fatih Altaylı,,,2,fatih_altayli,
https://www.youtube.com/watch?v=6mYvC2tgXfg,Hadi Özışık,,,2,hadi_ozisik,
https://www.youtube.com/watch?v=ugVeiGgbLDw,Özlem Gürses,,,2,ozlem_gurses,
https://www.youtube.com/watch?v=Io2Z2YP-bew,Osman Gökçek,,,2,osman_gokcek,
https://www.youtube.com/watch?v=BMF9ansyo-A,Turgay Güler,,,2,turgay_guler,
https://www.youtube.com/watch?v=-amS0-kumYk,Enver Aysever,,,2,enver_aysever,
https://www.youtube.com/watch?v=0sSdpXqIL9U,Fatih Portakal TV,,,2,fatih_portakal,
https://www.youtube.com/watch?v=QeR89r1julw,Medyascope,,,2,rusen_cakir,
https://www.youtube.com/watch?v=_uwPufDHIeA,Enver Aysever,,,2,enver_aysever,
https://www.youtube.com/watch?v=N-UxJhwZ-Wk,Sabahattin Önkibar,,,2,sabahattin_onkibar,
https://www.youtube.com/watch?v=RsJQsl-V3Q4,Osman Gökçek,,,2,osman_gokcek,
https://www.youtube.com/watch?v=d6asZFqOuLI,Fatih Portakal TV,,,2,fatih_portakal,
https://www.youtube.com/watch?v=280ZnQj_lt4,Yılmaz Özdil,,,2,yilmaz_ozdil,
https://www.youtube.com/watch?v=_kXDGjh7ZDo,Turgay Güler,,,2,turgay_guler,
https://www.youtube.com/watch?v=v5zs04Yd2mk,Deniz Zeyrek,,,2,deniz_zeyrek,
https://www.youtube.com/watch?v=utAx2CTD4bA,Levent Gültekin,,,2,levent_gultekin,
https://www.youtube.com/watch?v=CwvE4AcG-iw,Halk TV,,,2,ismail_kucukkaya,
https://www.youtube.com/watch?v=Qf5oGQupE8I,Nagehan Alçı,,,2,nagehan_alci,
https://www.youtube.com/watch?v=dHC7IAvSl40,Osman Gökçek,,,2,osman_gokcek,
https://www.youtube.com/watch?v=WjOEeucx2NU,Hadi Özışık,,,2,hadi_ozisik,
https://www.youtube.com/watch?v=k3ZB4JcGjUI,Fatih Portakal TV,,,2,fatih_portakal,
https://www.youtube.com/watch?v=cBfHlOq7GIA,Turgay Güler,,,2,turgay_guler,
https://www.youtube.com/watch?v=MCtXmvTDCsE,Özlem Gürses,,,2,ozlem_gurses,
https://www.youtube.com/watch?v=AwFoDxje8Rk,Osman Gökçek,,,2,osman_gokcek,
https://www.youtube.com/watch?v=jgitFEvUQfQ,Medyascope,,,2,rusen_cakir,
https://www.youtube.com/watch?v=Sy-f4e54wVw,Fatih Portakal TV,,,2,fatih_portakal,
https://www.youtube.com/watch?v=10xJBatsfVI,Enver Aysever,,,2,enver_aysever,
https://www.youtube.com/watch?v=H8IzZ9zd8vI,Hadi Özışık,,,2,hadi_ozisik,
https://www.youtube.com/watch?v=c9XEfOdSqRk,Turgay Güler,,,2,turgay_guler,
https://www.youtube.com/watch?v=2KB7ZuFkl6o,Sabahattin Önkibar,,,2,sabahattin_onkibar,
https://www.youtube.com/watch?v=Pbf8y9yaJE8,Osman Gökçek,,,2,osman_gokcek,
https://www.youtube.com/watch?v=WQFVGW9u_EQ,Hadi Özışık,,,2,hadi_ozisik,
https://www.youtube.com/watch?v=62FguhfUkXs,Enver Aysever,,,2,enver_aysever,
https://www.youtube.com/watch?v=f6Zw6CxRx8Q,Fatih Portakal TV,,,2,fatih_portakal,
https://www.youtube.com/watch?v=iEnjwZMLP_4,Osman Gökçek,,,2,osman_gokcek,
https://www.youtube.com/watch?v=MWt1gNNGo4E,Turgay Güler,,,2,turgay_guler,
https://www.youtube.com/watch?v=jOyuKDOa7ew,Enver Aysever,,,2,enver_aysever,
https://www.youtube.com/watch?v=lcPglzzfkSs,Osman Gökçek,,,2,osman_gokcek,
https://www.youtube.com/watch?v=jvpqt2rA574,Medyascope,,,2,rusen_cakir,
https://www.youtube.com/watch?v=rs9yDwTJe8g,Fatih Portakal TV,,,2,fatih_portakal,
https://www.youtube.com/watch?v=0big_N_BC5k,Özlem Gürses,,,2,ozlem_gurses,
https://www.youtube.com/watch?v=_PGc_v1b-XE,Hadi Özışık,,,2,hadi_ozisik,
https://www.youtube.com/watch?v=6supkO_FRlQ,Enver Aysever,,,2,enver_aysever,
https://www.youtube.com/watch?v=MSaRpXbV9Q0,Nagehan Alçı,,,2,nagehan_alci,
https://www.youtube.com/watch?v=2wgOQyDt-38,Sabahattin Önkibar,,,2,sabahattin_onkibar,
https://www.youtube.com/watch?v=VGRRmoU9m8I,Osman Gökçek,,,2,osman_gokcek,
https://www.youtube.com/watch?v=QIuqWAdIRiU,Turgay Güler,,,2,turgay_guler,
https://www.youtube.com/watch?v=wC63DQ8Jy7E,Fatih Portakal TV,,,2,fatih_portakal,
https://www.youtube.com/watch?v=Ncq0KbDayPY,Osman Gökçek,,,2,osman_gokcek,
https://www.youtube.com/watch?v=BzsNjN7D5xA,Sözcü TV,,,2,ismail_kucukkaya,
https://www.youtube.com/watch?v=-b62sgSg4RI,Yılmaz Özdil,,,2,yilmaz_ozdil,
https://www.youtube.com/watch?v=BC56gBUl_lo,Hadi Özışık,,,2,hadi_ozisik,
https://www.youtube.com/watch?v=18Z2PZXCFUM,Medyascope,,,2,rusen_cakir,
https://www.youtube.com/watch?v=yK6YwOPf2r8,Osman Gökçek,,,2,osman_gokcek,
https://www.youtube.com/watch?v=HuByvUgsvm0,Enver Aysever,,,2,enver_aysever,
https://www.youtube.com/watch?v=qofjyKqDrgA,Deniz Zeyrek,,,2,deniz_zeyrek,
https://www.youtube.com/watch?v=Q43ICV-I9Ng,Levent Gültekin,,,2,levent_gultekin,
https://www.youtube.com/watch?v=hwosAXHkII0,Turgay Güler,,,2,turgay_guler,
https://www.youtube.com/watch?v=9p9q4ciOl40,Hadi Özışık,,,2,hadi_ozisik,
https://www.youtube.com/watch?v=GmN8jTQJQc4,Sabahattin Önkibar,,,2,sabahattin_onkibar,
https://www.youtube.com/watch?v=tQDcyPlZ-Zc,Fatih Portakal TV,,,2,fatih_portakal,
https://www.youtube.com/watch?v=XK7e0hF1ru0,Enver Aysever,,,2,enver_aysever,
https://www.youtube.com/watch?v=CkD-un7A_1U,Turgay Güler,,,2,turgay_guler,
https://www.youtube.com/watch?v=-UpcU1si8fw,Osman Gökçek,,,2,osman_gokcek,
https://www.youtube.com/watch?v=L793IaI8CXE,Enver Aysever,,,2,enver_aysever,
https://www.youtube.com/watch?v=EvTT9MLPHOs,Turgay Güler,,,2,turgay_guler,
https://www.youtube.com/watch?v=bOjGtw3o6-0,Medyascope,,,2,rusen_cakir,
https://www.youtube.com/watch?v=eBSHX77Stxk,Nagehan Alçı,,,2,nagehan_alci,
https://www.youtube.com/watch?v=oEZaCA-Vdzw,Osman Gökçek,,,2,osman_gokcek,
https://www.youtube.com/watch?v=telZv-QLzkw,Fatih Portakal TV,,,2,fatih_portakal,
https://www.youtube.com/watch?v=68OpWHgzV2s,Fatih Altaylı,,,2,fatih_altayli,
https://www.youtube.com/watch?v=evjQ_ZXsjMc,Hadi Özışık,,,2,hadi_ozisik,
https://www.youtube.com/watch?v=hOkP9TEq37w,Enver Aysever,,,2,enver_aysever,
https://www.youtube.com/watch?v=KeCxXxOI8ec,Sabahattin Önkibar,,,2,sabahattin_onkibar,
https://www.youtube.com/watch?v=FuJHHSMXSy8,Turgay Güler,,,2,turgay_guler,
https://www.youtube.com/watch?v=c8G5tFxcL0U,Fatih Portakal TV,,,2,fatih_portakal,
https://www.youtube.com/watch?v=B5cx4UQHG6o,Halk TV,,,2,ismail_kucukkaya,
https://www.youtube.com/watch?v=wz8ouqyojc0,Fatih Portakal TV,,,2,fatih_portakal,
https://www.youtube.com/watch?v=4MYV9BBbgdY,Osman Gökçek,,,2,osman_gokcek,
https://www.youtube.com/watch?v=2a82zFCJJvs,Hadi Özışık,,,2,hadi_ozisik,
https://www.youtube.com/watch?v=719MuFo21jo,Turgay Güler,,,2,turgay_guler,
https://www.youtube.com/watch?v=lBKNVg1Ushc,Yılmaz Özdil,,,2,yilmaz_ozdil,
https://www.youtube.com/watch?v=qKfFc5wzC1M,Enver Aysever,,,2,enver_aysever,
https://www.youtube.com/watch?v=ictrHVQgjuo,Medyascope,,,2,rusen_cakir,
https://www.youtube.com/watch?v=qjRWdebXtJg,Fatih Portakal TV,,,2,fatih_portakal,
https://www.youtube.com/watch?v=z_z0ukqC0OY,Osman Gökçek,,,2,osman_gokcek,
https://www.youtube.com/watch?v=P0MT6FhME_Q,Hadi Özışık,,,2,hadi_ozisik,
https://www.youtube.com/watch?v=ns1tsgmHfk8,Sabahattin Önkibar,,,2,sabahattin_onkibar,
https://www.youtube.com/watch?v=dXthErQvivE,Turgay Güler,,,2,turgay_guler,
https://www.youtube.com/watch?v=iCIH6u2P3tg,Osman Gökçek,,,2,osman_gokcek,
https://www.youtube.com/watch?v=MSHGsBZYHj0,Nagehan Alçı,,,2,nagehan_alci,
https://www.youtube.com/watch?v=flvszxTeu6I,Enver Aysever,,,2,enver_aysever,
https://www.youtube.com/watch?v=q2QOW5xHFDo,Deniz Zeyrek,,,2,deniz_zeyrek,
https://www.youtube.com/watch?v=9xpAlAc98hM,Hadi Özışık,,,2,hadi_ozisik,
https://www.youtube.com/watch?v=NEoSX-hTe50,Levent Gültekin,,,2,levent_gultekin,
https://www.youtube.com/watch?v=47AFMG59rDM,Fatih Portakal TV,,,2,fatih_portakal,
https://www.youtube.com/watch?v=2Zyoovwn1YE,Osman Gökçek,,,2,osman_gokcek,
https://www.youtube.com/watch?v=xf3MuMVhgb0,Enver Aysever,,,2,enver_aysever,
https://www.youtube.com/watch?v=AcWNnAgT_BY,Medyascope,,,2,rusen_cakir,
https://www.youtube.com/watch?v=klv_2vFmXXc,Hadi Özışık,,,2,hadi_ozisik,
https://www.youtube.com/watch?v=Mw_O5zpZ6no,Turgay Güler,,,2,turgay_guler,
https://www.youtube.com/watch?v=xIIbkuphvCY,Osman Gökçek,,,2,osman_gokcek,
https://www.youtube.com/watch?v=OMSWiHyx1BM,Osman Gökçek,,,2,osman_gokcek,
https://www.youtube.com/watch?v=HtevBzb4sQ4,Deniz Zeyrek,,,2,deniz_zeyrek,
https://www.youtube.com/watch?v=a_Mb0xI61hA,Sabahattin Önkibar,,,2,sabahattin_onkibar,
https://www.youtube.com/watch?v=bC5-91kCOuE,Yılmaz Özdil,,,2,yilmaz_ozdil,
https://www.youtube.com/watch?v=GJAOBohT_6U,Fatih Portakal TV,,,2,fatih_portakal,
https://www.youtube.com/watch?v=_lN4di--cwY,Turgay Güler,,,2,turgay_guler,
https://www.youtube.com/watch?v=5qL12NC7pwA,Hadi Özışık,,,2,hadi_ozisik,
https://www.youtube.com/watch?v=21Io4apo4J8,Sözcü TV,,,2,ismail_kucukkaya,
https://www.youtube.com/watch?v=FT9LpmEANwY,Enver Aysever,,,2,enver_aysever,
https://www.youtube.com/watch?v=wkj_My6RT8U,Osman Gökçek,,,2,osman_gokcek,
https://www.youtube.com/watch?v=c7z3QOs6z-o,Hadi Özışık,,,2,hadi_ozisik,
https://www.youtube.com/watch?v=06ffyyk5c3Q,Medyascope,,,2,rusen_cakir,
https://www.youtube.com/watch?v=BRiGwKwWKF8,Osman Gökçek,,,2,osman_gokcek,
https://www.youtube.com/watch?v=VrjO2EL7HpE,Enver Aysever,,,2,enver_aysever,
https://www.youtube.com/watch?v=hdxtTEcLL3I,Turgay Güler,,,2,turgay_guler,
https://www.youtube.com/watch?v=kucmGjqISNc,Fatih Portakal TV,,,2,fatih_portakal,
https://www.youtube.com/watch?v=dQvvm2uxo2I,Hadi Özışık,,,2,hadi_ozisik,
https://www.youtube.com/watch?v=F8BH1d3bNmc,Nagehan Alçı,,,2,nagehan_alci,
https://www.youtube.com/watch?v=-CgY_sITJSo,Osman Gökçek,,,2,osman_gokcek,
https://www.youtube.com/watch?v=JZ83Ba3yzh0,Sabahattin Önkibar,,,2,sabahattin_onkibar,
https://www.youtube.com/watch?v=ilDS5D1F8zs,Enver Aysever,,,2,enver_aysever,
https://www.youtube.com/watch?v=PTcxAYZDXH0,Turgay Güler,,,2,turgay_guler,
https://www.youtube.com/watch?v=YqbJCyfXw1A,Enver Aysever,,,2,enver_aysever,
https://www.youtube.com/watch?v=FhAgzYoIlvg,Osman Gökçek,,,2,osman_gokcek,
https://www.youtube.com/watch?v=Yxhq1BD5q08,Fatih Altaylı,,,2,fatih_altayli,
https://www.youtube.com/watch?v=IPCVei6toWM,Medyascope,,,2,rusen_cakir,
https://www.youtube.com/watch?v=DVFshkUt4tg,Enver Aysever,,,2,enver_aysever,
https://www.youtube.com/watch?v=1iRbgffZyYM,Osman Gökçek,,,2,osman_gokcek,
https://www.youtube.com/watch?v=_pqLb_RP1uw,Fatih Portakal TV,,,2,fatih_portakal,
https://www.youtube.com/watch?v=O7JvWrpKKkI,Turgay Güler,,,2,turgay_guler,
https://www.youtube.com/watch?v=TshitfJ_tuM,Levent Gültekin,,,2,levent_gultekin,
https://www.youtube.com/watch?v=5SgklOb0Kew,Hadi Özışık,,,2,hadi_ozisik,
https://www.youtube.com/watch?v=3c0Xqy2MtMY,Osman Gökçek,,,2,osman_gokcek,
https://www.youtube.com/watch?v=oSEUm2nfJFY,Osman Gökçek,,,2,osman_gokcek,
https://www.youtube.com/watch?v=fkyXIkltm4M,Enver Aysever,,,2,enver_aysever,
https://www.youtube.com/watch?v=vpxQaJ2LA-s,Sabahattin Önkibar,,,2,sabahattin_onkibar,
https://www.youtube.com/watch?v=eElRNgqswm8,Fatih Portakal TV,,,2,fatih_portakal,
https://www.youtube.com/watch?v=kxsfqRoK8TI,Turgay Güler,,,2,turgay_guler,
https://www.youtube.com/watch?v=-cG_3Plp6Tk,Hadi Özışık,,,2,hadi_ozisik,
https://www.youtube.com/watch?v=f2A5A_WHv5A,Osman Gökçek,,,2,osman_gokcek,
https://www.youtube.com/watch?v=uhkgx0vUZtM,Enver Aysever,,,2,enver_aysever,
https://www.youtube.com/watch?v=s-jWZW8S_T4,Halk TV,,,2,ismail_kucukkaya,
https://www.youtube.com/watch?v=ZYwpqQTqmBA,Deniz Zeyrek,,,2,deniz_zeyrek,
https://www.youtube.com/watch?v=Swmnw_cvio4,Osman Gökçek,,,2,osman_gokcek,
https://www.youtube.com/watch?v=HXQQaUD8-uM,Yılmaz Özdil,,,2,yilmaz_ozdil,
https://www.youtube.com/watch?v=sL_dgqLPf4Q,Nagehan Alçı,,,2,nagehan_alci,
https://www.youtube.com/watch?v=cyfEd72hPxo,Enver Aysever,,,2,enver_aysever,
https://www.youtube.com/watch?v=95-Ojx3id34,Medyascope,,,2,rusen_cakir,
https://www.youtube.com/watch?v=b3hPM4QAK9U,Osman Gökçek,,,2,osman_gokcek,
https://www.youtube.com/watch?v=GF1cospMDVk,Fatih Portakal TV,,,2,fatih_portakal,
https://www.youtube.com/watch?v=KlM5593uviM,Hadi Özışık,,,2,hadi_ozisik,
https://www.youtube.com/watch?v=7HVEmGx-b5s,Turgay Güler,,,2,turgay_guler,
https://www.youtube.com/watch?v=RnOr-2d4jAk,Sabahattin Önkibar,,,2,sabahattin_onkibar,
https://www.youtube.com/watch?v=YOH7Di8r6Wg,Hadi Özışık,,,2,hadi_ozisik,
https://www.youtube.com/watch?v=8ty8pbB4SKI,Enver Aysever,,,2,enver_aysever,
https://www.youtube.com/watch?v=wbBKJZQMSVQ,Osman Gökçek,,,2,osman_gokcek,
https://www.youtube.com/watch?v=Dkfi8hlm_bI,Hadi Özışık,,,2,hadi_ozisik,
https://www.youtube.com/watch?v=4biehAh8aUQ,Turgay Güler,,,2,turgay_guler,
https://www.youtube.com/watch?v=uCy6A9qm_78,Fatih Portakal TV,,,2,fatih_portakal,
https://www.youtube.com/watch?v=MHMpbnA9yx8,Medyascope,,,2,rusen_cakir,
https://www.youtube.com/watch?v=dyGzKweWDI4,Osman Gökçek,,,2,osman_gokcek,
https://www.youtube.com/watch?v=o8mWBQMmQIU,Hadi Özışık,,,2,hadi_ozisik,
https://www.youtube.com/watch?v=u31ZiQbdv9U,Nagehan Alçı,,,2,nagehan_alci,
https://www.youtube.com/watch?v=yZ3K2_wqy3U,Hadi Özışık,,,2,hadi_ozisik,
https://www.youtube.com/watch?v=j7cPsKKaar0,Enver Aysever,,,2,enver_aysever,
https://www.youtube.com/watch?v=VQY5Izxc1T4,Levent Gültekin,,,2,levent_gultekin,
https://www.youtube.com/watch?v=EtXRgmLgNek,Sabahattin Önkibar,,,2,sabahattin_onkibar,
https://www.youtube.com/watch?v=IbX3NymhJZE,Turgay Güler,,,2,turgay_guler,
https://www.youtube.com/watch?v=lnVW2NVQIbw,Fatih Portakal TV,,,2,fatih_portakal,
https://www.youtube.com/watch?v=tBxIUyr0HNc,Osman Gökçek,,,2,osman_gokcek,
https://www.youtube.com/watch?v=kx2V7xVe_Us,Hadi Özışık,,,2,hadi_ozisik,
https://www.youtube.com/watch?v=bCvGjwbtrw0,Sözcü TV,,,2,ismail_kucukkaya,
https://www.youtube.com/watch?v=_FRA0l0tA1k,Turgay Güler,,,2,turgay_guler,
https://www.youtube.com/watch?v=D67UsSljQTU,Osman Gökçek,,,2,osman_gokcek,
https://www.youtube.com/watch?v=R6T0Ya8oMcI,Fatih Altaylı,,,2,fatih_altayli,
https://www.youtube.com/watch?v=sIEJAsDprKU,Fatih Portakal TV,,,2,fatih_portakal,
https://www.youtube.com/watch?v=KTlu21qTeBg,Deniz Zeyrek,,,2,deniz_zeyrek,
https://www.youtube.com/watch?v=tQEIKeiGvmA,Hadi Özışık,,,2,hadi_ozisik,
https://www.youtube.com/watch?v=e0fmNqJpto0,Enver Aysever,,,2,enver_aysever,
https://www.youtube.com/watch?v=_4VslHxCfmQ,Yılmaz Özdil,,,2,yilmaz_ozdil,
https://www.youtube.com/watch?v=VExSeIGTVYQ,Osman Gökçek,,,2,osman_gokcek,
https://www.youtube.com/watch?v=V-VR-Kq-BdA,Turgay Güler,,,2,turgay_guler,
https://www.youtube.com/watch?v=QVReWkK_6Lo,Medyascope,,,2,rusen_cakir,
https://www.youtube.com/watch?v=ExUdgxj-9Kk,Osman Gökçek,,,2,osman_gokcek,
https://www.youtube.com/watch?v=qT2dgigyD98,Sabahattin Önkibar,,,2,sabahattin_onkibar,
https://www.youtube.com/watch?v=Fq_0r1dNThs,Enver Aysever,,,2,enver_aysever,
https://www.youtube.com/watch?v=4TT9Z-RYGFs,Osman Gökçek,,,2,osman_gokcek,
https://www.youtube.com/watch?v=08T1cFdKHKQ,Fatih Portakal TV,,,2,fatih_portakal,
https://www.youtube.com/watch?v=ihabbKy5e2U,Hadi Özışık,,,2,hadi_ozisik,
https://www.youtube.com/watch?v=Ogmq8eI6_TE,Turgay Güler,,,2,turgay_guler,
https://www.youtube.com/watch?v=Y5WIGY7dCbs,Nagehan Alçı,,,2,nagehan_alci,
https://www.youtube.com/watch?v=5d8qL0mbHik,Fatih Portakal TV,,,2,fatih_portakal,
https://www.youtube.com/watch?v=dwxO6Z1HcQk,Hadi Özışık,,,2,hadi_ozisik,
https://www.youtube.com/watch?v=Op2cbYzES4g,Turgay Güler,,,2,turgay_guler,
https://www.youtube.com/watch?v=Gh0gH6xiw5U,Osman Gökçek,,,2,osman_gokcek,
https://www.youtube.com/watch?v=A1Dfyss64pA,Enver Aysever,,,2,enver_aysever,
https://www.youtube.com/watch?v=oXequT_umTg,Medyascope,,,2,rusen_cakir,
https://www.youtube.com/watch?v=WRqhPSsuYiY,Sabahattin Önkibar,,,2,sabahattin_onkibar,
https://www.youtube.com/watch?v=bA-Qz_B3zxg,Hadi Özışık,,,2,hadi_ozisik,
https://www.youtube.com/watch?v=yXALD5FUDJ8,Osman Gökçek,,,2,osman_gokcek,
https://www.youtube.com/watch?v=--uHrS_En6k,Turgay Güler,,,2,turgay_guler,
https://www.youtube.com/watch?v=ZcXdfiJ4xEk,Halk TV,,,2,ismail_kucukkaya,
https://www.youtube.com/watch?v=eJE1jycd93g,Turgay Güler,,,2,turgay_guler,
https://www.youtube.com/watch?v=8QhiurTJXVE,Enver Aysever,,,2,enver_aysever,
https://www.youtube.com/watch?v=zn2EEtxTudw,Osman Gökçek,,,2,osman_gokcek,
https://www.youtube.com/watch?v=dOM3_I4Xv7M,Nagehan Alçı,,,2,nagehan_alci,
https://www.youtube.com/watch?v=50R2KCKGJGI,Levent Gültekin,,,2,levent_gultekin,
https://www.youtube.com/watch?v=okELJ5DbZRI,Deniz Zeyrek,,,2,deniz_zeyrek,
https://www.youtube.com/watch?v=LmMSIKy1RtU,Fatih Portakal TV,,,2,fatih_portakal,
https://www.youtube.com/watch?v=WZGflx3NOZA,Hadi Özışık,,,2,hadi_ozisik,
https://www.youtube.com/watch?v=UE38lbS60p8,Enver Aysever,,,2,enver_aysever,
https://www.youtube.com/watch?v=gTBKVEE8-KQ,Turgay Güler,,,2,turgay_guler,
https://www.youtube.com/watch?v=o_PukbT_IgQ,Osman Gökçek,,,2,osman_gokcek,
https://www.youtube.com/watch?v=K7-mLM89y1Y,Fatih Portakal TV,,,2,fatih_portakal,
https://www.youtube.com/watch?v=WHIKKtK6qz4,Medyascope,,,2,rusen_cakir,
https://www.youtube.com/watch?v=DowYyWn6NGk,Sabahattin Önkibar,,,2,sabahattin_onkibar,
https://www.youtube.com/watch?v=9Ww3215IB6U,Hadi Özışık,,,2,hadi_ozisik,
https://www.youtube.com/watch?v=IuiSSNii1b8,Enver Aysever,,,2,enver_aysever,
https://www.youtube.com/watch?v=YjeBjYCHNsg,Fatih Portakal TV,,,2,fatih_portakal,
https://www.youtube.com/watch?v=J30WKV-RR6Q,Osman Gökçek,,,2,osman_gokcek,
https://www.youtube.com/watch?v=30quYyC3cg0,Yılmaz Özdil,,,2,yilmaz_ozdil,
https://www.youtube.com/watch?v=jDX9VTfo2Q0,Turgay Güler,,,2,turgay_guler,
https://www.youtube.com/watch?v=8j6ftoFZ2c8,Turgay Güler,,,2,turgay_guler,
https://www.youtube.com/watch?v=hAMJvRnY_VM,Osman Gökçek,,,2,osman_gokcek,
https://www.youtube.com/watch?v=-Vj6lQhqqAo,Hadi Özışık,,,2,hadi_ozisik,
https://www.youtube.com/watch?v=889bgS_qviE,Enver Aysever,,,2,enver_aysever,
https://www.youtube.com/watch?v=SCnqFv5Tgk0,Turgay Güler,,,2,turgay_guler,
https://www.youtube.com/watch?v=qvp4sCQe5Dg,Fatih Portakal TV,,,2,fatih_portakal,
https://www.youtube.com/watch?v=htQAVd1tc1c,Nagehan Alçı,,,2,nagehan_alci,
https://www.youtube.com/watch?v=xjQ7ziK4B74,Hadi Özışık,,,2,hadi_ozisik,
https://www.youtube.com/watch?v=9YUwFiOge4Y,Osman Gökçek,,,2,osman_gokcek,
https://www.youtube.com/watch?v=1yOC147nvcw,Sabahattin Önkibar,,,2,sabahattin_onkibar,
https://www.youtube.com/watch?v=IAtke_-jKj4,Medyascope,,,2,rusen_cakir,
https://www.youtube.com/watch?v=9LWeOqhmT1k,Turgay Güler,,,2,turgay_guler,
https://www.youtube.com/watch?v=bP-yYZ1n8Yo,Osman Gökçek,,,2,osman_gokcek,
https://www.youtube.com/watch?v=0OI3KuLOizE,Fatih Altaylı,,,2,fatih_altayli,
https://www.youtube.com/watch?v=_hnZa0gvrdc,Hadi Özışık,,,2,hadi_ozisik,
https://www.youtube.com/watch?v=kfnDy9EfcJo,Sözcü TV,,,2,ismail_kucukkaya,
https://www.youtube.com/watch?v=lxRT4wvpTSs,Enver Aysever,,,2,enver_aysever,
https://www.youtube.com/watch?v=KtLguZo411c,Osman Gökçek,,,2,osman_gokcek,
https://www.youtube.com/watch?v=WaJ7BYmz6f0,Turgay Güler,,,2,turgay_guler,
https://www.youtube.com/watch?v=bo-3DGn_xPo,Hadi Özışık,,,2,hadi_ozisik,
https://www.youtube.com/watch?v=HNnjLF0-UM0,Enver Aysever,,,2,enver_aysever,
https://www.youtube.com/watch?v=ZwSAGnf9qtc,Turgay Güler,,,2,turgay_guler,
https://www.youtube.com/watch?v=FbOoaP2T_ao,Medyascope,,,2,rusen_cakir,
https://www.youtube.com/watch?v=ELLGWpghC-w,Sabahattin Önkibar,,,2,sabahattin_onkibar,
https://www.youtube.com/watch?v=sSLsElyTsdk,Hadi Özışık,,,2,hadi_ozisik,
https://www.youtube.com/watch?v=kLpQtYUhWcU,Enver Aysever,,,2,enver_aysever,
https://www.youtube.com/watch?v=lIY8fySDH6M,Deniz Zeyrek,,,2,deniz_zeyrek,
https://www.youtube.com/watch?v=INg_MF9mGU4,Osman Gökçek,,,2,osman_gokcek,
https://www.youtube.com/watch?v=UXYMjSxeMUY,Enver Aysever,,,2,enver_aysever,
https://www.youtube.com/watch?v=M-POG9P9WvQ,Nagehan Alçı,,,2,nagehan_alci,
https://www.youtube.com/watch?v=5k20pX_bIlY,Turgay Güler,,,2,turgay_guler,
https://www.youtube.com/watch?v=t0qq8fyR7Xo,Hadi Özışık,,,2,hadi_ozisik,
https://www.youtube.com/watch?v=zxKFGI6N3PE,Fatih Portakal TV,,,2,fatih_portakal,
https://www.youtube.com/watch?v=Pfe9dPDoykQ,Levent Gültekin,,,2,levent_gultekin,
https://www.youtube.com/watch?v=-IDYJt6xPr8,Turgay Güler,,,2,turgay_guler,
https://www.youtube.com/watch?v=6EM_a9VLJvw,Osman Gökçek,,,2,osman_gokcek,
https://www.youtube.com/watch?v=0MPPB-29j3Y,Hadi Özışık,,,2,hadi_ozisik,
https://www.youtube.com/watch?v=zVXJuIZj_UY,Enver Aysever,,,2,enver_aysever,
https://www.youtube.com/watch?v=BlZfqsWNYOg,Turgay Güler,,,2,turgay_guler,
https://www.youtube.com/watch?v=h4fYf2zwsAo,Yılmaz Özdil,,,2,yilmaz_ozdil,
https://www.youtube.com/watch?v=Gi7AnlyRJYg,Medyascope,,,2,rusen_cakir,
https://www.youtube.com/watch?v=XxXhtcMJhv4,Sabahattin Önkibar,,,2,sabahattin_onkibar,
https://www.youtube.com/watch?v=dzhnPEgbtZM,Enver Aysever,,,2,enver_aysever,
https://www.youtube.com/watch?v=ygwI_d--Odk,Hadi Özışık,,,2,hadi_ozisik,
https://www.youtube.com/watch?v=jOVkHvhHjQo,Turgay Güler,,,2,turgay_guler,
https://www.youtube.com/watch?v=_uhPU0anPrk,Osman Gökçek,,,2,osman_gokcek,
https://www.youtube.com/watch?v=6pDPZV4OUKI,Enver Aysever,,,2,enver_aysever,
https://www.youtube.com/watch?v=GfDhl3kclJg,Fatih Portakal TV,,,2,fatih_portakal,
https://www.youtube.com/watch?v=Mz_j2Seom7g,Enver Aysever,,,2,enver_aysever,
https://www.youtube.com/watch?v=C5Iusy9QE7E,Halk TV,,,2,ismail_kucukkaya,
https://www.youtube.com/watch?v=Ghm1VF3NhrE,Osman Gökçek,,,2,osman_gokcek,
https://www.youtube.com/watch?v=V6HnHycQGGY,Medyascope,,,2,rusen_cakir,
https://www.youtube.com/watch?v=9c-HyIJ2N1Y,Enver Aysever,,,2,enver_aysever,
https://www.youtube.com/watch?v=bfl3H-4yERM,Hadi Özışık,,,2,hadi_ozisik,
https://www.youtube.com/watch?v=Ls3wtDLem_E,Osman Gökçek,,,2,osman_gokcek,
https://www.youtube.com/watch?v=gyafmlFDCFc,Turgay Güler,,,2,turgay_guler,
https://www.youtube.com/watch?v=weDnsDlQHy4,Sabahattin Önkibar,,,2,sabahattin_onkibar,
https://www.youtube.com/watch?v=9dCq1WQ-1lM,Turgay Güler,,,2,turgay_guler,
https://www.youtube.com/watch?v=1xewI2VFvL0,Fatih Portakal TV,,,2,fatih_portakal,
https://www.youtube.com/watch?v=-nNO8o5OUFo,Nagehan Alçı,,,2,nagehan_alci,
https://www.youtube.com/watch?v=LQT0VAIwR-w,Hadi Özışık,,,2,hadi_ozisik,
https://www.youtube.com/watch?v=RvnD0LoWtQc,Fatih Altaylı,,,2,fatih_altayli,
https://www.youtube.com/watch?v=BtLNuMSxFIg,Enver Aysever,,,2,enver_aysever,
https://www.youtube.com/watch?v=oX9O1XOfYxE,Osman Gökçek,,,2,osman_gokcek,
https://www.youtube.com/watch?v=np30R_DUPCg,Deniz Zeyrek,,,2,deniz_zeyrek,
https://www.youtube.com/watch?v=iZgttj9egrM,Osman Gökçek,,,2,osman_gokcek,
https://www.youtube.com/watch?v=OtvEGBSxLXU,Medyascope,,,2,rusen_cakir,
https://www.youtube.com/watch?v=o1By6dYefbk,Turgay Güler,,,2,turgay_guler,
https://www.youtube.com/watch?v=QISXD1T7HnE,Hadi Özışık,,,2,hadi_ozisik,
https://www.youtube.com/watch?v=2VE3b5HsdgE,Fatih Portakal TV,,,2,fatih_portakal,
https://www.youtube.com/watch?v=akUJzAgPp4U,Sabahattin Önkibar,,,2,sabahattin_onkibar,
https://www.youtube.com/watch?v=5Vk9vLhPv0U,Yılmaz Özdil,,,2,yilmaz_ozdil,
https://www.youtube.com/watch?v=Gljz0WBZzfU,Osman Gökçek,,,2,osman_gokcek,
https://www.youtube.com/watch?v=DvZkqF9aqWI,Hadi Özışık,,,2,hadi_ozisik,
https://www.youtube.com/watch?v=yAsX0whm98c,Levent Gültekin,,,2,levent_gultekin,
https://www.youtube.com/watch?v=N1yRlvvUjcY,Enver Aysever,,,2,enver_aysever,
https://www.youtube.com/watch?v=IlEVC-Cl12A,Medyascope,,,2,rusen_cakir,
https://www.youtube.com/watch?v=Lgdna5kSOrs,Osman Gökçek,,,2,osman_gokcek,
https://www.youtube.com/watch?v=fQOraw-y4sw,Fatih Portakal TV,,,2,fatih_portakal,
https://www.youtube.com/watch?v=UCeZyqabwZE,Turgay Güler,,,2,turgay_guler,
https://www.youtube.com/watch?v=G_x6HVYAbv4,Nagehan Alçı,,,2,nagehan_alci,
https://www.youtube.com/watch?v=jKeJTUZERVY,Sözcü TV,,,2,ismail_kucukkaya,
https://www.youtube.com/watch?v=3O-U1OeeJ-Q,Osman Gökçek,,,2,osman_gokcek,
https://www.youtube.com/watch?v=t5WArhNvmF8,Hadi Özışık,,,2,hadi_ozisik,
https://www.youtube.com/watch?v=q9j0kkOB9M4,Enver Aysever,,,2,enver_aysever,
https://www.youtube.com/watch?v=ZspFbMuWjMI,Sabahattin Önkibar,,,2,sabahattin_onkibar,
https://www.youtube.com/watch?v=T8JmIOlzA4g,Deniz Zeyrek,,,2,deniz_zeyrek,
https://www.youtube.com/watch?v=f54rStfvZ0k,Osman Gökçek,,,2,osman_gokcek,
https://www.youtube.com/watch?v=6n4EHbzXxlA,Enver Aysever,,,2,enver_aysever,
https://www.youtube.com/watch?v=pGn1CS9viFk,Medyascope,,,2,rusen_cakir,
https://www.youtube.com/watch?v=o3NCeV90BR0,Turgay Güler,,,2,turgay_guler,
https://www.youtube.com/watch?v=Q6u-Afdrnmg,Hadi Özışık,,,2,hadi_ozisik,
https://www.youtube.com/watch?v=Uqykcwsq7fQ,Osman Gökçek,,,2,osman_gokcek,
https://www.youtube.com/watch?v=wV7z2qqK3Ng,Fatih Portakal TV,,,2,fatih_portakal,
https://www.youtube.com/watch?v=FMN1cm0CZ1c,Enver Aysever,,,2,enver_aysever,
https://www.youtube.com/watch?v=88OG8F6YDkQ,Nagehan Alçı,,,2,nagehan_alci,
https://www.youtube.com/watch?v=W4Q86O-zrLU,Fatih Portakal TV,,,2,fatih_portakal,
https://www.youtube.com/watch?v=Oh26QLJwyvQ,Osman Gökçek,,,2,osman_gokcek,
https://www.youtube.com/watch?v=ZxicxfsXRAI,Sabahattin Önkibar,,,2,sabahattin_onkibar,
https://www.youtube.com/watch?v=doBlQ9GiE1U,Osman Gökçek,,,2,osman_gokcek,
https://www.youtube.com/watch?v=6F2JUZAEIIQ,Hadi Özışık,,,2,hadi_ozisik,
https://www.youtube.com/watch?v=_6cLA6B8fJQ,Turgay Güler,,,2,turgay_guler,
https://www.youtube.com/watch?v=Wkktxuug9y0,Enver Aysever,,,2,enver_aysever,
https://www.youtube.com/watch?v=mOpqm_PTHGc,Medyascope,,,2,rusen_cakir,
https://www.youtube.com/watch?v=RVZA314fpPw,Yılmaz Özdil,,,2,yilmaz_ozdil,
https://www.youtube.com/watch?v=Q15k-4CIcrA,Osman Gökçek,,,2,osman_gokcek,
https://www.youtube.com/watch?v=5aycojn2Xno,Turgay Güler,,,2,turgay_guler,
https://www.youtube.com/watch?v=l9qW2X1gopo,Fatih Portakal TV,,,2,fatih_portakal,
https://www.youtube.com/watch?v=ys9QSyNKSmM,Fatih Altaylı,,,2,fatih_altayli,
https://www.youtube.com/watch?v=L9MIJMe_J1Q,Levent Gültekin,,,2,levent_gultekin,
https://www.youtube.com/watch?v=RdFH7OxClKo,Osman Gökçek,,,2,osman_gokcek,
https://www.youtube.com/watch?v=XRweMmB-czI,Turgay Güler,,,2,turgay_guler,
https://www.youtube.com/watch?v=V7D6M6FGnJE,Halk TV,,,2,ismail_kucukkaya,
https://www.youtube.com/watch?v=ldvceRn8VPI,Hadi Özışık,,,2,hadi_ozisik,
https://www.youtube.com/watch?v=-MoRajzWR6E,Osman Gökçek,,,2,osman_gokcek,
https://www.youtube.com/watch?v=toj0vy9OHfw,Nagehan Alçı,,,2,nagehan_alci,
https://www.youtube.com/watch?v=a1as_p60ySY,Enver Aysever,,,2,enver_aysever,
https://www.youtube.com/watch?v=fTnrht-ZHN8,Sabahattin Önkibar,,,2,sabahattin_onkibar,
https://www.youtube.com/watch?v=FrQTwSAD7vY,Fatih Portakal TV,,,2,fatih_portakal,
https://www.youtube.com/watch?v=OpdaAqdhvBY,Osman Gökçek,,,2,osman_gokcek,
https://www.youtube.com/watch?v=jO0tzjU1xvw,Turgay Güler,,,2,turgay_guler,
https://www.youtube.com/watch?v=0vMOti7u_BY,Fatih Portakal TV,,,2,fatih_portakal,
https://www.youtube.com/watch?v=veRuDQSMxQM,Hadi Özışık,,,2,hadi_ozisik,
https://www.youtube.com/watch?v=RK-NNsAm1sk,Osman Gökçek,,,2,osman_gokcek,
https://www.youtube.com/watch?v=r2VGCEysAMk,Deniz Zeyrek,,,2,deniz_zeyrek,
https://www.youtube.com/watch?v=l88XtkpxDlc,Medyascope,,,2,rusen_cakir,
https://www.youtube.com/watch?v=pfAZKYPHafQ,Fatih Portakal TV,,,2,fatih_portakal,
https://www.youtube.com/watch?v=QYLrRbf0B38,Osman Gökçek,,,2,osman_gokcek,
https://www.youtube.com/watch?v=3R7foBbHd9k,Turgay Güler,,,2,turgay_guler,
https://www.youtube.com/watch?v=81G2VCQsmNQ,Nagehan Alçı,,,2,nagehan_alci,
https://www.youtube.com/watch?v=Vh-2OtzJHqg,Osman Gökçek,,,2,osman_gokcek,
https://www.youtube.com/watch?v=u4v_IK43qVA,Enver Aysever,,,2,enver_aysever,
https://www.youtube.com/watch?v=Ma1Omz2S22o,Turgay Güler,,,2,turgay_guler,
https://www.youtube.com/watch?v=wcVrG3Wr09U,Fatih Portakal TV,,,2,fatih_portakal,
https://www.youtube.com/watch?v=sC50goDCS7g,Hadi Özışık,,,2,hadi_ozisik,
https://www.youtube.com/watch?v=XC6gZBA3QJo,Sabahattin Önkibar,,,2,sabahattin_onkibar,
https://www.youtube.com/watch?v=eWcmq6q3AsQ,Enver Aysever,,,2,enver_aysever,
https://www.youtube.com/watch?v=0H_ctyGgdVE,Osman Gökçek,,,2,osman_gokcek,
https://www.youtube.com/watch?v=Hgiqh-6gVxg,Turgay Güler,,,2,turgay_guler,
https://www.youtube.com/watch?v=_8gQF02PfeI,Hadi Özışık,,,2,hadi_ozisik,
https://www.youtube.com/watch?v=v_97sML7lFc,Sözcü TV,,,2,ismail_kucukkaya,
https://www.youtube.com/watch?v=VY6BWLahLyI,Turgay Güler,,,2,turgay_guler,
https://www.youtube.com/watch?v=ksHp-7jkDL0,Osman Gökçek,,,2,osman_gokcek,
https://www.youtube.com/watch?v=X6_ULeriBKE,Yılmaz Özdil,,,2,yilmaz_ozdil,
https://www.youtube.com/watch?v=jYpNcemulLM,Medyascope,,,2,rusen_cakir,
https://www.youtube.com/watch?v=vkgX0tFHX-c,Turgay Güler,,,2,turgay_guler,
https://www.youtube.com/watch?v=fpEQNCutsIs,Osman Gökçek,,,2,osman_gokcek,
https://www.youtube.com/watch?v=zisRXhMO9mw,Hadi Özışık,,,2,hadi_ozisik,
https://www.youtube.com/watch?v=QryuEEXaPzI,Osman Gökçek,,,2,osman_gokcek,
https://www.youtube.com/watch?v=H7Kl4gEIVW8,Halk TV,,,2,ismail_kucukkaya,
https://www.youtube.com/watch?v=XaCiJtpbzcY,Turgay Güler,,,2,turgay_guler,
https://www.youtube.com/watch?v=pO1uXMYkd9U,Fatih Portakal TV,,,2,fatih_portakal,
https://www.youtube.com/watch?v=nA8O3ya8HCQ,Enver Aysever,,,2,enver_aysever,
https://www.youtube.com/watch?v=rZ3mT6XVLKo,Sabahattin Önkibar,,,2,sabahattin_onkibar,
https://www.youtube.com/watch?v=E-ySkcpPbfU,Turgay Güler,,,2,turgay_guler,
https://www.youtube.com/watch?v=9bUJkTSOgrY,Levent Gültekin,,,2,levent_gultekin,
https://www.youtube.com/watch?v=rIgnMKEVxfY,Osman Gökçek,,,2,osman_gokcek,
https://www.youtube.com/watch?v=SUdKEQ2c5HI,Nagehan Alçı,,,2,nagehan_alci,
https://www.youtube.com/watch?v=kPfwOhnU7Fc,Fatih Portakal TV,,,2,fatih_portakal,
https://www.youtube.com/watch?v=3ERw0uFkFQ4,Medyascope,,,2,rusen_cakir,
https://www.youtube.com/watch?v=AUh4_kxf1Kk,Turgay Güler,,,2,turgay_guler,
https://www.youtube.com/watch?v=jBSaZKg0rGg,Hadi Özışık,,,2,hadi_ozisik,
https://www.youtube.com/watch?v=fzoMejM5fHA,Osman Gökçek,,,2,osman_gokcek,
https://www.youtube.com/watch?v=J6cSNn2s4Ko,Turgay Güler,,,2,turgay_guler,
https://www.youtube.com/watch?v=rbMUAqOictM,Fatih Portakal TV,,,2,fatih_portakal,
https://www.youtube.com/watch?v=cwzSbzUsjTU,Enver Aysever,,,2,enver_aysever,
https://www.youtube.com/watch?v=wD8hZjhA8SI,Deniz Zeyrek,,,2,deniz_zeyrek,
https://www.youtube.com/watch?v=sWhuodsEiD8,Turgay Güler,,,2,turgay_guler,
https://www.youtube.com/watch?v=slOZYCehGco,Osman Gökçek,,,2,osman_gokcek,
https://www.youtube.com/watch?v=Luz29_KTIiI,Sabahattin Önkibar,,,2,sabahattin_onkibar,
https://www.youtube.com/watch?v=GPYMLOf-YP4,Enver Aysever,,,2,enver_aysever,
https://www.youtube.com/watch?v=Emt532XZ-nU,Turgay Güler,,,2,turgay_guler,
https://www.youtube.com/watch?v=xP9G8Zo29hc,Hadi Özışık,,,2,hadi_ozisik,
https://www.youtube.com/watch?v=oJUHLgexj3U,Fatih Altaylı,,,2,fatih_altayli,
https://www.youtube.com/watch?v=YHhD1VCvGV0,Osman Gökçek,,,2,osman_gokcek,
https://www.youtube.com/watch?v=VWgpvMX-7kg,Fatih Portakal TV,,,2,fatih_portakal,
https://www.youtube.com/watch?v=33OCDnz4GyQ,Medyascope,,,2,rusen_cakir,
https://www.youtube.com/watch?v=nEt0I_zl244,Hadi Özışık,,,2,hadi_ozisik,
https://www.youtube.com/watch?v=T2y7hFnuVgQ,Enver Aysever,,,2,enver_aysever,
https://www.youtube.com/watch?v=gV4BOWzXWqQ,Osman Gökçek,,,2,osman_gokcek,
https://www.youtube.com/watch?v=iyikAHdl7Xg,Turgay Güler,,,2,turgay_guler,
https://www.youtube.com/watch?v=79ZVdHn1wrk,Fatih Portakal TV,,,2,fatih_portakal,
https://www.youtube.com/watch?v=xex_mwpPlw0,Osman Gökçek,,,2,osman_gokcek,
https://www.youtube.com/watch?v=-TJSDiwNPTM,Enver Aysever,,,2,enver_aysever,
https://www.youtube.com/watch?v=n80WvZmPP48,Sözcü TV,,,2,ismail_kucukkaya,
https://www.youtube.com/watch?v=ekQyTxVS5rM,Hadi Özışık,,,2,hadi_ozisik,
https://www.youtube.com/watch?v=ku8iDArkMc4,Nagehan Alçı,,,2,nagehan_alci,
https://www.youtube.com/watch?v=1a9I4vpuLjM,Turgay Güler,,,2,turgay_guler,
https://www.youtube.com/watch?v=T0_vPY2GXCo,Sabahattin Önkibar,,,2,sabahattin_onkibar,
https://www.youtube.com/watch?v=Xl-edc8CSKI,Yılmaz Özdil,,,2,yilmaz_ozdil,
https://www.youtube.com/watch?v=KBSzKieIX2Y,Enver Aysever,,,2,enver_aysever,
https://www.youtube.com/watch?v=xNScH4YwPIM,Osman Gökçek,,,2,osman_gokcek,
https://www.youtube.com/watch?v=eZt2Cd9WcD8,Osman Gökçek,,,2,osman_gokcek,
https://www.youtube.com/watch?v=v5ebLOzcAxM,Medyascope,,,2,rusen_cakir,
https://www.youtube.com/watch?v=ocu1NoKTIDQ,Turgay Güler,,,2,turgay_guler,
https://www.youtube.com/watch?v=Va3G6yKrdkw,Hadi Özışık,,,2,hadi_ozisik,
https://www.youtube.com/watch?v=iDoRdw39UxY,Osman Gökçek,,,2,osman_gokcek,
https://www.youtube.com/watch?v=CtzhYCd__jU,Enver Aysever,,,2,enver_aysever,
https://www.youtube.com/watch?v=sHMBpojGnag,Osman Gökçek,,,2,osman_gokcek,
https://www.youtube.com/watch?v=FLdaaSplIGM,Turgay Güler,,,2,turgay_guler,
https://www.youtube.com/watch?v=EwaKwlvv3DI,Fatih Portakal TV,,,2,fatih_portakal,
https://www.youtube.com/watch?v=Iyjc4ixIXKE,Deniz Zeyrek,,,2,deniz_zeyrek,
https://www.youtube.com/watch?v=Ck-GMmaws_I,Levent Gültekin,,,2,levent_gultekin,
https://www.youtube.com/watch?v=Tv_u9_shtOw,Sabahattin Önkibar,,,2,sabahattin_onkibar,
https://www.youtube.com/watch?v=27SzZnQZe1c,Hadi Özışık,,,2,hadi_ozisik,
https://www.youtube.com/watch?v=YbNCn5L4zOA,Turgay Güler,,,2,turgay_guler,
https://www.youtube.com/watch?v=NQv5TTRuj8E,Osman Gökçek,,,2,osman_gokcek,
https://www.youtube.com/watch?v=Lrigltx28l0,Osman Gökçek,,,2,osman_gokcek,
https://www.youtube.com/watch?v=iSF5AxUxPgU,Turgay Güler,,,2,turgay_guler,
https://www.youtube.com/watch?v=lhjcRzBGeOc,Nagehan Alçı,,,2,nagehan_alci,
https://www.youtube.com/watch?v=coEUQgjVLRk,Enver Aysever,,,2,enver_aysever,
https://www.youtube.com/watch?v=DYE7yee2-7g,Fatih Portakal TV,,,2,fatih_portakal,
https://www.youtube.com/watch?v=_zPJYUvxHl8,Turgay Güler,,,2,turgay_guler,
https://www.youtube.com/watch?v=om9xAj6ULWs,Medyascope,,,2,rusen_cakir,
https://www.youtube.com/watch?v=0G6SCiPSY6M,Enver Aysever,,,2,enver_aysever,
https://www.youtube.com/watch?v=d-Zs1dM3d5U,Osman Gökçek,,,2,osman_gokcek,
https://www.youtube.com/watch?v=8VxHHWZSwXk,Deniz Zeyrek,,,2,deniz_zeyrek,
https://www.youtube.com/watch?v=LE0VAHIsSPk,Hadi Özışık,,,2,hadi_ozisik,
https://www.youtube.com/watch?v=CmHwRCq5Xgg,Sabahattin Önkibar,,,2,sabahattin_onkibar,
https://www.youtube.com/watch?v=23FOJ5NVM1s,Turgay Güler,,,2,turgay_guler,
https://www.youtube.com/watch?v=H0B-WN6txkk,Fatih Portakal TV,,,2,fatih_portakal,
https://www.youtube.com/watch?v=jxnxggtddt0,Osman Gökçek,,,2,osman_gokcek,
https://www.youtube.com/watch?v=oR_uiXb7U8Y,Halk TV,,,2,ismail_kucukkaya,
https://www.youtube.com/watch?v=h0-OR3TOI70,Hadi Özışık,,,2,hadi_ozisik,
https://www.youtube.com/watch?v=DePVs-Up5gQ,Fatih Portakal TV,,,2,fatih_portakal,
https://www.youtube.com/watch?v=imvYwB8HsZE,Osman Gökçek,,,2,osman_gokcek,
https://www.youtube.com/watch?v=TeRTXLXEq5k,Yılmaz Özdil,,,2,yilmaz_ozdil,
https://www.youtube.com/watch?v=pzIIvZoZczQ,Osman Gökçek,,,2,osman_gokcek,
https://www.youtube.com/watch?v=EcAfGm--m1s,Hadi Özışık,,,2,hadi_ozisik,
https://www.youtube.com/watch?v=Y7N5JI5aZXA,Medyascope,,,2,rusen_cakir,
https://www.youtube.com/watch?v=x8yKK-jNtYM,Fatih Altaylı,,,2,fatih_altayli,
https://www.youtube.com/watch?v=Hz5jC3_3PFk,Enver Aysever,,,2,enver_aysever,
https://www.youtube.com/watch?v=X9uGxbQbD0M,Osman Gökçek,,,2,osman_gokcek,
https://www.youtube.com/watch?v=_F6aT_6bUd0,Fatih Portakal TV,,,2,fatih_portakal,
https://www.youtube.com/watch?v=6MI-Q_z7vOc,Turgay Güler,,,2,turgay_guler,
https://www.youtube.com/watch?v=DLADMSeTwog,Nagehan Alçı,,,2,nagehan_alci,
https://www.youtube.com/watch?v=ThsGiYdVHS0,Sabahattin Önkibar,,,2,sabahattin_onkibar,
https://www.youtube.com/watch?v=mYUaHaYKxE4,Hadi Özışık,,,2,hadi_ozisik,
https://www.youtube.com/watch?v=oXcaU4Ptn_0,Osman Gökçek,,,2,osman_gokcek,
https://www.youtube.com/watch?v=KbhX3OUUisU,Turgay Güler,,,2,turgay_guler,
https://www.youtube.com/watch?v=jDFHz2dPpdI,Turgay Güler,,,2,turgay_guler,
https://www.youtube.com/watch?v=Fua8dyHo8NQ,Osman Gökçek,,,2,osman_gokcek,
https://www.youtube.com/watch?v=nn0BBFRbfho,Fatih Portakal TV,,,2,fatih_portakal,
https://www.youtube.com/watch?v=AUMWuVsCY40,Turgay Güler,,,2,turgay_guler,
https://www.youtube.com/watch?v=I-2h9quL7-I,Enver Aysever,,,2,enver_aysever,
https://www.youtube.com/watch?v=bulNPpbHI-o,Hadi Özışık,,,2,hadi_ozisik,
https://www.youtube.com/watch?v=0owqIF7BKVI,Osman Gökçek,,,2,osman_gokcek,
https://www.youtube.com/watch?v=dIvn-CRq_HU,Levent Gültekin,,,2,levent_gultekin,
https://www.youtube.com/watch?v=AZ-jmcRgV5Q,Turgay Güler,,,2,turgay_guler,
https://www.youtube.com/watch?v=CK9N3Im6Hvc,Osman Gökçek,,,2,osman_gokcek,
https://www.youtube.com/watch?v=IxYmlaUdjMk,Medyascope,,,2,rusen_cakir,
https://www.youtube.com/watch?v=bNnJ9eZNniQ,Enver Aysever,,,2,enver_aysever,
https://www.youtube.com/watch?v=H2pwrnI1pEw,Osman Gökçek,,,2,osman_gokcek,
https://www.youtube.com/watch?v=AXe1InnizWA,Hadi Özışık,,,2,hadi_ozisik,
https://www.youtube.com/watch?v=EJWO-HOEgNw,Sabahattin Önkibar,,,2,sabahattin_onkibar,
https://www.youtube.com/watch?v=lkRmgvIJhHI,Turgay Güler,,,2,turgay_guler,
https://www.youtube.com/watch?v=haJFrCLIwl0,Fatih Portakal TV,,,2,fatih_portakal,
https://www.youtube.com/watch?v=Vt7doa1Ol9M,Deniz Zeyrek,,,2,deniz_zeyrek,
https://www.youtube.com/watch?v=3GaLWNBuj-k,Sözcü TV,,,2,ismail_kucukkaya,
https://www.youtube.com/watch?v=z1U6o2DuKu0,Turgay Güler,,,2,turgay_guler,
https://www.youtube.com/watch?v=MrMev2qtHmM,Enver Aysever,,,2,enver_aysever,
https://www.youtube.com/watch?v=rNrwqWvL2Z0,Osman Gökçek,,,2,osman_gokcek,
https://www.youtube.com/watch?v=zNg10-83ZN0,Nagehan Alçı,,,2,nagehan_alci,
https://www.youtube.com/watch?v=Eq5ZmSpvsXI,Yılmaz Özdil,,,2,yilmaz_ozdil,
https://www.youtube.com/watch?v=e8mI_OpYnV4,Osman Gökçek,,,2,osman_gokcek,
https://www.youtube.com/watch?v=HRcWCwQHo84,Medyascope,,,2,rusen_cakir,
https://www.youtube.com/watch?v=yXUXzm0_LkM,Turgay Güler,,,2,turgay_guler,
https://www.youtube.com/watch?v=jv4qLtZDDBI,Fatih Portakal TV,,,2,fatih_portakal,
https://www.youtube.com/watch?v=OKk8SfcBzkQ,Fatih Portakal TV,,,2,fatih_portakal,
https://www.youtube.com/watch?v=_LVmUsk4SbQ,Enver Aysever,,,2,enver_aysever,
https://www.youtube.com/watch?v=15vWkh9ZS_Q,Osman Gökçek,,,2,osman_gokcek,
https://www.youtube.com/watch?v=EANMWzLWayI,Hadi Özışık,,,2,hadi_ozisik,
https://www.youtube.com/watch?v=CFMb8KrP4xY,Sabahattin Önkibar,,,2,sabahattin_onkibar,
https://www.youtube.com/watch?v=edyrentG3qo,Turgay Güler,,,2,turgay_guler,
https://www.youtube.com/watch?v=hGO4uN_JTkk,Fatih Portakal TV,,,2,fatih_portakal,
https://www.youtube.com/watch?v=vtgT4JCm3Gc,Turgay Güler,,,2,turgay_guler,
https://www.youtube.com/watch?v=0yt0-b-zSQU,Osman Gökçek,,,2,osman_gokcek,
https://www.youtube.com/watch?v=r2bDX8V9qaA,Hadi Özışık,,,2,hadi_ozisik,
https://www.youtube.com/watch?v=iSeuC8lYjyY,Turgay Güler,,,2,turgay_guler,
https://www.youtube.com/watch?v=nrkC58hdSbw,Deniz Zeyrek,,,2,deniz_zeyrek,
https://www.youtube.com/watch?v=KfXO8rPTY6I,Enver Aysever,,,2,enver_aysever,
https://www.youtube.com/watch?v=C15Twhkt5k8,Medyascope,,,2,rusen_cakir,
https://www.youtube.com/watch?v=rnYKymjbIjA,Osman Gökçek,,,2,osman_gokcek,
https://www.youtube.com/watch?v=h2b7V8rjrLM,Hadi Özışık,,,2,hadi_ozisik,
https://www.youtube.com/watch?v=RKJVymFiwEE,Turgay Güler,,,2,turgay_guler,
https://www.youtube.com/watch?v=yL6XcACW0yE,Osman Gökçek,,,2,osman_gokcek,
https://www.youtube.com/watch?v=DYFxBtXXQZA,Enver Aysever,,,2,enver_aysever,
https://www.youtube.com/watch?v=hBJEKCcqgoo,Sabahattin Önkibar,,,2,sabahattin_onkibar,
https://www.youtube.com/watch?v=bY9FtRORRAU,Osman Gökçek,,,2,osman_gokcek,
https://www.youtube.com/watch?v=BWPCH8djKz4,Fatih Altaylı,,,2,fatih_altayli,
https://www.youtube.com/watch?v=BDKFA8jNr_8,Fatih Portakal TV,,,2,fatih_portakal,
https://www.youtube.com/watch?v=RMrFjyvcgA0,Nagehan Alçı,,,2,nagehan_alci,
https://www.youtube.com/watch?v=boGkebBtvBQ,Turgay Güler,,,2,turgay_guler,
https://www.youtube.com/watch?v=I2z8TvTxyEk,Levent Gültekin,,,2,levent_gultekin,
https://www.youtube.com/watch?v=PM8YPwUeSPI,Hadi Özışık,,,2,hadi_ozisik,
https://www.youtube.com/watch?v=MGWwo4A_lto,Halk TV,,,2,ismail_kucukkaya,
https://www.youtube.com/watch?v=qyC5rbYqeHA,Enver Aysever,,,2,enver_aysever,
https://www.youtube.com/watch?v=loYRe64909o,Fatih Portakal TV,,,2,fatih_portakal,
https://www.youtube.com/watch?v=XNTe811ttsA,Turgay Güler,,,2,turgay_guler,
https://www.youtube.com/watch?v=n6j1Sy54K90,Medyascope,,,2,rusen_cakir,
https://www.youtube.com/watch?v=3ZVCq0kf0xA,Osman Gökçek,,,2,osman_gokcek,
https://www.youtube.com/watch?v=A1Mg9eVuyJk,Turgay Güler,,,2,turgay_guler,
https://www.youtube.com/watch?v=NYsAqD5gC0c,Osman Gökçek,,,2,osman_gokcek,
https://www.youtube.com/watch?v=dZFdd5222AQ,Yılmaz Özdil,,,2,yilmaz_ozdil,
https://www.youtube.com/watch?v=Fyqyc3dKjoY,Hadi Özışık,,,2,hadi_ozisik,
https://www.youtube.com/watch?v=E2RbNrsBFAk,Enver Aysever,,,2,enver_aysever,
https://www.youtube.com/watch?v=DeLeamRZyp4,Turgay Güler,,,2,turgay_guler,
https://www.youtube.com/watch?v=71yLQdftnMY,Osman Gökçek,,,2,osman_gokcek,
https://www.youtube.com/watch?v=4LqrlbXf4SM,Sabahattin Önkibar,,,2,sabahattin_onkibar,
https://www.youtube.com/watch?v=-1sxH6DnB1I,Turgay Güler,,,2,turgay_guler,
https://www.youtube.com/watch?v=6QBSg_u7U6c,Nagehan Alçı,,,2,nagehan_alci,
https://www.youtube.com/watch?v=oYBYstHhxOs,Fatih Portakal TV,,,2,fatih_portakal,
https://www.youtube.com/watch?v=DFr0sZibgx8,Deniz Zeyrek,,,2,deniz_zeyrek,
https://www.youtube.com/watch?v=cUsFbkqiIPE,Hadi Özışık,,,2,hadi_ozisik,
https://www.youtube.com/watch?v=YKB0c3rF9Q0,Osman Gökçek,,,2,osman_gokcek,
https://www.youtube.com/watch?v=_VwCOw4zQ0Q,Medyascope,,,2,rusen_cakir,
https://www.youtube.com/watch?v=es-72nc1vng,Osman Gökçek,,,2,osman_gokcek,
https://www.youtube.com/watch?v=TKxN76BHneI,Turgay Güler,,,2,turgay_guler,
https://www.youtube.com/watch?v=pGX5SdJhEqc,Hadi Özışık,,,2,hadi_ozisik,
https://www.youtube.com/watch?v=ZadrVOnugGA,Osman Gökçek,,,2,osman_gokcek,
https://www.youtube.com/watch?v=tQWFk5W4J5Y,Enver Aysever,,,2,enver_aysever,
https://www.youtube.com/watch?v=04bA492uI9k,Turgay Güler,,,2,turgay_guler,
https://www.youtube.com/watch?v=sXYsJl7yY-4,Sabahattin Önkibar,,,2,sabahattin_onkibar,
https://www.youtube.com/watch?v=yhtDZvECRzY,Osman Gökçek,,,2,osman_gokcek,
https://www.youtube.com/watch?v=8Ee1UfIWW2A,Enver Aysever,,,2,enver_aysever,
https://www.youtube.com/watch?v=FQk30OJaQy8,Nagehan Alçı,,,2,nagehan_alci,
https://www.youtube.com/watch?v=JT4nv-xQRAg,Turgay Güler,,,2,turgay_guler,
https://www.youtube.com/watch?v=_qg1Kp0NOjU,Fatih Portakal TV,,,2,fatih_portakal,
https://www.youtube.com/watch?v=AUG7utZ5f_0,Hadi Özışık,,,2,hadi_ozisik,
https://www.youtube.com/watch?v=jL95y83BZLI,Osman Gökçek,,,2,osman_gokcek,
https://www.youtube.com/watch?v=Mr6XfrPmbcg,Medyascope,,,2,rusen_cakir,
https://www.youtube.com/watch?v=MRlF1TybfKw,Sözcü TV,,,2,ismail_kucukkaya,
https://www.youtube.com/watch?v=wa6C1eYnPGQ,Enver Aysever,,,2,enver_aysever,
https://www.youtube.com/watch?v=pnuoPpasbss,Osman Gökçek,,,2,osman_gokcek,
https://www.youtube.com/watch?v=GzbXoIFbN_A,Turgay Güler,,,2,turgay_guler,
https://www.youtube.com/watch?v=N07cYXzbufc,Fatih Portakal TV,,,2,fatih_portakal,
https://www.youtube.com/watch?v=R_6sDCbrvME,Osman Gökçek,,,2,osman_gokcek,
https://www.youtube.com/watch?v=zDoozsemamI,Osman Gökçek,,,2,osman_gokcek,
https://www.youtube.com/watch?v=r_TxQZGdUgM,Yılmaz Özdil,,,2,yilmaz_ozdil,
https://www.youtube.com/watch?v=9Q8W7sZWMFk,Hadi Özışık,,,2,hadi_ozisik,
https://www.youtube.com/watch?v=X8yKrFZrBIg,Fatih Altaylı,,,2,fatih_altayli,
https://www.youtube.com/watch?v=vPV4VLcOJUc,Sabahattin Önkibar,,,2,sabahattin_onkibar,
https://www.youtube.com/watch?v=II9ICi6750c,Enver Aysever,,,2,enver_aysever,
https://www.youtube.com/watch?v=FCvrXtH3Tig,Levent Gültekin,,,2,levent_gultekin,
https://www.youtube.com/watch?v=m8XG1l6sDkM,Fatih Portakal TV,,,2,fatih_portakal,
https://www.youtube.com/watch?v=p3jWHjShVu8,Turgay Güler,,,2,turgay_guler,
https://www.youtube.com/watch?v=bOAPHPXgZ3c,Hadi Özışık,,,2,hadi_ozisik,
https://www.youtube.com/watch?v=j3QfI4GXY94,Enver Aysever,,,2,enver_aysever,
https://www.youtube.com/watch?v=_LFTcluJeWc,Medyascope,,,2,rusen_cakir,
https://www.youtube.com/watch?v=4t6-Cpur74E,Deniz Zeyrek,,,2,deniz_zeyrek,
https://www.youtube.com/watch?v=dinAEq8fWZI,Osman Gökçek,,,2,osman_gokcek,
https://www.youtube.com/watch?v=_likt4QobQc,Turgay Güler,,,2,turgay_guler,
https://www.youtube.com/watch?v=vAmmtsMfekM,Osman Gökçek,,,2,osman_gokcek,
https://www.youtube.com/watch?v=DtKnI1nfMEE,Nagehan Alçı,,,2,nagehan_alci,
https://www.youtube.com/watch?v=Irt6eJhz3pk,Hadi Özışık,,,2,hadi_ozisik,
https://www.youtube.com/watch?v=iaSPz1v8dVU,Osman Gökçek,,,2,osman_gokcek,
https://www.youtube.com/watch?v=AiN3tsJoV1Q,Halk TV,,,2,ismail_kucukkaya,
https://www.youtube.com/watch?v=QPSBXQaBC-U,Osman Gökçek,,,2,osman_gokcek,
https://www.youtube.com/watch?v=lKOh308x-TA,Fatih Portakal TV,,,2,fatih_portakal,
https://www.youtube.com/watch?v=FNLkQNbXhVg,Enver Aysever,,,2,enver_aysever,
https://www.youtube.com/watch?v=OzLv9d-tSE4,Hadi Özışık,,,2,hadi_ozisik,
https://www.youtube.com/watch?v=UGzIS7BDlgQ,Sabahattin Önkibar,,,2,sabahattin_onkibar,
https://www.youtube.com/watch?v=442ZcHKqCwk,Osman Gökçek,,,2,osman_gokcek,
https://www.youtube.com/watch?v=nR0j-jB7DZw,Medyascope,,,2,rusen_cakir,
https://www.youtube.com/watch?v=Kvp_Y5ca0HE,Osman Gökçek,,,2,osman_gokcek,
https://www.youtube.com/watch?v=WYQMvNo3Sbo,Enver Aysever,,,2,enver_aysever,
https://www.youtube.com/watch?v=-dZ3JrZZA_k,Turgay Güler,,,2,turgay_guler,
https://www.youtube.com/watch?v=TP9IVsjVaYc,Hadi Özışık,,,2,hadi_ozisik,
https://www.youtube.com/watch?v=0KDeZI8qmJc,Fatih Portakal TV,,,2,fatih_portakal,
https://www.youtube.com/watch?v=Br0ukDcweG8,Osman Gökçek,,,2,osman_gokcek,
https://www.youtube.com/watch?v=8hFKX8zjtUw,Enver Aysever,,,2,enver_aysever,
https://www.youtube.com/watch?v=95zncCaVvcw,Yılmaz Özdil,,,2,yilmaz_ozdil,
https://www.youtube.com/watch?v=QmjDx0_LfWQ,Nagehan Alçı,,,2,nagehan_alci,
https://www.youtube.com/watch?v=cc9IhkULWcY,Hadi Özışık,,,2,hadi_ozisik,
https://www.youtube.com/watch?v=w9N8e7Av9mY,Fatih Portakal TV,,,2,fatih_portakal,
https://www.youtube.com/watch?v=URyQsYSM0M4,Sabahattin Önkibar,,,2,sabahattin_onkibar,
https://www.youtube.com/watch?v=_H-G3rvFBds,Turgay Güler,,,2,turgay_guler,
https://www.youtube.com/watch?v=Tkxjrb_NwhQ,Enver Aysever,,,2,enver_aysever,
https://www.youtube.com/watch?v=NshCovnviro,Osman Gökçek,,,2,osman_gokcek,
https://www.youtube.com/watch?v=xTEn6tySrLk,Medyascope,,,2,rusen_cakir,
https://www.youtube.com/watch?v=bRZj72C9PU4,Osman Gökçek,,,2,osman_gokcek,
https://www.youtube.com/watch?v=lawp2-p0WmM,Hadi Özışık,,,2,hadi_ozisik,
https://www.youtube.com/watch?v=VyTTeMbz3Mw,Enver Aysever,,,2,enver_aysever,
https://www.youtube.com/watch?v=lKI6w9suq0s,Osman Gökçek,,,2,osman_gokcek,
https://www.youtube.com/watch?v=E7z158PHNsc,Turgay Güler,,,2,turgay_guler,
https://www.youtube.com/watch?v=y2ZIaUfuH58,Levent Gültekin,,,2,levent_gultekin,
https://www.youtube.com/watch?v=et_a_kflLVM,Hadi Özışık,,,2,hadi_ozisik,
https://www.youtube.com/watch?v=ScgdkhRIcIQ,Enver Aysever,,,2,enver_aysever,
https://www.youtube.com/watch?v=YFitMm3JBWo,Osman Gökçek,,,2,osman_gokcek,
https://www.youtube.com/watch?v=_XShCQlyG48,Fatih Portakal TV,,,2,fatih_portakal,
https://www.youtube.com/watch?v=Htku6R1SGjA,Deniz Zeyrek,,,2,deniz_zeyrek,
https://www.youtube.com/watch?v=8K23t9dqwo8,Sözcü TV,,,2,ismail_kucukkaya,
https://www.youtube.com/watch?v=Yue2CzN0hJs,Nagehan Alçı,,,2,nagehan_alci,
https://www.youtube.com/watch?v=RUptPAl07dk,Turgay Güler,,,2,turgay_guler,
https://www.youtube.com/watch?v=7lWson-61YA,Sabahattin Önkibar,,,2,sabahattin_onkibar,
https://www.youtube.com/watch?v=QOjiTvxBJrQ,Enver Aysever,,,2,enver_aysever,
https://www.youtube.com/watch?v=Otn2bGHy8Nk,Medyascope,,,2,rusen_cakir,
https://www.youtube.com/watch?v=kqVDdZKs9pc,Hadi Özışık,,,2,hadi_ozisik,
https://www.youtube.com/watch?v=2qzl-BGk7Pc,Fatih Portakal TV,,,2,fatih_portakal,
https://www.youtube.com/watch?v=qWQV26Ks2j0,Osman Gökçek,,,2,osman_gokcek,
https://www.youtube.com/watch?v=efPpNsr44ZM,Osman Gökçek,,,2,osman_gokcek,
https://www.youtube.com/watch?v=JC2fC1LuOeo,Enver Aysever,,,2,enver_aysever,
https://www.youtube.com/watch?v=qAq4im7y5hA,Halk TV,,,2,ismail_kucukkaya,
https://www.youtube.com/watch?v=7KC-LuexcOI,Hadi Özışık,,,2,hadi_ozisik,
https://www.youtube.com/watch?v=rkTPyUyzrhc,Turgay Güler,,,2,turgay_guler,
https://www.youtube.com/watch?v=cxOYXyTcCi8,Fatih Altaylı,,,2,fatih_altayli,
https://www.youtube.com/watch?v=9pElmhklx0E,Fatih Portakal TV,,,2,fatih_portakal,
https://www.youtube.com/watch?v=PH_Nxo5h2qQ,Hadi Özışık,,,2,hadi_ozisik,
https://www.youtube.com/watch?v=S-X41yEXq8o,Osman Gökçek,,,2,osman_gokcek,
https://www.youtube.com/watch?v=_QtA1W1vxjM,Enver Aysever,,,2,enver_aysever,
https://www.youtube.com/watch?v=4PUS3beGvYk,Osman Gökçek,,,2,osman_gokcek,
https://www.youtube.com/watch?v=4XB3ZnLVvgM,Nagehan Alçı,,,2,nagehan_alci,
https://www.youtube.com/watch?v=pKxoMFMwTao,Yılmaz Özdil,,,2,yilmaz_ozdil,
https://www.youtube.com/watch?v=0K1yOJkZnvo,Hadi Özışık,,,2,hadi_ozisik,
https://www.youtube.com/watch?v=-AQPKucDaEQ,Turgay Güler,,,2,turgay_guler,
https://www.youtube.com/watch?v=itv3ipfpcuw,Sabahattin Önkibar,,,2,sabahattin_onkibar,
https://www.youtube.com/watch?v=_j3nrpB7a3U,Enver Aysever,,,2,enver_aysever,
https://www.youtube.com/watch?v=af3abTAp-0I,Medyascope,,,2,rusen_cakir,
https://www.youtube.com/watch?v=P0WLVv15Eco,Osman Gökçek,,,2,osman_gokcek,
https://www.youtube.com/watch?v=lulvPIzF7Es,Hadi Özışık,,,2,hadi_ozisik,
https://www.youtube.com/watch?v=FLlrP1H2pHo,Turgay Güler,,,2,turgay_guler,
https://www.youtube.com/watch?v=KOMCkUWtzCc,Osman Gökçek,,,2,osman_gokcek,
https://www.youtube.com/watch?v=fLB4FeZbTuI,Deniz Zeyrek,,,2,deniz_zeyrek,
https://www.youtube.com/watch?v=_CQqqLKY3WM,Osman Gökçek,,,2,osman_gokcek,
https://www.youtube.com/watch?v=CpG1CVEXgSI,Fatih Portakal TV,,,2,fatih_portakal,
https://www.youtube.com/watch?v=7jF-mUZgjVk,Hadi Özışık,,,2,hadi_ozisik,
https://www.youtube.com/watch?v=d9Z7u9Zd5eM,Enver Aysever,,,2,enver_aysever,
https://www.youtube.com/watch?v=LS9wCG9gDn4,Nagehan Alçı,,,2,nagehan_alci,
https://www.youtube.com/watch?v=9d5uuzdwtPI,Turgay Güler,,,2,turgay_guler,
https://www.youtube.com/watch?v=af1hYPrAM2w,Levent Gültekin,,,2,levent_gultekin,
https://www.youtube.com/watch?v=vtRgBo8IMH0,Sabahattin Önkibar,,,2,sabahattin_onkibar,
https://www.youtube.com/watch?v=-3sqD5x08Zw,Hadi Özışık,,,2,hadi_ozisik,
https://www.youtube.com/watch?v=mQbyoIKqT8Y,Fatih Portakal TV,,,2,fatih_portakal,
https://www.youtube.com/watch?v=XgOOhaw1jH0,Enver Aysever,,,2,enver_aysever,
https://www.youtube.com/watch?v=AodK8E1hb9c,Osman Gökçek,,,2,osman_gokcek,
https://www.youtube.com/watch?v=9ldh0fy-qQY,Medyascope,,,2,rusen_cakir,
https://www.youtube.com/watch?v=JxRXKBeCJeE,Osman Gökçek,,,2,osman_gokcek,
https://www.youtube.com/watch?v=l-zOSbrDsdA,Hadi Özışık,,,2,hadi_ozisik,
https://www.youtube.com/watch?v=h9n5SRNuTa0,Sözcü TV,,,2,ismail_kucukkaya,
https://www.youtube.com/watch?v=uzBFNjeFUZc,Enver Aysever,,,2,enver_aysever,
https://www.youtube.com/watch?v=tRyi7_atbxs,Turgay Güler,,,2,turgay_guler,
https://www.youtube.com/watch?v=S27pbIxCr6Q,Osman Gökçek,,,2,osman_gokcek,
https://www.youtube.com/watch?v=dSqeY5FmvvA,Enver Aysever,,,2,enver_aysever,
https://www.youtube.com/watch?v=-KKe-Rbq3kc,Fatih Portakal TV,,,2,fatih_portakal,
https://www.youtube.com/watch?v=9XuKSJW3nKs,Osman Gökçek,,,2,osman_gokcek,
https://www.youtube.com/watch?v=0a5hgGOqwrk,Yılmaz Özdil,,,2,yilmaz_ozdil,
https://www.youtube.com/watch?v=5DhlwDQr9i0,Sabahattin Önkibar,,,2,sabahattin_onkibar,
https://www.youtube.com/watch?v=pEVHANa0uJo,Nagehan Alçı,,,2,nagehan_alci,
https://www.youtube.com/watch?v=CFZgttJaFPk,Turgay Güler,,,2,turgay_guler,
https://www.youtube.com/watch?v=t49LEoi-37A,Enver Aysever,,,2,enver_aysever,
https://www.youtube.com/watch?v=XOJXUH3lpNo,Medyascope,,,2,rusen_cakir,
https://www.youtube.com/watch?v=nemGJRDBvB8,Hadi Özışık,,,2,hadi_ozisik,
https://www.youtube.com/watch?v=k5V9yIRsiu8,Osman Gökçek,,,2,osman_gokcek,
https://www.youtube.com/watch?v=lNXdzq5DyiA,Deniz Zeyrek,,,2,deniz_zeyrek,
https://www.youtube.com/watch?v=GnCIN9qhLSU,Hadi Özışık,,,2,hadi_ozisik,
https://www.youtube.com/watch?v=BuXiV7z8SS0,Osman Gökçek,,,2,osman_gokcek,
https://www.youtube.com/watch?v=g1g-Kp-4Ut0,Halk TV,,,2,ismail_kucukkaya,
https://www.youtube.com/watch?v=1frWQb7DhuM,Hadi Özışık,,,2,hadi_ozisik,
https://www.youtube.com/watch?v=qqPh2Mpbp6w,Fatih Altaylı,,,2,fatih_altayli,
https://www.youtube.com/watch?v=Q6c0-W9Py9U,Osman Gökçek,,,2,osman_gokcek,
https://www.youtube.com/watch?v=fHpiX-5c1jM,Fatih Portakal TV,,,2,fatih_portakal,
https://www.youtube.com/watch?v=tf9yJkW7zUU,Sabahattin Önkibar,,,2,sabahattin_onkibar,
https://www.youtube.com/watch?v=UjSWck3U1w4,Turgay Güler,,,2,turgay_guler,
https://www.youtube.com/watch?v=SCvsgMR6sxA,Enver Aysever,,,2,enver_aysever,
https://www.youtube.com/watch?v=keunyE7_p_I,Medyascope,,,2,rusen_cakir,
https://www.youtube.com/watch?v=N3kxnV2yrFE,Hadi Özışık,,,2,hadi_ozisik,
https://www.youtube.com/watch?v=ABJ71e5CGNc,Osman Gökçek,,,2,osman_gokcek,
https://www.youtube.com/watch?v=UIaheLgF4vI,Enver Aysever,,,2,enver_aysever,
https://www.youtube.com/watch?v=8fOOUHEe5B8,Fatih Portakal TV,,,2,fatih_portakal,
https://www.youtube.com/watch?v=tTmZH-UaFaY,Nagehan Alçı,,,2,nagehan_alci,
https://www.youtube.com/watch?v=ofyp88etORE,Osman Gökçek,,,2,osman_gokcek,
https://www.youtube.com/watch?v=0anATiIZFO0,Enver Aysever,,,2,enver_aysever,
https://www.youtube.com/watch?v=MN15CnyAifI,Levent Gültekin,,,2,levent_gultekin,
https://www.youtube.com/watch?v=WHELNESza5w,Hadi Özışık,,,2,hadi_ozisik,
https://www.youtube.com/watch?v=JhQ4SackSco,Turgay Güler,,,2,turgay_guler,
https://www.youtube.com/watch?v=fV18UrocPO0,Osman Gökçek,,,2,osman_gokcek,
https://www.youtube.com/watch?v=JKluu8r-oyc,Fatih Portakal TV,,,2,fatih_portakal,
https://www.youtube.com/watch?v=ZVFC0WXrhNs,Hadi Özışık,,,2,hadi_ozisik,
https://www.youtube.com/watch?v=9emJ35-QxeU,Sabahattin Önkibar,,,2,sabahattin_onkibar,
https://www.youtube.com/watch?v=T-jcpTBmkyk,Enver Aysever,,,2,enver_aysever,
https://www.youtube.com/watch?v=poYRx80q724,Medyascope,,,2,rusen_cakir,
https://www.youtube.com/watch?v=HKbeEamPuxQ,Osman Gökçek,,,2,osman_gokcek,
https://www.youtube.com/watch?v=4BHg-bV4AyE,Turgay Güler,,,2,turgay_guler,
https://www.youtube.com/watch?v=iZiaquOBBNI,Nagehan Alçı,,,2,nagehan_alci,
https://www.youtube.com/watch?v=Y0aiW6iVtpM,Yılmaz Özdil,,,2,yilmaz_ozdil,
https://www.youtube.com/watch?v=FJz_E0Lqf9w,Enver Aysever,,,2,enver_aysever,
https://www.youtube.com/watch?v=J5_KWWpmcCE,Hadi Özışık,,,2,hadi_ozisik,
https://www.youtube.com/watch?v=6VMCM5ATpxc,Osman Gökçek,,,2,osman_gokcek,
https://www.youtube.com/watch?v=A2SBjsu4kk0,Sözcü TV,,,2,ismail_kucukkaya,
https://www.youtube.com/watch?v=fblCwOCiyNE,Fatih Portakal TV,,,2,fatih_portakal,
https://www.youtube.com/watch?v=Xzl06eDKH7Q,Deniz Zeyrek,,,2,deniz_zeyrek,
https://www.youtube.com/watch?v=myavrRQp3A0,Turgay Güler,,,2,turgay_guler,
https://www.youtube.com/watch?v=M3_Yp3AbFSg,Hadi Özışık,,,2,hadi_ozisik,
https://www.youtube.com/watch?v=-hnZoJICwaY,Enver Aysever,,,2,enver_aysever,
https://www.youtube.com/watch?v=dLvVT9tswGQ,Sabahattin Önkibar,,,2,sabahattin_onkibar,
https://www.youtube.com/watch?v=kNaG8GYlBF8,Medyascope,,,2,rusen_cakir,
https://www.youtube.com/watch?v=qBRqTHcApdc,Enver Aysever,,,2,enver_aysever,
https://www.youtube.com/watch?v=KGcqlSel3cs,Hadi Özışık,,,2,hadi_ozisik,
https://www.youtube.com/watch?v=vHYspgYVOfE,Turgay Güler,,,2,turgay_guler,
https://www.youtube.com/watch?v=7Qgaa8We1YI,Enver Aysever,,,2,enver_aysever,
https://www.youtube.com/watch?v=1qlNmS1gQgQ,Fatih Portakal TV,,,2,fatih_portakal,
https://www.youtube.com/watch?v=wQzXsipFedY,Nagehan Alçı,,,2,nagehan_alci,
https://www.youtube.com/watch?v=8ZIKG9a49cA,Hadi Özışık,,,2,hadi_ozisik,
https://www.youtube.com/watch?v=i_69tHhtAiI,Enver Aysever,,,2,enver_aysever,
https://www.youtube.com/watch?v=D9uSqa4tLO0,Fatih Portakal TV,,,2,fatih_portakal,
https://www.youtube.com/watch?v=VPGSA0URj4c,Turgay Güler,,,2,turgay_guler,
https://www.youtube.com/watch?v=xFirPN7WTb4,Enver Aysever,,,2,enver_aysever,
https://www.youtube.com/watch?v=7vv0fwR4kNs,Sabahattin Önkibar,,,2,sabahattin_onkibar,
https://www.youtube.com/watch?v=vYmZ8LhsM94,Medyascope,,,2,rusen_cakir,
https://www.youtube.com/watch?v=ufz1N6Er9V4,Levent Gültekin,,,2,levent_gultekin,
https://www.youtube.com/watch?v=YyBzL-P_I7M,Enver Aysever,,,2,enver_aysever,
https://www.youtube.com/watch?v=-1t9_2Wc4UI,Fatih Portakal TV,,,2,fatih_portakal,
https://www.youtube.com/watch?v=wR18kWZebMs,Turgay Güler,,,2,turgay_guler,
https://www.youtube.com/watch?v=yb592tyxvrs,Hadi Özışık,,,2,hadi_ozisik,
https://www.youtube.com/watch?v=jIpjMhPTczw,Nagehan Alçı,,,2,nagehan_alci,
https://www.youtube.com/watch?v=l5cleL3Mrj8,Fatih Altaylı,,,2,fatih_altayli,
https://www.youtube.com/watch?v=3mZf8KRbsLc,Fatih Portakal TV,,,2,fatih_portakal,
https://www.youtube.com/watch?v=XQSBndl-c_w,Enver Aysever,,,2,enver_aysever,
https://www.youtube.com/watch?v=L1uxvFAeiH4,Medyascope,,,2,rusen_cakir,
https://www.youtube.com/watch?v=A2_DhKjE-KE,Turgay Güler,,,2,turgay_guler,
https://www.youtube.com/watch?v=lS5B1nJTxjg,Sabahattin Önkibar,,,2,sabahattin_onkibar,
https://www.youtube.com/watch?v=SweyC_U0dro,Yılmaz Özdil,,,2,yilmaz_ozdil,
https://www.youtube.com/watch?v=lHfPKNh-U3U,Deniz Zeyrek,,,2,deniz_zeyrek,
https://www.youtube.com/watch?v=t7Rjs0FeLv8,Hadi Özışık,,,2,hadi_ozisik,
https://www.youtube.com/watch?v=9rSPA1_OAcE,Enver Aysever,,,2,enver_aysever,
https://www.youtube.com/watch?v=ASJp5GVAgzM,Hadi Özışık,,,2,hadi_ozisik,
https://www.youtube.com/watch?v=QAxVDynuvyY,Medyascope,,,2,rusen_cakir,
https://www.youtube.com/watch?v=2y6FkN3UZcs,Turgay Güler,,,2,turgay_guler,
https://www.youtube.com/watch?v=mXMvy_Zu6K0,Sabahattin Önkibar,,,2,sabahattin_onkibar,
https://www.youtube.com/watch?v=lU3c3XLedIU,Fatih Portakal TV,,,2,fatih_portakal,
https://www.youtube.com/watch?v=_XUGnl62LwA,Enver Aysever,,,2,enver_aysever,
https://www.youtube.com/watch?v=z-kvZu-A6ig,Hadi Özışık,,,2,hadi_ozisik,
https://www.youtube.com/watch?v=inDiYbLkfDg,Levent Gültekin,,,2,levent_gultekin,
https://www.youtube.com/watch?v=nuWPYzar6xY,Turgay Güler,,,2,turgay_guler,
https://www.youtube.com/watch?v=8jdgTmMw2pQ,Nagehan Alçı,,,2,nagehan_alci,
https://www.youtube.com/watch?v=iZRx-uJMRus,Medyascope,,,2,rusen_cakir,
https://www.youtube.com/watch?v=NO0Ow53t_Ow,Hadi Özışık,,,2,hadi_ozisik,
https://www.youtube.com/watch?v=Hp5p8IDe2e0,Turgay Güler,,,2,turgay_guler,
https://www.youtube.com/watch?v=F5GzYSXn0JQ,Yılmaz Özdil,,,2,yilmaz_ozdil,
https://www.youtube.com/watch?v=raoZk459JAA,Hadi Özışık,,,2,hadi_ozisik,
https://www.youtube.com/watch?v=fS9tLt5Rvuw,Fatih Portakal TV,,,2,fatih_portakal,
https://www.youtube.com/watch?v=HQ5OIYAKYNE,Sabahattin Önkibar,,,2,sabahattin_onkibar,
https://www.youtube.com/watch?v=9esIgc50D6w,Turgay Güler,,,2,turgay_guler,
https://www.youtube.com/watch?v=p1RGhjFyvXk,Enver Aysever,,,2,enver_aysever,
https://www.youtube.com/watch?v=i_RVqXNn3y4,Medyascope,,,2,rusen_cakir,
https://www.youtube.com/watch?v=f3r10mGbCok,Enver Aysever,,,2,enver_aysever,
https://www.youtube.com/watch?v=dmMuWQfjkNA,Turgay Güler,,,2,turgay_guler,
https://www.youtube.com/watch?v=zwkQEbKTgWc,Hadi Özışık,,,2,hadi_ozisik,
https://www.youtube.com/watch?v=yy2ILRBZ93A,Deniz Zeyrek,,,2,deniz_zeyrek,
https://www.youtube.com/watch?v=rGF4xcRXTZ4,Fatih Portakal TV,,,2,fatih_portakal,
https://www.youtube.com/watch?v=RTR7SHIy3aE,Enver Aysever,,,2,enver_aysever,
https://www.youtube.com/watch?v=Yr1Ml7gv4z4,Hadi Özışık,,,2,hadi_ozisik,
https://www.youtube.com/watch?v=74pIQ-XYBHQ,Turgay Güler,,,2,turgay_guler,
https://www.youtube.com/watch?v=haaBoT2u7W0,Sabahattin Önkibar,,,2,sabahattin_onkibar,
https://www.youtube.com/watch?v=zKkM9jewBck,Nagehan Alçı,,,2,nagehan_alci,
https://www.youtube.com/watch?v=O2AZyrO2-2k,Hadi Özışık,,,2,hadi_ozisik,
https://www.youtube.com/watch?v=tTT3VNkljIQ,Enver Aysever,,,2,enver_aysever,
https://www.youtube.com/watch?v=219GAuHniOQ,Medyascope,,,2,rusen_cakir,
https://www.youtube.com/watch?v=Gd0Z85A03uQ,Fatih Portakal TV,,,2,fatih_portakal,
https://www.youtube.com/watch?v=lIr4ZigWcR4,Enver Aysever,,,2,enver_aysever,
https://www.youtube.com/watch?v=oQceG-jS4bw,Turgay Güler,,,2,turgay_guler,
https://www.youtube.com/watch?v=vd8s56_B6eY,Fatih Altaylı,,,2,fatih_altayli,
https://www.youtube.com/watch?v=Ot5W3Wbzoe4,Hadi Özışık,,,2,hadi_ozisik,
https://www.youtube.com/watch?v=Ad1AmMQ3aT4,Enver Aysever,,,2,enver_aysever,
https://www.youtube.com/watch?v=9-x6svFTUo4,Levent Gültekin,,,2,levent_gultekin,
https://www.youtube.com/watch?v=nr0gLDnFqMs,Sabahattin Önkibar,,,2,sabahattin_onkibar,
https://www.youtube.com/watch?v=laPor0jCxLw,Hadi Özışık,,,2,hadi_ozisik,
https://www.youtube.com/watch?v=HfEV59pQITE,Turgay Güler,,,2,turgay_guler,
https://www.youtube.com/watch?v=tRwZp0TViGs,Fatih Portakal TV,,,2,fatih_portakal,
https://www.youtube.com/watch?v=uFoqjOB_6rQ,Medyascope,,,2,rusen_cakir,
https://www.youtube.com/watch?v=hpMGsYOTAlI,Yılmaz Özdil,,,2,yilmaz_ozdil,
https://www.youtube.com/watch?v=j4VrLR0b-Pg,Enver Aysever,,,2,enver_aysever,
https://www.youtube.com/watch?v=_ZbseOgunE0,Turgay Güler,,,2,turgay_guler,
https://www.youtube.com/watch?v=O_boGNcAmvg,Nagehan Alçı,,,2,nagehan_alci,
https://www.youtube.com/watch?v=LIyZ3hwPHmA,Fatih Portakal TV,,,2,fatih_portakal,
https://www.youtube.com/watch?v=qvnDlsjqD8k,Hadi Özışık,,,2,hadi_ozisik,
https://www.youtube.com/watch?v=_R36jSjinUg,Enver Aysever,,,2,enver_aysever,
https://www.youtube.com/watch?v=y_stlJtPwl0,Deniz Zeyrek,,,2,deniz_zeyrek,
https://www.youtube.com/watch?v=L6hkzSXrcm0,Turgay Güler,,,2,turgay_guler,
https://www.youtube.com/watch?v=ebAXJ-LPojU,Sabahattin Önkibar,,,2,sabahattin_onkibar,
https://www.youtube.com/watch?v=lGvzMA86Lxo,Hadi Özışık,,,2,hadi_ozisik,
https://www.youtube.com/watch?v=6GrN5H8Qwmw,Medyascope,,,2,rusen_cakir,
https://www.youtube.com/watch?v=u-jrGy43njU,Enver Aysever,,,2,enver_aysever,
https://www.youtube.com/watch?v=aJNYrHUQG4c,Nagehan Alçı,,,2,nagehan_alci,
https://www.youtube.com/watch?v=8mbCSrkIpvs,Turgay Güler,,,2,turgay_guler,
https://www.youtube.com/watch?v=NkAoZP5PdpA,Hadi Özışık,,,2,hadi_ozisik,
https://www.youtube.com/watch?v=jdKO2dABaw8,Hadi Özışık,,,2,hadi_ozisik,
https://www.youtube.com/watch?v=Xopowz9ZgWk,Fatih Portakal TV,,,2,fatih_portakal,
https://www.youtube.com/watch?v=8f-Ht0fWb40,Turgay Güler,,,2,turgay_guler,
https://www.youtube.com/watch?v=r1sxgfNdHvg,Fatih Portakal TV,,,2,fatih_portakal,
https://www.youtube.com/watch?v=n8Dhat7ZrJA,Hadi Özışık,,,2,hadi_ozisik,
https://www.youtube.com/watch?v=sdabpY2tqg4,Enver Aysever,,,2,enver_aysever,
https://www.youtube.com/watch?v=BXDp_Ktk27M,Sabahattin Önkibar,,,2,sabahattin_onkibar,
https://www.youtube.com/watch?v=vyy8JgTUvpk,Medyascope,,,2,rusen_cakir,
https://www.youtube.com/watch?v=A5B7LeHp8HI,Yılmaz Özdil,,,2,yilmaz_ozdil,
https://www.youtube.com/watch?v=CIqYBUGqWK0,Hadi Özışık,,,2,hadi_ozisik,
https://www.youtube.com/watch?v=Wtjw07NK-vQ,Fatih Portakal TV,,,2,fatih_portakal,
https://www.youtube.com/watch?v=eEA0D_1h1wE,Turgay Güler,,,2,turgay_guler,
https://www.youtube.com/watch?v=w-uYZp_Hxbo,Enver Aysever,,,2,enver_aysever,
https://www.youtube.com/watch?v=VxvoTAGzwHE,Hadi Özışık,,,2,hadi_ozisik,
https://www.youtube.com/watch?v=VhfZ1zoHfnQ,Levent Gültekin,,,2,levent_gultekin,
https://www.youtube.com/watch?v=wUVwen_1pu0,Hadi Özışık,,,2,hadi_ozisik,
https://www.youtube.com/watch?v=39mBwkXKFcg,Fatih Portakal TV,,,2,fatih_portakal,
https://www.youtube.com/watch?v=3UvpNBqIcnU,Turgay Güler,,,2,turgay_guler,
https://www.youtube.com/watch?v=Ix70-c9QsM4,Hadi Özışık,,,2,hadi_ozisik,
https://www.youtube.com/watch?v=nKLrTp1mLec,Sabahattin Önkibar,,,2,sabahattin_onkibar,
https://www.youtube.com/watch?v=Cf5wisoZpCA,Medyascope,,,2,rusen_cakir,
https://www.youtube.com/watch?v=iZWIatC8Evc,Fatih Altaylı,,,2,fatih_altayli,
https://www.youtube.com/watch?v=9A1V42eA_d0,Hadi Özışık,,,2,hadi_ozisik,
https://www.youtube.com/watch?v=mO3UHVVzfgc,Nagehan Alçı,,,2,nagehan_alci,
https://www.youtube.com/watch?v=yF-RWwbV4tk,Turgay Güler,,,2,turgay_guler,
https://www.youtube.com/watch?v=7uA9aNwz9S0,Deniz Zeyrek,,,2,deniz_zeyrek,
https://www.youtube.com/watch?v=O5eysBzShW0,Hadi Özışık,,,2,hadi_ozisik,
https://www.youtube.com/watch?v=5lnIAsZFaEc,Turgay Güler,,,2,turgay_guler,
https://www.youtube.com/watch?v=PbaU8exH2_4,Hadi Özışık,,,2,hadi_ozisik,
https://www.youtube.com/watch?v=KueD1rT9UL0,Turgay Güler,,,2,turgay_guler,
https://www.youtube.com/watch?v=hqk95s_vzGM,Sabahattin Önkibar,,,2,sabahattin_onkibar,
https://www.youtube.com/watch?v=eUSzepfIS3Y,Medyascope,,,2,rusen_cakir,
https://www.youtube.com/watch?v=-rEkHLfXg-c,Fatih Portakal TV,,,2,fatih_portakal,
https://www.youtube.com/watch?v=5fm84ackwQk,Turgay Güler,,,2,turgay_guler,
https://www.youtube.com/watch?v=OsPsmaSNAKY,Hadi Özışık,,,2,hadi_ozisik,
https://www.youtube.com/watch?v=8_ZS4DfhS_M,Yılmaz Özdil,,,2,yilmaz_ozdil,
https://www.youtube.com/watch?v=1OCscfJczBU,Fatih Portakal TV,,,2,fatih_portakal,
https://www.youtube.com/watch?v=eDeFaJkEMtY,Hadi Özışık,,,2,hadi_ozisik,
https://www.youtube.com/watch?v=nMoRvis-KI4,Turgay Güler,,,2,turgay_guler,
https://www.youtube.com/watch?v=Rp6XX4LTWiw,Sabahattin Önkibar,,,2,sabahattin_onkibar,
https://www.youtube.com/watch?v=CC_QWbEN9Vs,Nagehan Alçı,,,2,nagehan_alci,
https://www.youtube.com/watch?v=JqtGeQogzrs,Fatih Portakal TV,,,2,fatih_portakal,
https://www.youtube.com/watch?v=25Y3gNVpC6s,Medyascope,,,2,rusen_cakir,
https://www.youtube.com/watch?v=jEhJYF3DuR8,Hadi Özışık,,,2,hadi_ozisik,
https://www.youtube.com/watch?v=4vsUJTsY-zw,Levent Gültekin,,,2,levent_gultekin,
https://www.youtube.com/watch?v=i7RUt5fCsOA,Fatih Portakal TV,,,2,fatih_portakal,
https://www.youtube.com/watch?v=8QkjyuhSYY4,Nagehan Alçı,,,2,nagehan_alci,
https://www.youtube.com/watch?v=CsKKZxbNg7E,Hadi Özışık,,,2,hadi_ozisik,
https://www.youtube.com/watch?v=BBtMdVj9Gg8,Turgay Güler,,,2,turgay_guler,
https://www.youtube.com/watch?v=5MY1hIee6u8,Fatih Portakal TV,,,2,fatih_portakal,
https://www.youtube.com/watch?v=NbiPmyh7jdk,Deniz Zeyrek,,,2,deniz_zeyrek,
https://www.youtube.com/watch?v=9kKAD9sk6po,Sabahattin Önkibar,,,2,sabahattin_onkibar,
https://www.youtube.com/watch?v=JvoQzDl5v94,Fatih Portakal TV,,,2,fatih_portakal,
https://www.youtube.com/watch?v=RmIC_BinZAA,Nagehan Alçı,,,2,nagehan_alci,
https://www.youtube.com/watch?v=YTobvdL3e3Y,Hadi Özışık,,,2,hadi_ozisik,
https://www.youtube.com/watch?v=0YTUoc-X4Gk,Medyascope,,,2,rusen_cakir,
https://www.youtube.com/watch?v=HQGzXE5k6PM,Turgay Güler,,,2,turgay_guler,
https://www.youtube.com/watch?v=-PygPxZfs5E,Hadi Özışık,,,2,hadi_ozisik,
https://www.youtube.com/watch?v=HGBRqZGgmrQ,Fatih Portakal TV,,,2,fatih_portakal,
https://www.youtube.com/watch?v=-jiBL1_1tOg,Hadi Özışık,,,2,hadi_ozisik,
https://www.youtube.com/watch?v=XdJm2TPryyU,Yılmaz Özdil,,,2,yilmaz_ozdil,
https://www.youtube.com/watch?v=hukbyvJAya0,Fatih Altaylı,,,2,fatih_altayli,
https://www.youtube.com/watch?v=onU9_l1q4Rc,Turgay Güler,,,2,turgay_guler,
https://www.youtube.com/watch?v=uE2pi65ud5o,Fatih Portakal TV,,,2,fatih_portakal,
https://www.youtube.com/watch?v=K-GRetHlvuI,Sabahattin Önkibar,,,2,sabahattin_onkibar,
https://www.youtube.com/watch?v=-or86coZmyU,Nagehan Alçı,,,2,nagehan_alci,
https://www.youtube.com/watch?v=-xwxqvERYqY,Turgay Güler,,,2,turgay_guler,
https://www.youtube.com/watch?v=5ClxhcFEboE,Hadi Özışık,,,2,hadi_ozisik,
https://www.youtube.com/watch?v=hZQlTQCK56k,Medyascope,,,2,rusen_cakir,
https://www.youtube.com/watch?v=T_V9JcHlYYM,Levent Gültekin,,,2,levent_gultekin,
https://www.youtube.com/watch?v=CqTqDRggmks,Turgay Güler,,,2,turgay_guler,
https://www.youtube.com/watch?v=0Y_qY0xYhjg,Fatih Portakal TV,,,2,fatih_portakal,
https://www.youtube.com/watch?v=JDQhlmHScWQ,Deniz Zeyrek,,,2,deniz_zeyrek,
https://www.youtube.com/watch?v=oR_reQqIyCc,Hadi Özışık,,,2,hadi_ozisik,
https://www.youtube.com/watch?v=3LAzRmw-jX0,Sabahattin Önkibar,,,2,sabahattin_onkibar,
https://www.youtube.com/watch?v=hGvoWjyLNZA,Hadi Özışık,,,2,hadi_ozisik,
https://www.youtube.com/watch?v=kEciiyX0Rg8,Turgay Güler,,,2,turgay_guler,
https://www.youtube.com/watch?v=rAdrm-Nt_SA,Medyascope,,,2,rusen_cakir,
https://www.youtube.com/watch?v=gkEk5Eac2RI,Hadi Özışık,,,2,hadi_ozisik,
https://www.youtube.com/watch?v=b5-i1U8H-RI,Hadi Özışık,,,2,hadi_ozisik,
https://www.youtube.com/watch?v=_XhtMdmBINA,Fatih Portakal TV,,,2,fatih_portakal,
https://www.youtube.com/watch?v=UIW5Dd6zy0Y,Turgay Güler,,,2,turgay_guler,
https://www.youtube.com/watch?v=cJIECUvNBbU,Sabahattin Önkibar,,,2,sabahattin_onkibar,
https://www.youtube.com/watch?v=ZMZh6I8qCzs,Nagehan Alçı,,,2,nagehan_alci,
https://www.youtube.com/watch?v=mX3WLaYwX_8,Turgay Güler,,,2,turgay_guler,
https://www.youtube.com/watch?v=VzhWtaBeEko,Hadi Özışık,,,2,hadi_ozisik,
https://www.youtube.com/watch?v=meTo6Qcjx_Y,Medyascope,,,2,rusen_cakir,
https://www.youtube.com/watch?v=1tJJMgtIsoE,Fatih Portakal TV,,,2,fatih_portakal,
https://www.youtube.com/watch?v=sXyBMpt1eD8,Hadi Özışık,,,2,hadi_ozisik,
https://www.youtube.com/watch?v=h2FYZ8_u98o,Turgay Güler,,,2,turgay_guler,
https://www.youtube.com/watch?v=-XyeTPXdHOc,Nagehan Alçı,,,2,nagehan_alci,
https://www.youtube.com/watch?v=y_a7Kpnrcjo,Fatih Portakal TV,,,2,fatih_portakal,
https://www.youtube.com/watch?v=Rut7r2lOzBM,Levent Gültekin,,,2,levent_gultekin,
https://www.youtube.com/watch?v=oqfXhgCxViI,Sabahattin Önkibar,,,2,sabahattin_onkibar,
https://www.youtube.com/watch?v=aaKknX7p9Tc,Deniz Zeyrek,,,2,deniz_zeyrek,
https://www.youtube.com/watch?v=TuvHnvnGqy4,Fatih Portakal TV,,,2,fatih_portakal,
https://www.youtube.com/watch?v=6GIF9BbE2GE,Hadi Özışık,,,2,hadi_ozisik,
https://www.youtube.com/watch?v=y7J0ZuoCS-8,Turgay Güler,,,2,turgay_guler,
https://www.youtube.com/watch?v=_cTn1rIfp-Y,Nagehan Alçı,,,2,nagehan_alci,
https://www.youtube.com/watch?v=4XHgyk3cuII,Fatih Altaylı,,,2,fatih_altayli,
https://www.youtube.com/watch?v=-KVOGj2k1Dc,Medyascope,,,2,rusen_cakir,
https://www.youtube.com/watch?v=z2FlEWB-Nag,Turgay Güler,,,2,turgay_guler,
https://www.youtube.com/watch?v=N-prubbor4Q,Fatih Portakal TV,,,2,fatih_portakal,
https://www.youtube.com/watch?v=I4SL7DBw4j0,Hadi Özışık,,,2,hadi_ozisik,
https://www.youtube.com/watch?v=wDwyXJWooAk,Sabahattin Önkibar,,,2,sabahattin_onkibar,
https://www.youtube.com/watch?v=rCZ_f8rWI-c,Deniz Zeyrek,,,2,deniz_zeyrek,
https://www.youtube.com/watch?v=iAsPYKW5zSQ,Nagehan Alçı,,,2,nagehan_alci,
https://www.youtube.com/watch?v=utCDbFMNv6w,Fatih Portakal TV,,,2,fatih_portakal,
https://www.youtube.com/watch?v=pobhaETHEyc,Hadi Özışık,,,2,hadi_ozisik,
https://www.youtube.com/watch?v=TIvOJ_aaxiM,Turgay Güler,,,2,turgay_guler,
https://www.youtube.com/watch?v=21PBfu5uzJU,Medyascope,,,2,rusen_cakir,
https://www.youtube.com/watch?v=490JHdFF8Ps,Nagehan Alçı,,,2,nagehan_alci,
https://www.youtube.com/watch?v=8ZRLJ_neLhU,Hadi Özışık,,,2,hadi_ozisik,
https://www.youtube.com/watch?v=0bBaC98AO-8,Turgay Güler,,,2,turgay_guler,
https://www.youtube.com/watch?v=2eoHJ0AyObQ,Sabahattin Önkibar,,,2,sabahattin_onkibar,
https://www.youtube.com/watch?v=HNXWFFF0Ei0,Fatih Portakal TV,,,2,fatih_portakal,
https://www.youtube.com/watch?v=fDVQ7JLg2cI,Hadi Özışık,,,2,hadi_ozisik,
https://www.youtube.com/watch?v=UuRg6pm6i1M,Medyascope,,,2,rusen_cakir,
https://www.youtube.com/watch?v=LH2cVmCD0uo,Levent Gültekin,,,2,levent_gultekin,
https://www.youtube.com/watch?v=h37xXGwj7qM,Turgay Güler,,,2,turgay_guler,
https://www.youtube.com/watch?v=mVnpb95QpFU,Hadi Özışık,,,2,hadi_ozisik,
https://www.youtube.com/watch?v=XmJ68syuGdk,Fatih Portakal TV,,,2,fatih_portakal,
https://www.youtube.com/watch?v=HqmwQ7w4XuE,Turgay Güler,,,2,turgay_guler,
https://www.youtube.com/watch?v=WtK1Q0R3-eI,Hadi Özışık,,,2,hadi_ozisik,
https://www.youtube.com/watch?v=xQtL1dt5a4U,Sabahattin Önkibar,,,2,sabahattin_onkibar,
https://www.youtube.com/watch?v=-V8tuOzDBes,Deniz Zeyrek,,,2,deniz_zeyrek,
https://www.youtube.com/watch?v=GKnMhSma5Uk,Nagehan Alçı,,,2,nagehan_alci,
https://www.youtube.com/watch?v=B1Hhbep9afM,Hadi Özışık,,,2,hadi_ozisik,
https://www.youtube.com/watch?v=aSPHLVZtd3M,Fatih Altaylı,,,2,fatih_altayli,
https://www.youtube.com/watch?v=8aWj9htJNJg,Medyascope,,,2,rusen_cakir,
https://www.youtube.com/watch?v=NRAwkbdxsmw,Fatih Portakal TV,,,2,fatih_portakal,
https://www.youtube.com/watch?v=Fd7Dyh0L5d4,Turgay Güler,,,2,turgay_guler,
https://www.youtube.com/watch?v=e-C8Ock9Bp8,Sabahattin Önkibar,,,2,sabahattin_onkibar,
https://www.youtube.com/watch?v=AUGFNU2p3Uc,Turgay Güler,,,2,turgay_guler,
https://www.youtube.com/watch?v=Dso-HChzO3c,Hadi Özışık,,,2,hadi_ozisik,
https://www.youtube.com/watch?v=-WzHdgpQZoA,Fatih Portakal TV,,,2,fatih_portakal,
https://www.youtube.com/watch?v=EfzVGbnNlJQ,Nagehan Alçı,,,2,nagehan_alci,
https://www.youtube.com/watch?v=TrB61mze8ww,Medyascope,,,2,rusen_cakir,
https://www.youtube.com/watch?v=0NLfCjGzx3Y,Fatih Portakal TV,,,2,fatih_portakal,
https://www.youtube.com/watch?v=Ir_mR8bHqqE,Hadi Özışık,,,2,hadi_ozisik,
https://www.youtube.com/watch?v=zZ2K23biaDc,Turgay Güler,,,2,turgay_guler,
https://www.youtube.com/watch?v=Ps-Di0jPfxc,Levent Gültekin,,,2,levent_gultekin,
https://www.youtube.com/watch?v=vl1KGx9r71A,Fatih Portakal TV,,,2,fatih_portakal,
https://www.youtube.com/watch?v=MevwsCZINqg,Sabahattin Önkibar,,,2,sabahattin_onkibar,
https://www.youtube.com/watch?v=mQAsjxyxjM4,Hadi Özışık,,,2,hadi_ozisik,
https://www.youtube.com/watch?v=LhixpErbQ5M,Turgay Güler,,,2,turgay_guler,
https://www.youtube.com/watch?v=HNAhJVobn4k,Deniz Zeyrek,,,2,deniz_zeyrek,
https://www.youtube.com/watch?v=eURfyjN78w4,Nagehan Alçı,,,2,nagehan_alci,
https://www.youtube.com/watch?v=tRbBB9qFMUE,Medyascope,,,2,rusen_cakir,
https://www.youtube.com/watch?v=sGDzMRYIGaE,Hadi Özışık,,,2,hadi_ozisik,
https://www.youtube.com/watch?v=28VjZQwPxbg,Fatih Portakal TV,,,2,fatih_portakal,
https://www.youtube.com/watch?v=VJptZp0gToY,Sabahattin Önkibar,,,2,sabahattin_onkibar,
https://www.youtube.com/watch?v=ECcEDrVBHAc,Hadi Özışık,,,2,hadi_ozisik,
https://www.youtube.com/watch?v=mhfWgjReF68,Fatih Portakal TV,,,2,fatih_portakal,
https://www.youtube.com/watch?v=1vwLhkdlv1c,Turgay Güler,,,2,turgay_guler,
https://www.youtube.com/watch?v=qIIlYxd2h_A,Medyascope,,,2,rusen_cakir,
https://www.youtube.com/watch?v=v7nDdNhqdmQ,Hadi Özışık,,,2,hadi_ozisik,
https://www.youtube.com/watch?v=vAG6mdQc4jc,Turgay Güler,,,2,turgay_guler,
https://www.youtube.com/watch?v=2C7Qq0ILUiQ,Fatih Altaylı,,,2,fatih_altayli,
https://www.youtube.com/watch?v=IOADO9VH5O8,Nagehan Alçı,,,2,nagehan_alci,
https://www.youtube.com/watch?v=ifRHWBNl8rY,Sabahattin Önkibar,,,2,sabahattin_onkibar,
https://www.youtube.com/watch?v=gk0MEPKzpZ0,Fatih Portakal TV,,,2,fatih_portakal,
https://www.youtube.com/watch?v=doRT2cFww9M,Hadi Özışık,,,2,hadi_ozisik,
https://www.youtube.com/watch?v=sTtENqypcPw,Turgay Güler,,,2,turgay_guler,
https://www.youtube.com/watch?v=TzZwkYO1djk,Medyascope,,,2,rusen_cakir,
https://www.youtube.com/watch?v=y3EAdusRJVw,Hadi Özışık,,,2,hadi_ozisik,
https://www.youtube.com/watch?v=wdE6HJ3j2Js,Deniz Zeyrek,,,2,deniz_zeyrek,
https://www.youtube.com/watch?v=oBY2tv9RAn8,Levent Gültekin,,,2,levent_gultekin,
https://www.youtube.com/watch?v=mgvj4tAxiYA,Turgay Güler,,,2,turgay_guler,
https://www.youtube.com/watch?v=5HnHE4BXeL0,Fatih Portakal TV,,,2,fatih_portakal,
https://www.youtube.com/watch?v=03cfHargpNM,Sabahattin Önkibar,,,2,sabahattin_onkibar,
https://www.youtube.com/watch?v=g_5rBzAzUt4,Hadi Özışık,,,2,hadi_ozisik,
https://www.youtube.com/watch?v=BlZyTdEDOZI,Fatih Portakal TV,,,2,fatih_portakal,
https://www.youtube.com/watch?v=2D_2lqpRzZM,Medyascope,,,2,rusen_cakir,
https://www.youtube.com/watch?v=Z7h-37_NfhA,Turgay Güler,,,2,turgay_guler,
https://www.youtube.com/watch?v=b0Gj4GFU37M,Hadi Özışık,,,2,hadi_ozisik,
https://www.youtube.com/watch?v=UGkwy-eCv2o,Sabahattin Önkibar,,,2,sabahattin_onkibar,
https://www.youtube.com/watch?v=sgUxZ9CG8Nw,Hadi Özışık,,,2,hadi_ozisik,
https://www.youtube.com/watch?v=Z8qlBGQyQ9s,Medyascope,,,2,rusen_cakir,
https://www.youtube.com/watch?v=-5O1ZE_QrM4,Hadi Özışık,,,2,hadi_ozisik,
https://www.youtube.com/watch?v=CSidLKYQHW4,Turgay Güler,,,2,turgay_guler,
https://www.youtube.com/watch?v=lFuqm4i0nXM,Fatih Altaylı,,,2,fatih_altayli,
https://www.youtube.com/watch?v=fY7nkl8Eg3c,Hadi Özışık,,,2,hadi_ozisik,
https://www.youtube.com/watch?v=95MPzzB5xX8,Sabahattin Önkibar,,,2,sabahattin_onkibar,
https://www.youtube.com/watch?v=CZQ6oNRpl9Y,Deniz Zeyrek,,,2,deniz_zeyrek,
https://www.youtube.com/watch?v=H1UuaDnHOvw,Hadi Özışık,,,2,hadi_ozisik,
https://www.youtube.com/watch?v=WedC3GKaTKU,Turgay Güler,,,2,turgay_guler,
https://www.youtube.com/watch?v=-JwCcqcEaGA,Hadi Özışık,,,2,hadi_ozisik,
https://www.youtube.com/watch?v=xOMSkgMwT_Q,Medyascope,,,2,rusen_cakir,
https://www.youtube.com/watch?v=tzCptPmVTdE,Turgay Güler,,,2,turgay_guler,
https://www.youtube.com/watch?v=GFNVQdQowbM,Hadi Özışık,,,2,hadi_ozisik,
https://www.youtube.com/watch?v=EYoR1mg2eAw,Sabahattin Önkibar,,,2,sabahattin_onkibar,
https://www.youtube.com/watch?v=7bClfe2DvtA,Turgay Güler,,,2,turgay_guler,
https://www.youtube.com/watch?v=AyD2rlGEnUY,Hadi Özışık,,,2,hadi_ozisik,
https://www.youtube.com/watch?v=W68ScZbjNLI,Hadi Özışık,,,2,hadi_ozisik,
https://www.youtube.com/watch?v=I_ySXber5SY,Medyascope,,,2,rusen_cakir,
https://www.youtube.com/watch?v=G02AAnHwqu4,Turgay Güler,,,2,turgay_guler,
https://www.youtube.com/watch?v=ukClHZm9bVI,Sabahattin Önkibar,,,2,sabahattin_onkibar,
https://www.youtube.com/watch?v=2AWdFPRrlyk,Hadi Özışık,,,2,hadi_ozisik,
https://www.youtube.com/watch?v=vlD2fTuiJVw,Turgay Güler,,,2,turgay_guler,
https://www.youtube.com/watch?v=JsWTL9-xpKM,Hadi Özışık,,,2,hadi_ozisik,
https://www.youtube.com/watch?v=cNNJtnEdkIM,Deniz Zeyrek,,,2,deniz_zeyrek,
https://www.youtube.com/watch?v=iHt12rZP90U,Medyascope,,,2,rusen_cakir,
https://www.youtube.com/watch?v=7nZiAdiudfE,Sabahattin Önkibar,,,2,sabahattin_onkibar,
https://www.youtube.com/watch?v=Zd3R2uFdRw4,Hadi Özışık,,,2,hadi_ozisik,
https://www.youtube.com/watch?v=bWOLA6nW5MI,Fatih Altaylı,,,2,fatih_altayli,
https://www.youtube.com/watch?v=7H-SZlt8dM0,Turgay Güler,,,2,turgay_guler,
https://www.youtube.com/watch?v=MqknKojJXLA,Hadi Özışık,,,2,hadi_ozisik,
https://www.youtube.com/watch?v=0qattcqA7xs,Turgay Güler,,,2,turgay_guler,
https://www.youtube.com/watch?v=rqiVty9uZMk,Medyascope,,,2,rusen_cakir,
https://www.youtube.com/watch?v=brTIfoF7_gs,Sabahattin Önkibar,,,2,sabahattin_onkibar,
https://www.youtube.com/watch?v=wm8wGtM9yzc,Turgay Güler,,,2,turgay_guler,
https://www.youtube.com/watch?v=ICg-pKndxGk,Hadi Özışık,,,2,hadi_ozisik,
https://www.youtube.com/watch?v=t5Ia-TKGyUk,Hadi Özışık,,,2,hadi_ozisik,
https://www.youtube.com/watch?v=alXZ_ok8BFY,Deniz Zeyrek,,,2,deniz_zeyrek,
https://www.youtube.com/watch?v=n432M6T-wZU,Hadi Özışık,,,2,hadi_ozisik,
https://www.youtube.com/watch?v=GZzaFfpuhfI,Turgay Güler,,,2,turgay_guler,
https://www.youtube.com/watch?v=-ccvGD4DjbY,Sabahattin Önkibar,,,2,sabahattin_onkibar,
https://www.youtube.com/watch?v=RTwFTI9PiXA,Medyascope,,,2,rusen_cakir,
https://www.youtube.com/watch?v=-wiDHZTUFwE,Hadi Özışık,,,2,hadi_ozisik,
https://www.youtube.com/watch?v=zubSbYI3ry4,Turgay Güler,,,2,turgay_guler,
https://www.youtube.com/watch?v=B2Nf_vAmffo,Hadi Özışık,,,2,hadi_ozisik,
https://www.youtube.com/watch?v=MeeE_Jkl5mE,Medyascope,,,2,rusen_cakir,
https://www.youtube.com/watch?v=3-MTqIJx99A,Turgay Güler,,,2,turgay_guler,
https://www.youtube.com/watch?v=kHHj3xGHy20,Fatih Altaylı,,,2,fatih_altayli,
https://www.youtube.com/watch?v=EU13I45pIFI,Sabahattin Önkibar,,,2,sabahattin_onkibar,
https://www.youtube.com/watch?v=BvfAVjVcqVE,Hadi Özışık,,,2,hadi_ozisik,
https://www.youtube.com/watch?v=AHAQbBWWwFo,Hadi Özışık,,,2,hadi_ozisik,
https://www.youtube.com/watch?v=GiE0NlooNDE,Medyascope,,,2,rusen_cakir,
https://www.youtube.com/watch?v=xBiNzEj5aHk,Turgay Güler,,,2,turgay_guler,
https://www.youtube.com/watch?v=r7vyN_QBZGQ,Deniz Zeyrek,,,2,deniz_zeyrek,
https://www.youtube.com/watch?v=0lnYSqZmU3w,Hadi Özışık,,,2,hadi_ozisik,
https://www.youtube.com/watch?v=61TsCYWzhfc,Sabahattin Önkibar,,,2,sabahattin_onkibar,
https://www.youtube.com/watch?v=KB5RAOKrNWU,Turgay Güler,,,2,turgay_guler,
https://www.youtube.com/watch?v=KK3iFXgY3BE,Hadi Özışık,,,2,hadi_ozisik,
https://www.youtube.com/watch?v=Fhjypcy88qE,Hadi Özışık,,,2,hadi_ozisik,
https://www.youtube.com/watch?v=yRfqgOithq0,Turgay Güler,,,2,turgay_guler,
https://www.youtube.com/watch?v=C3JO328NUKU,Hadi Özışık,,,2,hadi_ozisik,
https://www.youtube.com/watch?v=mC6e9eGp5nU,Turgay Güler,,,2,turgay_guler,
https://www.youtube.com/watch?v=ke1oFf1WRfc,Turgay Güler,,,2,turgay_guler,
https://www.youtube.com/watch?v=a5hZ3F2fYlI,Hadi Özışık,,,2,hadi_ozisik,
https://www.youtube.com/watch?v=Ur8bczho0jI,Hadi Özışık,,,2,hadi_ozisik,
https://www.youtube.com/watch?v=Sj-WsE1VNWA,Turgay Güler,,,2,turgay_guler,
https://www.youtube.com/watch?v=dUSXZxI81vA,Deniz Zeyrek,,,2,deniz_zeyrek,
https://www.youtube.com/watch?v=-ynfIg67Xso,Hadi Özışık,,,2,hadi_ozisik,
https://www.youtube.com/watch?v=H5qtLr7vxqg,Turgay Güler,,,2,turgay_guler,
https://www.youtube.com/watch?v=BIziqutS5WM,Hadi Özışık,,,2,hadi_ozisik,
https://www.youtube.com/watch?v=lYNwygVPUdA,Fatih Altaylı,,,2,fatih_altayli,
https://www.youtube.com/watch?v=07kAUhhfbgs,Hadi Özışık,,,2,hadi_ozisik,
https://www.youtube.com/watch?v=1CijAZEdN5A,Turgay Güler,,,2,turgay_guler,
https://www.youtube.com/watch?v=rntCEIxEvns,Hadi Özışık,,,2,hadi_ozisik,
https://www.youtube.com/watch?v=FmBdnyN_8os,Turgay Güler,,,2,turgay_guler,
https://www.youtube.com/watch?v=wkYebEPPrMM,Hadi Özışık,,,2,hadi_ozisik,
https://www.youtube.com/watch?v=4MZhQBwPdGg,Hadi Özışık,,,2,hadi_ozisik,
https://www.youtube.com/watch?v=t6rn18KJONI,Turgay Güler,,,2,turgay_guler,
https://www.youtube.com/watch?v=wmpt13gxto0,Hadi Özışık,,,2,hadi_ozisik,
https://www.youtube.com/watch?v=7KWt9fuFabM,Hadi Özışık,,,2,hadi_ozisik,
https://www.youtube.com/watch?v=Cgv-8JohXTc,Turgay Güler,,,2,turgay_guler,
https://www.youtube.com/watch?v=C7cp4D45FjI,Deniz Zeyrek,,,2,deniz_zeyrek,
https://www.youtube.com/watch?v=ouWZDRAF2S0,Turgay Güler,,,2,turgay_guler,
https://www.youtube.com/watch?v=OpOFVeGXnK8,Hadi Özışık,,,2,hadi_ozisik,
https://www.youtube.com/watch?v=GGM15IJ9vTw,Turgay Güler,,,2,turgay_guler,
https://www.youtube.com/watch?v=Ery5DUWnuFM,Fatih Altaylı,,,2,fatih_altayli,
https://www.youtube.com/watch?v=umo1lhmNCXE,Hadi Özışık,,,2,hadi_ozisik,
https://www.youtube.com/watch?v=Iehx60L_zXw,Turgay Güler,,,2,turgay_guler,
https://www.youtube.com/watch?v=rdjHyBpsuU8,Hadi Özışık,,,2,hadi_ozisik,
https://www.youtube.com/watch?v=CIQGYMxpFAc,Hadi Özışık,,,2,hadi_ozisik,
https://www.youtube.com/watch?v=DYrvzf-kJ9E,Turgay Güler,,,2,turgay_guler,
https://www.youtube.com/watch?v=aV244W-iDIw,Turgay Güler,,,2,turgay_guler,
https://www.youtube.com/watch?v=p92YF_u3QFI,Hadi Özışık,,,2,hadi_ozisik,
https://www.youtube.com/watch?v=6WUsvUVelw8,Deniz Zeyrek,,,2,deniz_zeyrek,
https://www.youtube.com/watch?v=bRv7WxRox44,Hadi Özışık,,,2,hadi_ozisik,
https://www.youtube.com/watch?v=B1t9b6DlIZA,Turgay Güler,,,2,turgay_guler,
https://www.youtube.com/watch?v=RITYc3YTkFY,Hadi Özışık,,,2,hadi_ozisik,
https://www.youtube.com/watch?v=i4iEKzFcIj8,Turgay Güler,,,2,turgay_guler,
https://www.youtube.com/watch?v=rExo_FgGjHU,Turgay Güler,,,2,turgay_guler,
https://www.youtube.com/watch?v=9fPqezfqwcg,Hadi Özışık,,,2,hadi_ozisik,
https://www.youtube.com/watch?v=FrPD8eevp38,Turgay Güler,,,2,turgay_guler,
https://www.youtube.com/watch?v=ys4268vszhs,Hadi Özışık,,,2,hadi_ozisik,
https://www.youtube.com/watch?v=LInxmWArXTk,Turgay Güler,,,2,turgay_guler,
https://www.youtube.com/watch?v=_cu_SiVNT98,Hadi Özışık,,,2,hadi_ozisik,
https://www.youtube.com/watch?v=iLtk091n2OA,Turgay Güler,,,2,turgay_guler,
https://www.youtube.com/watch?v=T0eGMTwf1is,Hadi Özışık,,,2,hadi_ozisik,
https://www.youtube.com/watch?v=chhWXPimp5k,Turgay Güler,,,2,turgay_guler,
https://www.youtube.com/watch?v=CoIFe0ge9EA,Turgay Güler,,,2,turgay_guler,
https://www.youtube.com/watch?v=AD2rkpcSbq0,Hadi Özışık,,,2,hadi_ozisik,
https://www.youtube.com/watch?v=JDl-c6yW_fo,Hadi Özışık,,,2,hadi_ozisik,
https://www.youtube.com/watch?v=iPG4OBp5F1M,Turgay Güler,,,2,turgay_guler,
https://www.youtube.com/watch?v=TiOe7ulGHfg,Turgay Güler,,,2,turgay_guler,
https://www.youtube.com/watch?v=vWZRpwMxYaU,Turgay Güler,,,2,turgay_guler,
https://www.youtube.com/watch?v=Ly5HfXw8exM,Hadi Özışık,,,2,hadi_ozisik,
https://www.youtube.com/watch?v=VQ8t4H3R4fU,Hadi Özışık,,,2,hadi_ozisik,
https://www.youtube.com/watch?v=Kafkbw-aMMk,Turgay Güler,,,2,turgay_guler,
https://www.youtube.com/watch?v=SX_dDeouID4,Hadi Özışık,,,2,hadi_ozisik,
https://www.youtube.com/watch?v=saUTNsraKL0,Turgay Güler,,,2,turgay_guler,
https://www.youtube.com/watch?v=T1ef_pbZ2ic,Turgay Güler,,,2,turgay_guler,
https://www.youtube.com/watch?v=ZIKNww4Qbfo,Hadi Özışık,,,2,hadi_ozisik,
https://www.youtube.com/watch?v=nVuPnrMXMf8,Turgay Güler,,,2,turgay_guler,
https://www.youtube.com/watch?v=5gZU-sXVaEE,Turgay Güler,,,2,turgay_guler,
https://www.youtube.com/watch?v=L1IpkKolifg,Hadi Özışık,,,2,hadi_ozisik,
https://www.youtube.com/watch?v=8CHK1abfE2w,Turgay Güler,,,2,turgay_guler,
https://www.youtube.com/watch?v=xTZlEZyrof4,Hadi Özışık,,,2,hadi_ozisik,
https://www.youtube.com/watch?v=tmRjCfcYGVg,Turgay Güler,,,2,turgay_guler,
https://www.youtube.com/watch?v=_zkpv6WL9Yw,Hadi Özışık,,,2,hadi_ozisik,
https://www.youtube.com/watch?v=ZkNuqv0mlyY,Turgay Güler,,,2,turgay_guler,
https://www.youtube.com/watch?v=7StkYEDDNK0,Turgay Güler,,,2,turgay_guler,
https://www.youtube.com/watch?v=7_QF16KImIA,Hadi Özışık,,,2,hadi_ozisik,
https://www.youtube.com/watch?v=ZrHkXkTuqp0,Turgay Güler,,,2,turgay_guler,
https://www.youtube.com/watch?v=8S3aI7Md7r4,Hadi Özışık,,,2,hadi_ozisik,
https://www.youtube.com/watch?v=nKWv5DHxLmE,Hadi Özışık,,,2,hadi_ozisik,
https://www.youtube.com/watch?v=M-DxP88xhX8,Turgay Güler,,,2,turgay_guler,
https://www.youtube.com/watch?v=ODAm5431n9M,Hadi Özışık,,,2,hadi_ozisik,
https://www.youtube.com/watch?v=V1t_GmpgG-I,Turgay Güler,,,2,turgay_guler,
https://www.youtube.com/watch?v=I_1D_s8WUvk,Hadi Özışık,,,2,hadi_ozisik,
https://www.youtube.com/watch?v=8XxwroN-ROM,Turgay Güler,,,2,turgay_guler,
https://www.youtube.com/watch?v=L4LR2Qx_ofs,Hadi Özışık,,,2,hadi_ozisik,
https://www.youtube.com/watch?v=-L7r5E6xcUY,Turgay Güler,,,2,turgay_guler,
https://www.youtube.com/watch?v=MOfSvxfpde8,Hadi Özışık,,,2,hadi_ozisik,
https://www.youtube.com/watch?v=Sk9zhoZZeCc,Turgay Güler,,,2,turgay_guler,
https://www.youtube.com/watch?v=zzm3-H1B5L0,Hadi Özışık,,,2,hadi_ozisik,
https://www.youtube.com/watch?v=2hGL65YT5kY,Hadi Özışık,,,2,hadi_ozisik,
https://www.youtube.com/watch?v=cxTTFbo7qr4,Turgay Güler,,,2,turgay_guler,
https://www.youtube.com/watch?v=rpTnk9-9WnU,Hadi Özışık,,,2,hadi_ozisik,
https://www.youtube.com/watch?v=z8UCD-hj99U,Turgay Güler,,,2,turgay_guler,
https://www.youtube.com/watch?v=JbFvjaa9jhc,Hadi Özışık,,,2,hadi_ozisik,
https://www.youtube.com/watch?v=Cv0ZpWRYKIw,Turgay Güler,,,2,turgay_guler,
https://www.youtube.com/watch?v=Bp2jJaguDhw,Hadi Özışık,,,2,hadi_ozisik,
https://www.youtube.com/watch?v=ACc9cVB0Z8I,Turgay Güler,,,2,turgay_guler,
https://www.youtube.com/watch?v=r4ReIfveQCE,Hadi Özışık,,,2,hadi_ozisik,
https://www.youtube.com/watch?v=FL9pjqaYAp4,Hadi Özışık,,,2,hadi_ozisik,
https://www.youtube.com/watch?v=Glz1GEAsMKM,Turgay Güler,,,2,turgay_guler,
https://www.youtube.com/watch?v=ZRfCTdoY6E4,Hadi Özışık,,,2,hadi_ozisik,
https://www.youtube.com/watch?v=8gbihE3-5UA,Turgay Güler,,,2,turgay_guler,
https://www.youtube.com/watch?v=7YzcNyEJY3E,Hadi Özışık,,,2,hadi_ozisik,
https://www.youtube.com/watch?v=j9lINUHlV_M,Turgay Güler,,,2,turgay_guler,
https://www.youtube.com/watch?v=VC2vnPzDC10,Hadi Özışık,,,2,hadi_ozisik,
https://www.youtube.com/watch?v=rIendeMGWE0,Turgay Güler,,,2,turgay_guler,
https://www.youtube.com/watch?v=bge3EOKCdPk,Turgay Güler,,,2,turgay_guler,
https://www.youtube.com/watch?v=jww6cFkFxNg,Hadi Özışık,,,2,hadi_ozisik,
https://www.youtube.com/watch?v=As3ZSx_QQN8,Turgay Güler,,,2,turgay_guler,
https://www.youtube.com/watch?v=j2W1EulN0hU,Hadi Özışık,,,2,hadi_ozisik,
https://www.youtube.com/watch?v=Z7BN3a_Lo8o,Turgay Güler,,,2,turgay_guler,
https://www.youtube.com/watch?v=V9Vr6s1YzC8,Hadi Özışık,,,2,hadi_ozisik,
https://www.youtube.com/watch?v=REjYMPsV4Ys,Hadi Özışık,,,2,hadi_ozisik,
https://www.youtube.com/watch?v=4R5tonvtouY,Turgay Güler,,,2,turgay_guler,
https://www.youtube.com/watch?v=JzUmrzwxQs4,Hadi Özışık,,,2,hadi_ozisik,
https://www.youtube.com/watch?v=qqc68BUPRhA,Hadi Özışık,,,2,hadi_ozisik,
https://www.youtube.com/watch?v=pre8u8--lR4,Turgay Güler,,,2,turgay_guler,
https://www.youtube.com/watch?v=9fZqX8s2U3Y,Hadi Özışık,,,2,hadi_ozisik,
https://www.youtube.com/watch?v=fHKCKesbj6s,Hadi Özışık,,,2,hadi_ozisik,
https://www.youtube.com/watch?v=a-4H1uisdbc,Turgay Güler,,,2,turgay_guler,
https://www.youtube.com/watch?v=mJarHn6FO5Q,Hadi Özışık,,,2,hadi_ozisik,
https://www.youtube.com/watch?v=qRlGhr41knM,Hadi Özışık,,,2,hadi_ozisik,
https://www.youtube.com/watch?v=5A2iLXkU7P4,Turgay Güler,,,2,turgay_guler,
https://www.youtube.com/watch?v=mLSXb-iWHy8,Turgay Güler,,,2,turgay_guler,
https://www.youtube.com/watch?v=epetj5z9MF4,Hadi Özışık,,,2,hadi_ozisik,
https://www.youtube.com/watch?v=bwAk74l8aXw,Turgay Güler,,,2,turgay_guler,
https://www.youtube.com/watch?v=_eQ8XquMUNA,Hadi Özışık,,,2,hadi_ozisik,
https://www.youtube.com/watch?v=0aQ6ANnRNpw,Hadi Özışık,,,2,hadi_ozisik,
https://www.youtube.com/watch?v=aDPom1vNlDA,Turgay Güler,,,2,turgay_guler,
https://www.youtube.com/watch?v=UN_oYT-YS1A,Hadi Özışık,,,2,hadi_ozisik,
https://www.youtube.com/watch?v=F7cpy3yHBYc,Hadi Özışık,,,2,hadi_ozisik,
https://www.youtube.com/watch?v=K_BMacg4Mz0,Turgay Güler,,,2,turgay_guler,
https://www.youtube.com/watch?v=7kwvBOIuiOw,Hadi Özışık,,,2,hadi_ozisik,
https://www.youtube.com/watch?v=zp6w8uGg3dI,Turgay Güler,,,2,turgay_guler,
https://www.youtube.com/watch?v=l6Wk0iCzP8o,Hadi Özışık,,,2,hadi_ozisik,
https://www.youtube.com/watch?v=0nvzdHs6pZ8,Turgay Güler,,,2,turgay_guler,
https://www.youtube.com/watch?v=xYxlJecbqWw,Hadi Özışık,,,2,hadi_ozisik,
https://www.youtube.com/watch?v=M1NCRolEUUA,Turgay Güler,,,2,turgay_guler,
https://www.youtube.com/watch?v=kEk4yuYUBsk,Hadi Özışık,,,2,hadi_ozisik,
https://www.youtube.com/watch?v=dEiD2rGrWls,Hadi Özışık,,,2,hadi_ozisik,
https://www.youtube.com/watch?v=VXvIk3yAYUg,Turgay Güler,,,2,turgay_guler,
https://www.youtube.com/watch?v=9566CbDbk54,Hadi Özışık,,,2,hadi_ozisik,
https://www.youtube.com/watch?v=AEiPvjrxnMg,Hadi Özışık,,,2,hadi_ozisik,
https://www.youtube.com/watch?v=xhaUPh9CnlU,Hadi Özışık,,,2,hadi_ozisik,
https://www.youtube.com/watch?v=tR-xSUVYW5A,Turgay Güler,,,2,turgay_guler,
https://www.youtube.com/watch?v=x7hEUQtazO8,Turgay Güler,,,2,turgay_guler,
https://www.youtube.com/watch?v=otiIbX1cv5Y,Hadi Özışık,,,2,hadi_ozisik,
https://www.youtube.com/watch?v=ePnj2IuCoSM,Turgay Güler,,,2,turgay_guler,
https://www.youtube.com/watch?v=988IImvggO0,Hadi Özışık,,,2,hadi_ozisik,
https://www.youtube.com/watch?v=NVZEKpJXZb0,Turgay Güler,,,2,turgay_guler,
https://www.youtube.com/watch?v=nZvRWS_Elmo,Hadi Özışık,,,2,hadi_ozisik,
https://www.youtube.com/watch?v=9boAAlw1y7o,Turgay Güler,,,2,turgay_guler,
https://www.youtube.com/watch?v=TjgjQGGfVhs,Hadi Özışık,,,2,hadi_ozisik,
https://www.youtube.com/watch?v=zRG7V2hVslM,Turgay Güler,,,2,turgay_guler,
https://www.youtube.com/watch?v=JQuTfOFlBfM,Turgay Güler,,,2,turgay_guler,
https://www.youtube.com/watch?v=dApDKmaDh0I,Hadi Özışık,,,2,hadi_ozisik,
https://www.youtube.com/watch?v=BIHm_2keRtM,Turgay Güler,,,2,turgay_guler,
https://www.youtube.com/watch?v=Wq0sV-BsXfs,Hadi Özışık,,,2,hadi_ozisik,
https://www.youtube.com/watch?v=dqwQVN0uhVA,Turgay Güler,,,2,turgay_guler,
https://www.youtube.com/watch?v=vGRAGjmo99I,Turgay Güler,,,2,turgay_guler,
https://www.youtube.com/watch?v=0_v_3KDGJxo,Hadi Özışık,,,2,hadi_ozisik,
https://www.youtube.com/watch?v=KFdfoVt_T7A,Hadi Özışık,,,2,hadi_ozisik,
https://www.youtube.com/watch?v=P7yywKlJo1s,Turgay Güler,,,2,turgay_guler,
https://www.youtube.com/watch?v=74tPRHAPTm0,Hadi Özışık,,,2,hadi_ozisik,
https://www.youtube.com/watch?v=_fPo3ooUjmA,Turgay Güler,,,2,turgay_guler,
https://www.youtube.com/watch?v=-P801faKCr4,Hadi Özışık,,,2,hadi_ozisik,
https://www.youtube.com/watch?v=4jxHul98H0E,Hadi Özışık,,,2,hadi_ozisik,
https://www.youtube.com/watch?v=cyKDGdZ4eH4,Turgay Güler,,,2,turgay_guler,
https://www.youtube.com/watch?v=NLx-m68KtAY,Hadi Özışık,,,2,hadi_ozisik,
https://www.youtube.com/watch?v=MK4l6UmB4Po,Turgay Güler,,,2,turgay_guler,
https://www.youtube.com/watch?v=f_Yfw7ua0-E,Hadi Özışık,,,2,hadi_ozisik,
https://www.youtube.com/watch?v=wIqoUS0nuDU,Turgay Güler,,,2,turgay_guler,
https://www.youtube.com/watch?v=Ff_0Aw1LtOg,Turgay Güler,,,2,turgay_guler,
https://www.youtube.com/watch?v=dM_suUw46w0,Turgay Güler,,,2,turgay_guler,
https://www.youtube.com/watch?v=9nsb__hArmU,Turgay Güler,,,2,turgay_guler,
https://www.youtube.com/watch?v=Y4AUu-pzoK4,Turgay Güler,,,2,turgay_guler,
https://www.youtube.com/watch?v=NWiUlck6ppg,Turgay Güler,,,2,turgay_guler,
https://www.youtube.com/watch?v=FrpIY8Z-NUQ,Turgay Güler,,,2,turgay_guler,
https://www.youtube.com/watch?v=jJEPCltaZP4,Turgay Güler,,,2,turgay_guler,
https://www.youtube.com/watch?v=Iu_l8zqFml0,Turgay Güler,,,2,turgay_guler,
https://www.youtube.com/watch?v=bKi_bth5vsM,Turgay Güler,,,2,turgay_guler,
https://www.youtube.com/watch?v=emnxk2enrKI,Turgay Güler,,,2,turgay_guler,
https://www.youtube.com/watch?v=wYG3oXMNodk,Turgay Güler,,,2,turgay_guler,
https://www.youtube.com/watch?v=sdW7azL2dw0,Turgay Güler,,,2,turgay_guler,
https://www.youtube.com/watch?v=jqMD3VxvI04,Turgay Güler,,,2,turgay_guler,
https://www.youtube.com/watch?v=Y_eXdr4zy6g,Turgay Güler,,,2,turgay_guler,
https://www.youtube.com/watch?v=MsGM5oM99e8,Turgay Güler,,,2,turgay_guler,
https://www.youtube.com/watch?v=IWzzmT8aKCU,Turgay Güler,,,2,turgay_guler,
https://www.youtube.com/watch?v=BfbBvGTuYk8,Turgay Güler,,,2,turgay_guler,
https://www.youtube.com/watch?v=pnTD4Ls8BV4,Turgay Güler,,,2,turgay_guler,
https://www.youtube.com/watch?v=8y6LVu1btxI,Turgay Güler,,,2,turgay_guler,
https://www.youtube.com/watch?v=jVenVLN_RD4,Turgay Güler,,,2,turgay_guler,
https://www.youtube.com/watch?v=2oG5EMVm3lA,Turgay Güler,,,2,turgay_guler,
https://www.youtube.com/watch?v=_AlBhYvsK2Y,Turgay Güler,,,2,turgay_guler,
https://www.youtube.com/watch?v=jJmBIcPADbo,Turgay Güler,,,2,turgay_guler,
https://www.youtube.com/watch?v=g-i4EOHwuVg,Turgay Güler,,,2,turgay_guler,
https://www.youtube.com/watch?v=_DgZe_ww_LQ,Turgay Güler,,,2,turgay_guler,
https://www.youtube.com/watch?v=8zxyRac6Pa8,Turgay Güler,,,2,turgay_guler,
https://www.youtube.com/watch?v=JrYh3u6Uwik,Turgay Güler,,,2,turgay_guler,
https://www.youtube.com/watch?v=tygT4CbtxOA,Turgay Güler,,,2,turgay_guler,
https://www.youtube.com/watch?v=0nm_9505xhY,Turgay Güler,,,2,turgay_guler,
https://www.youtube.com/watch?v=MBHMwbCc7B8,Turgay Güler,,,2,turgay_guler,
https://www.youtube.com/watch?v=A-9xeEY1Ty4,Turgay Güler,,,2,turgay_guler,
https://www.youtube.com/watch?v=nR2P02tYbU4,Turgay Güler,,,2,turgay_guler,
https://www.youtube.com/watch?v=O9vWRPzkzcA,Turgay Güler,,,2,turgay_guler,
https://www.youtube.com/watch?v=btcc_m70Y2k,Turgay Güler,,,2,turgay_guler,
